1
0.00 20.029243
0.02 20.029243
0.04 20.029243
0.06 20.029243
0.08 20.029243
0.10 20.029582
0.12 20.029582
0.14 20.029934
0.16 20.029700
0.18 20.029908
0.20 20.029739
0.22 20.029830
0.24 20.029139
0.26 20.029022
0.28 20.028852
0.30 20.028670
0.32 20.027457
0.34 20.026857
0.36 20.026023
0.38 20.025684
0.40 20.025697
0.42 20.025775
0.44 20.025279
0.46 20.024862
0.48 20.024536
0.50 20.024693
0.52 20.024315
0.54 20.023950
0.56 20.023689
0.58 20.023780
0.60 20.023441
0.62 20.023141
0.64 20.021942
0.66 20.021381
0.68 20.021550
0.70 20.021381
0.72 20.022281
0.74 20.022281
0.76 20.021915
0.78 20.021576
0.80 20.021407
0.82 20.020716
0.84 20.020964
0.86 20.021081
0.88 20.020742
0.90 20.020077
0.92 20.020012
0.94 20.019816
0.96 20.019477
0.98 20.019595
1.00 20.019582
1.02 20.020312
1.04 20.019464
1.06 20.019347
1.08 20.019555
1.10 20.019060
1.12 20.017287
1.14 20.017117
1.16 20.017026
1.18 20.016674
1.20 20.016843
1.22 20.015774
1.24 20.015774
1.26 20.015774
1.28 20.017652
1.30 20.017652
1.32 20.017652
1.34 20.017652
1.36 20.017847
1.38 20.017847
1.40 20.016504
1.42 20.016504
1.44 20.016961
1.46 20.016961
1.48 20.016961
1.50 20.016961
1.52 20.016961
1.54 20.016961
1.56 20.016100
1.58 20.144349
1.60 20.171391
1.62 20.171391
1.64 20.426037
1.66 20.425372
1.68 20.425503
1.70 21.001318
1.72 21.120388
1.74 21.120505
1.76 21.120505
1.78 21.120401
1.80 21.240213
1.82 21.239822
1.84 21.290425
1.86 21.290843
1.88 21.291012
1.90 21.397330
1.92 21.397278
1.94 21.463384
1.96 21.551434
1.98 21.558058
2.00 21.682565
2.02 21.961176
2.04 22.368714
2.06 22.368714
2.08 22.394374
2.10 22.499635
2.12 22.601898
2.14 22.663401
2.16 22.712714
2.18 22.713627
2.20 22.840063
2.22 22.946563
2.24 22.946563
2.26 23.003177
2.28 23.003008
2.30 23.093927
2.32 23.181612
2.34 23.181612
2.36 23.297930
2.38 23.297826
2.40 23.368952
2.42 23.833534
2.44 23.953569
2.46 24.021826
2.48 24.021409
2.50 24.078506
2.52 24.327727
2.54 24.372450
2.56 24.372450
2.58 24.372620
2.60 24.388501
2.62 24.493489
2.64 24.473904
2.66 24.530571
2.68 24.530101
2.70 24.255310
2.72 24.109186
2.74 24.124284
2.76 24.215242
2.78 24.266015
2.80 24.253472
2.82 24.312316
2.84 24.611358
2.86 24.697362
2.88 25.182767
2.90 25.379156
2.92 25.925452
2.94 27.085623
2.96 27.404432
2.98 27.851647
3.00 28.249523
3.02 28.968191
3.04 29.998379
3.06 30.145951
3.08 30.432399
3.10 30.751104
3.12 31.717142
3.14 33.057430
3.16 33.464225
3.18 34.045086
3.20 34.573832
3.22 35.469356
3.24 36.601338
3.26 37.069493
3.28 37.544323
3.30 37.903344
3.32 38.722058
3.34 40.167842
3.36 40.583568
3.38 40.953476
3.40 41.457031
3.42 42.206940
3.44 43.444691
3.46 43.796619
3.48 44.308545
3.50 44.728678
3.52 45.389519
3.54 46.788468
3.56 47.301085
3.58 47.880304
3.60 48.783795
3.62 50.149678
3.64 50.734151
3.66 51.129198
3.68 51.627928
3.70 52.398281
3.72 52.736284
3.74 53.935011
3.76 54.612437
3.78 55.050381
3.80 55.929255
3.82 56.614987
3.84 57.185183
3.86 57.272790
3.88 57.586866
3.90 57.726054
3.92 58.307411
3.94 58.666302
3.96 58.778878
3.98 58.818503
4.00 58.913307
4.02 59.096436
4.04 59.293659
4.06 59.339816
4.08 59.401150
4.10 59.434321
4.12 59.429340
4.14 59.387303
4.16 59.414515
4.18 59.398986
4.20 59.351160
4.22 59.414280
4.24 59.457086
4.26 59.457086
4.28 59.414046
4.30 59.473763
4.32 59.615168
4.34 59.547366
4.36 59.547366
4.38 59.668861
4.40 59.668861
4.42 59.566951
4.44 59.658887
4.46 59.658887
4.48 59.602077
4.50 59.602077
4.52 59.733598
4.54 59.702566
4.56 59.702566
4.58 59.740052
4.60 59.740052
4.62 59.649694
4.64 59.639928
4.66 59.639928
4.68 59.541525
4.70 59.541525
4.72 59.693713
4.74 59.694065
4.76 59.694065
4.78 59.700389
4.80 59.700389
4.82 59.591894
4.84 59.456800
4.86 59.456800
4.88 59.420917
4.90 59.420917
4.92 59.410916
4.94 59.478822
4.96 59.478822
4.98 59.433082
5.00 59.433082
5.02 59.426967
5.04 59.339764
5.06 59.339764
5.08 59.417240
5.10 59.417240
5.12 59.465210
5.14 59.614177
5.16 59.614177
5.18 59.567837
5.20 59.567837
5.22 59.635313
5.24 59.597618
5.26 59.597618
5.28 59.663046
5.30 59.663046
5.32 59.539543
5.34 59.622665
5.36 59.622665
5.38 59.545502
5.40 59.545502
5.42 59.663202
5.44 59.603433
5.46 59.603433
5.48 59.722176
5.50 59.722176
5.52 59.593445
5.54 59.691666
5.56 59.691666
5.58 59.680387
5.60 59.680387
5.62 59.799874
5.64 59.753600
5.66 59.753600
5.68 59.778126
5.70 59.778126
5.72 59.638012
5.74 59.651337
5.76 59.651337
5.78 59.690988
5.80 59.690988
5.82 59.687728
5.84 59.687728
5.86 59.689762
5.88 59.744108
5.90 59.744108
5.92 59.617567
5.94 59.606223
5.96 59.691131
5.98 59.691131
6.00 59.691131
6.02 59.649759
6.04 59.640306
6.06 59.640124
6.08 59.640124
6.10 59.696373
6.12 59.710572
6.14 59.661012
6.16 59.692944
6.18 59.692944
6.20 59.525800
6.22 59.246055
6.24 59.048623
6.26 58.031225
6.28 58.031225
6.30 57.188064
6.32 56.283282
6.34 55.835207
6.36 54.411954
6.38 54.411954
6.40 53.295736
6.42 52.259993
6.44 51.749997
6.46 50.320211
6.48 50.320211
6.50 49.467675
6.52 48.331313
6.54 47.858359
6.56 46.297248
6.58 46.297248
6.60 45.284505
6.62 44.444526
6.64 43.881162
6.66 42.484403
6.68 42.484403
6.70 41.534729
6.72 40.451564
6.74 39.997700
6.76 38.609377
6.78 38.609377
6.80 37.653327
6.82 36.754882
6.84 36.297588
6.86 34.859966
6.88 34.859966
6.90 33.869363
6.92 32.891225
6.94 32.220436
6.96 30.762435
6.98 30.762435
7.00 29.965874
7.02 29.026226
7.04 28.618115
7.06 27.090291
7.08 27.090291
7.10 26.150878
7.12 25.142686
7.14 24.673749
7.16 23.083900
7.18 23.083900
7.20 22.119283
7.22 21.302108
7.24 21.025088
7.26 20.433900
7.28 20.433900
7.30 20.308089
7.32 20.251788
7.34 20.244095
7.36 20.227001
7.38 20.227001
7.40 20.222686
7.42 20.218930
7.44 20.216753
7.46 20.209621
7.48 20.209621
7.50 20.206283
7.52 20.203284
7.54 20.201380
7.56 20.196269
7.58 20.196269
7.60 20.193661
7.62 20.191445
7.64 20.190206
7.66 20.186959
7.68 20.186959
7.70 20.184326
7.72 20.182187
7.74 20.181353
7.76 20.177702
7.78 20.177702
7.80 20.176476
7.82 20.174729
7.84 20.173921
7.86 20.170009
7.88 20.170009
7.90 20.167949
7.92 20.166515
7.94 20.165524
7.96 20.163151
7.98 20.163151
8.00 20.161730
8.02 20.160413
8.04 20.160021
8.06 20.157010
8.08 20.157010
8.10 20.156084
8.12 20.155301
8.14 20.154793
8.16 20.153215
8.18 20.153215
8.20 20.152576
8.22 20.152016
8.24 20.151455
8.26 20.151455
8.28 20.151116
8.30 20.150269
8.32 20.149721
8.34 20.147517
8.36 20.147517
8.38 20.150125
8.40 20.155849
8.42 20.159839
8.44 20.170700
8.46 20.170700
8.48 20.175212
8.50 20.175746
8.52 20.175616
8.54 20.174886
8.56 20.174886
8.58 20.172721
8.60 20.171861
8.62 20.170557
8.64 20.167766
8.66 20.167766
8.68 20.165772
8.70 20.163881
8.72 20.163033
8.74 20.161234
8.76 20.161234
8.78 20.160126
8.80 20.158066
8.82 20.157296
8.84 20.156084
8.86 20.156084
8.88 20.154519
8.90 20.152511
8.92 20.151820
8.94 20.149551
8.96 20.149551
8.98 20.147609
9.00 20.145848
9.02 20.145092
9.04 20.143593
9.06 20.143593
9.08 20.141832
9.10 20.140124
9.12 20.138834
9.14 20.137099
9.16 20.137099
9.18 20.135118
9.20 20.133201
9.22 20.132588
9.24 20.130045
9.26 20.130045
9.28 20.128324
9.30 20.126525
9.32 20.125938
9.34 20.123370
9.36 20.123370
9.38 20.118989
9.40 20.116772
9.42 20.106393
9.44 20.092390
9.46 20.092390
9.48 20.083980
9.50 20.080264
9.52 20.080068
9.54 20.078125
9.56 20.078125
9.58 20.077643
9.60 20.077565
9.62 20.077278
9.64 20.076782
9.66 20.076782
9.68 20.075726
9.70 20.075557
9.72 20.075009
9.74 20.073444
9.76 20.073444
9.78 20.072740
9.80 20.072388
9.82 20.072245
9.84 20.072128
9.86 20.072128
9.88 20.071997
9.90 20.071906
9.92 20.071880
9.94 20.070615
9.96 20.070615
9.98 20.070446
10.00 20.069754
10.02 20.069507
10.04 20.068737
10.06 20.068737
10.08 20.068581
10.10 20.068581
10.12 20.067903
10.14 20.067460
10.16 20.067460
10.18 20.066873
10.20 20.066690
10.22 20.066495
10.24 20.066508
10.26 20.066169
10.28 20.066169
10.30 20.066182
10.32 20.065986
10.34 20.065999
10.36 20.065999
10.38 20.066325
10.40 20.066351
10.42 20.067082
10.44 20.067082
10.46 20.067564
10.48 20.067551
10.50 20.067864
10.52 20.068125
10.54 20.068125
10.56 20.068529
10.58 20.068542
10.60 20.068242
10.62 20.068242
10.64 20.068242
10.66 20.068072
10.68 20.068151
10.70 20.068268
10.72 20.068933
10.74 20.068933
10.76 20.069272
10.78 20.069363
10.80 20.069598
10.82 20.068581
10.84 20.068581
10.86 20.068751
10.88 20.069402
10.90 20.069389
10.92 20.069768
10.94 20.069768
10.96 20.069494
10.98 20.069898
11.00 20.070028
11.02 20.071006
11.04 20.071006
11.06 20.071280
11.08 20.071397
11.10 20.071410
11.12 20.070432
11.14 20.070432
11.16 20.070093
11.18 20.070250
11.20 20.069885
11.22 20.070302
11.24 20.070302
11.26 20.070289
11.28 20.070798
11.30 20.071176
11.32 20.071241
11.34 20.071241
11.36 20.070941
11.38 20.070941
11.40 20.070563
11.42 20.070028
11.44 20.070028
11.46 20.069037
11.48 20.069037
11.50 20.068359
11.52 20.067916
11.54 20.067916
11.56 20.067655
11.58 20.067121
11.60 20.066065
11.62 20.065778
11.64 20.065778
11.66 20.065778
11.68 20.065869
11.70 20.065726
11.72 20.064865
11.74 20.064865
11.76 20.065113
11.78 20.065100
11.80 20.064891
11.82 20.065426
11.84 20.065426
11.86 20.065008
11.88 20.064317
11.90 20.064161
11.92 20.063118
11.94 20.063118
11.96 20.062935
11.98 20.063548
12.00 20.063548
12.02 20.063339
12.04 20.063079
12.06 20.062857
12.08 20.063000
12.10 20.062635
12.12 20.063300
12.14 20.063300
12.16 20.063379
12.18 20.063040
12.20 20.062674
12.22 20.061358
12.24 20.061358
12.26 20.061540
12.28 20.061032
12.30 20.060992
12.32 20.061123
12.34 20.061123
12.36 20.061162
12.38 20.061240
12.40 20.082233
12.42 20.148182
12.44 20.148182
12.46 20.335131
12.48 20.653667
12.50 20.683265
12.52 20.954757
12.54 20.954757
12.56 21.098443
12.58 21.117245
12.60 21.169948
12.62 21.170117
12.64 21.170287
12.66 21.170287
12.68 21.213562
12.70 21.319045
12.72 21.319045
12.74 21.469968
12.76 21.498823
12.78 21.630045
12.80 22.053398
12.82 22.053398
12.84 22.143783
12.86 22.530237
12.88 22.755403
12.90 22.807779
12.92 22.807779
12.94 22.853949
12.96 22.900771
12.98 22.944555
13.00 23.058892
13.02 23.058892
13.04 23.132717
13.06 23.207207
13.08 23.622099
13.10 23.723748
13.12 23.723748
13.14 23.793375
13.16 23.894438
13.18 24.083199
13.20 24.155538
13.22 24.155538
13.24 24.227773
13.26 24.292145
13.28 24.406220
13.30 24.502329
13.32 24.502329
13.34 24.546543
13.36 24.602153
13.38 24.699370
13.40 24.811033
13.42 24.811033
13.44 24.847072
13.46 25.102031
13.48 24.956663
13.50 24.843734
13.52 24.843734
13.54 24.712539
13.56 24.796000
13.58 24.796000
13.60 24.843995
13.62 24.843995
13.64 24.843122
13.66 24.949765
13.68 25.021139
13.70 25.057739
13.72 25.057739
13.74 25.065445
13.76 25.092278
13.78 25.070699
13.80 24.846381
13.82 24.846381
13.84 24.814163
13.86 24.560038
13.88 24.672367
13.90 24.892760
13.92 24.892760
13.94 25.132633
13.96 25.756587
13.98 26.579604
14.00 27.536293
14.02 28.009063
14.04 28.342841
14.06 29.125790
14.08 29.708490
14.10 30.548743
14.12 30.912980
14.14 31.311143
14.16 32.109125
14.18 32.765806
14.20 33.563567
14.22 34.047198
14.24 34.480057
14.26 35.486046
14.28 36.448277
14.30 37.553177
14.32 37.944195
14.34 38.383964
14.36 39.169233
14.38 39.994466
14.40 40.849558
14.42 41.303227
14.44 41.739163
14.46 42.569233
14.48 43.420491
14.50 44.280616
14.52 44.750218
14.54 45.134469
14.56 45.864480
14.58 46.744410
14.60 47.654890
14.62 48.077084
14.64 48.518249
14.66 49.396718
14.68 50.157332
14.70 51.107306
14.72 51.577364
14.74 52.349399
14.76 52.695825
14.78 53.666544
14.80 54.566319
14.82 54.975330
14.84 55.424409
14.86 57.026371
14.88 57.209343
14.90 57.473051
14.92 57.638200
14.94 57.919040
14.96 58.118076
14.98 58.497920
15.00 58.538979
15.02 58.561340
15.04 58.638699
15.06 58.730961
15.08 58.770416
15.10 58.778422
15.12 58.823197
15.14 58.939124
15.16 58.979100
15.18 59.080307
15.20 59.097753
15.22 59.129671
15.24 59.097127
15.26 59.005047
15.28 58.943179
15.30 58.910178
15.32 58.829390
15.34 58.893449
15.36 58.883279
15.38 58.763753
15.40 58.740401
15.42 58.747885
15.44 58.720973
15.46 58.662899
15.48 58.554025
15.50 58.626560
15.52 58.639481
15.54 58.608801
15.56 58.726189
15.58 58.923777
15.60 58.888064
15.62 58.838230
15.64 58.900268
15.66 58.839391
15.68 58.707400
15.70 58.686342
15.72 58.731574
15.74 58.674321
15.76 58.606571
15.78 58.664281
15.80 58.639129
15.82 58.646926
15.84 58.707282
15.86 58.724376
15.88 58.753948
15.90 58.786545
15.92 58.817499
15.94 58.790900
15.96 58.850395
15.98 58.958930
16.00 59.029834
16.02 59.037305
16.04 59.005478
16.06 59.125747
16.08 59.152059
16.10 59.127690
16.12 59.178097
16.14 59.209051
16.16 59.187302
16.18 59.175594
16.20 59.226014
16.22 59.185125
16.24 59.146452
16.26 59.172921
16.28 59.380119
16.30 59.325956
16.32 59.347496
16.34 59.372778
16.36 59.412194
16.38 59.388033
16.40 59.429510
16.42 59.449915
16.44 59.478483
16.46 59.628871
16.48 59.894001
16.50 59.916062
16.52 59.930079
16.54 59.958386
16.56 59.943391
16.58 59.773614
16.60 59.783537
16.62 59.811518
16.64 59.786196
16.66 59.810774
16.68 59.869071
16.70 59.870088
16.72 59.868771
16.74 59.914810
16.76 59.985754
16.78 60.022797
16.80 59.950015
16.82 59.947394
16.84 59.918383
16.86 59.852720
16.88 59.862095
16.90 59.884039
16.92 59.878276
16.94 59.915423
16.96 59.915423
16.98 59.842498
17.00 59.733416
17.02 59.744473
17.04 59.747250
17.06 59.771958
17.08 59.770889
17.10 59.746468
17.12 59.726740
17.14 59.726740
17.16 59.739335
17.18 59.721616
17.20 59.650359
17.22 59.565034
17.24 59.553025
17.26 59.154406
17.28 58.880828
17.30 58.684426
17.32 58.452728
17.34 58.071698
17.36 56.732009
17.38 55.754419
17.40 55.754419
17.42 54.692586
17.44 54.219880
17.46 52.706816
17.48 51.693917
17.50 51.693917
17.52 51.296393
17.54 50.352821
17.56 48.907767
17.58 47.969853
17.60 47.453247
17.62 47.453247
17.64 46.360251
17.66 44.829806
17.68 43.826060
17.70 43.826060
17.72 43.307615
17.74 42.370054
17.76 40.960817
17.78 40.077940
17.80 40.077940
17.82 39.650010
17.84 38.658572
17.86 37.346135
17.88 36.451549
17.90 36.451549
17.92 35.935229
17.94 34.964067
17.96 33.875244
17.98 32.329361
18.00 32.329361
18.02 31.879787
18.04 30.943738
18.06 29.940709
18.08 28.539935
18.10 28.539935
18.12 28.045050
18.14 27.027353
18.16 26.111371
18.18 24.624319
18.20 24.624319
18.22 24.190534
18.24 23.409307
18.26 22.560995
18.28 21.338225
18.30 21.338225
18.32 21.014578
18.34 20.547793
18.36 20.404132
18.38 20.280095
18.40 20.280095
18.42 20.274462
18.44 20.265818
18.46 20.261371
18.48 20.254070
18.50 20.254070
18.52 20.251710
18.54 20.248111
18.56 20.243782
18.58 20.236220
18.60 20.236220
18.62 20.234681
18.64 20.231878
18.66 20.228488
18.68 20.224302
18.70 20.224302
18.72 20.222451
18.74 20.220573
18.76 20.218265
18.78 20.215188
18.80 20.215188
18.82 20.214015
18.84 20.212046
18.86 20.210155
18.88 20.206022
18.90 20.206022
18.92 20.204470
18.94 20.202801
18.96 20.200924
18.98 20.199294
19.00 20.199294
19.02 20.198473
19.04 20.196308
19.06 20.194900
19.08 20.192488
19.10 20.192488
19.12 20.191653
19.14 20.190493
19.16 20.189202
19.18 20.186986
19.20 20.186986
19.22 20.186490
19.24 20.184965
19.26 20.183961
19.28 20.183113
19.30 20.183113
19.32 20.182748
19.34 20.182187
19.36 20.181457
19.38 20.181457
19.40 20.181118
19.42 20.180375
19.44 20.178771
19.46 20.179958
19.48 20.179958
19.50 20.182357
19.52 20.190336
19.54 20.195721
19.56 20.207313
19.58 20.207313
19.60 20.207391
19.62 20.206609
19.64 20.205474
19.66 20.201719
19.68 20.200885
19.70 20.200885
19.72 20.199659
19.74 20.197286
19.76 20.195200
19.78 20.194352
19.80 20.194352
19.82 20.192149
19.84 20.190506
19.86 20.188472
19.88 20.188472
19.90 20.186829
19.92 20.185968
19.94 20.184782
19.96 20.181092
19.98 20.181092
20.00 20.180140
20.02 20.178836
20.04 20.177793
20.06 20.176124
20.08 20.176124
20.10 20.175329
20.12 20.173556
20.14 20.172552
20.16 20.170583
20.18 20.170583
20.20 20.169383
20.22 20.168705
20.24 20.167727
20.26 20.164559
20.28 20.164559
20.30 20.163881
20.32 20.162082
20.34 20.160165
20.36 20.157023
20.38 20.157023
20.40 20.156488
20.42 20.154715
20.44 20.154050
20.46 20.149773
20.48 20.147491
20.50 20.147491
20.52 20.137191
20.54 20.130189
20.56 20.115077
20.58 20.115077
20.60 20.111583
20.62 20.110892
20.64 20.110513
20.66 20.110435
20.68 20.110435
20.70 20.109979
20.72 20.109301
20.74 20.109614
20.76 20.107919
20.78 20.107919
20.80 20.107293
20.82 20.107410
20.84 20.107410
20.86 20.106784
20.88 20.106784
20.90 20.106941
20.92 20.106667
20.94 20.106289
20.96 20.106106
20.98 20.106106
21.00 20.106198
21.02 20.106132
21.04 20.106080
21.06 20.105063
21.08 20.105063
21.10 20.105142
21.12 20.105194
21.14 20.104959
21.16 20.105037
21.18 20.105037
21.20 20.104776
21.22 20.104411
21.24 20.104072
21.26 20.103420
21.28 20.103277
21.30 20.103433
21.32 20.103042
21.34 20.103407
21.36 20.103603
21.38 20.103186
21.40 20.103186
21.42 20.103029
21.44 20.103016
21.46 20.103551
21.48 20.103551
21.50 20.102795
21.52 20.102912
21.54 20.103433
21.56 20.103433
21.58 20.103433
21.60 20.103838
21.62 20.104007
21.64 20.103812
21.66 20.103668
21.68 20.103668
21.70 20.103590
21.72 20.103316
21.74 20.103655
21.76 20.103655
21.78 20.103838
21.80 20.103838
21.82 20.103916
21.84 20.103786
21.86 20.103786
21.88 20.103786
21.90 20.103447
21.92 20.103016
21.94 20.102690
21.96 20.102690
21.98 20.102351
22.00 20.102025
22.02 20.102195
22.04 20.102938
22.06 20.102938
22.08 20.102703
22.10 20.102273
22.12 20.101856
22.14 20.100904
22.16 20.100904
22.18 20.100578
22.20 20.100304
22.22 20.099926
22.24 20.100408
22.26 20.100408
22.28 20.100578
22.30 20.099652
22.32 20.099457
22.34 20.100109
22.36 20.100109
22.38 20.100461
22.40 20.100017
22.42 20.099405
22.44 20.098348
22.46 20.098348
22.48 20.098296
22.50 20.098296
22.52 20.097514
22.54 20.097397
22.56 20.097397
22.58 20.097449
22.60 20.096510
22.62 20.095936
22.64 20.095571
22.66 20.095571
22.68 20.095728
22.70 20.095558
22.72 20.095102
22.74 20.094541
22.76 20.094541
22.78 20.094880
22.80 20.094958
22.82 20.094854
22.84 20.095010
22.86 20.095010
22.88 20.095010
22.90 20.094854
22.92 20.094450
22.94 20.093407
22.96 20.093407
22.98 20.093237
23.00 20.093237
23.02 20.093133
23.04 20.093472
23.06 20.093733
23.08 20.093980
23.10 20.093980
23.12 20.093263
23.14 20.093394
23.16 20.093159
23.18 20.092989
23.20 20.092924
23.22 20.093641
23.24 20.092585
23.26 20.092585
23.28 20.092585
23.30 20.092963
23.32 20.092911
23.34 20.092911
23.36 20.124504
23.38 20.124504
23.40 20.128729
23.42 20.128872
23.44 20.199555
23.46 20.495925
23.48 20.508768
23.50 20.524584
23.52 20.524858
23.54 20.900672
23.56 20.900672
23.58 20.900672
23.60 20.899981
23.62 20.899147
23.64 20.962345
23.66 21.020720
23.68 21.020720
23.70 21.020511
23.72 21.020824
23.74 21.020785
23.76 21.068780
23.78 21.069706
23.80 21.069980
23.82 21.546649
23.84 21.603120
23.86 21.603120
23.88 21.602820
23.90 21.602820
23.92 21.887676
23.94 22.012509
23.96 22.070688
23.98 22.097391
24.00 22.097391
24.02 22.242382
24.04 22.349325
24.06 22.436384
24.08 22.813855
24.10 22.813855
24.12 23.174062
24.14 23.335964
24.16 23.409294
24.18 23.478256
24.20 23.544427
24.22 23.594170
24.24 23.742263
24.26 23.742263
24.28 23.797091
24.30 23.797091
24.32 23.920242
24.34 24.048125
24.36 24.098872
24.38 24.154482
24.40 24.200561
24.42 24.248309
24.44 24.291441
24.46 24.105300
24.48 24.131091
24.50 24.131091
24.52 24.256745
24.54 24.064372
24.56 23.994628
24.58 24.321312
24.60 24.321312
24.62 24.505380
24.64 24.554875
24.66 24.576623
24.68 24.748474
24.70 24.748474
24.72 24.835768
24.74 24.890269
24.76 24.890934
24.78 25.014255
24.80 25.014255
24.82 25.129621
24.84 24.897636
24.86 24.896515
24.88 24.983066
24.90 24.983066
24.92 24.865131
24.94 24.814371
24.96 24.814019
24.98 24.916230
25.00 24.916230
25.02 24.861832
25.04 24.861936
25.06 24.840814
25.08 24.588984
25.10 24.588984
25.12 24.319878
25.14 24.294635
25.16 24.269210
25.18 24.300620
25.20 24.300620
25.22 24.296056
25.24 24.295326
25.26 24.351419
25.28 24.351419
25.30 24.350115
25.32 24.350558
25.34 24.350558
25.36 24.350728
25.38 24.423040
25.40 24.423040
25.42 24.422584
25.44 24.421267
25.46 24.421267
25.48 24.479368
25.50 24.479368
25.52 24.477972
25.54 24.478585
25.56 24.477946
25.58 24.321026
25.60 24.321026
25.62 24.564484
25.64 24.679042
25.66 24.818426
25.68 25.196562
25.70 25.196562
25.72 26.105269
25.74 26.723056
25.76 26.997377
25.78 27.683891
25.80 27.683891
25.82 29.005638
25.84 29.742703
25.86 30.890344
25.88 30.890344
25.90 30.890344
25.92 32.215560
25.94 33.039645
25.96 33.383098
25.98 34.295299
26.00 35.018934
26.02 36.111565
26.04 36.630479
26.06 36.982146
26.08 36.982146
26.10 38.092184
26.12 38.898172
26.14 39.335555
26.16 40.299533
26.18 40.299533
26.20 41.770573
26.22 42.609027
26.24 43.024584
26.26 43.772524
26.28 43.772524
26.30 45.113072
26.32 46.019497
26.34 46.420268
26.36 47.406907
26.38 47.406907
26.40 48.524116
26.42 49.365634
26.44 49.803305
26.46 50.570254
26.48 50.570254
26.50 51.985606
26.52 52.796314
26.54 53.158321
26.56 54.095217
26.58 54.095217
26.60 55.318235
26.62 56.149714
26.64 56.521877
26.66 57.014297
26.68 57.014297
26.70 57.503510
26.72 57.716979
26.74 57.885166
26.76 57.997585
26.78 57.997585
26.80 58.108362
26.82 58.420470
26.84 58.392763
26.86 58.573310
26.88 58.573310
26.90 58.741718
26.92 58.815764
26.94 58.912577
26.96 59.075274
26.98 59.075274
27.00 59.105419
27.02 59.108979
27.04 59.142371
27.06 59.178919
27.08 59.178919
27.10 59.310727
27.12 59.469838
27.14 59.503387
27.16 59.430566
27.18 59.430566
27.20 59.411151
27.22 59.303556
27.24 59.273606
27.26 59.343571
27.28 59.343571
27.30 59.312578
27.32 59.384722
27.34 59.470986
27.36 59.422612
27.38 59.422612
27.40 59.612756
27.42 59.609040
27.44 59.577564
27.46 59.683191
27.48 59.745138
27.50 59.651259
27.52 59.691718
27.54 59.766730
27.56 59.676228
27.58 59.692526
27.60 59.715501
27.62 59.785127
27.64 59.765348
27.66 59.793407
27.68 59.876151
27.70 59.861169
27.72 59.788387
27.74 59.801608
27.76 59.813995
27.78 59.754630
27.80 59.807397
27.82 59.837282
27.84 59.814843
27.86 59.760249
27.88 59.799991
27.90 59.788061
27.92 59.732568
27.94 59.727079
27.96 59.733311
27.98 59.721055
28.00 59.710442
28.02 59.785545
28.04 59.797905
28.06 59.838521
28.08 59.855732
28.10 59.836330
28.12 59.804229
28.14 59.791790
28.16 59.834518
28.18 59.843345
28.20 59.808571
28.22 59.808571
28.24 59.841389
28.26 59.796132
28.28 59.772754
28.30 59.851638
28.32 59.930157
28.34 59.925098
28.36 59.974228
28.38 59.989744
28.40 59.953261
28.42 59.908343
28.44 59.897560
28.46 59.901211
28.48 59.945777
28.50 60.049044
28.52 60.049044
28.54 59.972298
28.56 59.960772
28.58 59.970577
28.60 59.921291
28.62 59.871326
28.64 59.930926
28.66 59.945217
28.68 59.910247
28.70 59.967734
28.72 60.045002
28.74 60.055733
28.76 60.022119
28.78 60.054859
28.80 60.056632
28.82 60.055420
28.84 60.055915
28.86 60.069019
28.88 60.066646
28.90 60.034297
28.92 60.209785
28.94 60.209915
28.96 60.178857
28.98 60.142583
29.00 60.033515
29.02 59.755256
29.04 59.529360
29.06 59.286358
29.08 58.911104
29.10 57.496795
29.12 56.565036
29.14 56.102461
29.16 55.584668
29.18 55.089575
29.20 53.659059
29.22 52.768594
29.24 52.206247
29.26 51.780951
29.28 51.361156
29.30 49.859749
29.32 48.704911
29.34 48.229115
29.36 47.687370
29.38 47.182368
29.40 45.669656
29.42 44.657513
29.44 44.133252
29.46 43.691892
29.48 43.176016
29.50 41.775385
29.52 40.925456
29.54 40.442894
29.56 39.997648
29.58 39.513625
29.60 37.997171
29.62 36.983672
29.64 36.496272
29.66 35.976849
29.68 35.486176
29.70 34.044682
29.72 32.985887
29.74 32.478342
29.76 32.035586
29.78 31.562112
29.80 30.083196
29.82 29.134226
29.84 28.570445
29.86 27.992687
29.88 27.497099
29.90 26.042605
29.92 25.021204
29.94 24.439234
29.96 24.065441
29.98 23.509744
30.00 22.128475
30.02 21.318680
30.04 21.121026
30.06 20.814213
30.08 20.666080
30.10 20.414081
30.12 20.315704
30.14 20.308063
30.16 20.300396
30.18 20.297528
30.20 20.288479
30.22 20.283224
30.24 20.281138
30.26 20.279391
30.28 20.274540
30.30 20.270212
30.32 20.268386
30.34 20.267174
30.36 20.265687
30.38 20.265687
30.40 20.262753
30.42 20.261189
30.44 20.260380
30.46 20.258164
30.48 20.253248
30.50 20.250145
30.52 20.248385
30.54 20.247472
30.56 20.246038
30.58 20.243508
30.60 20.241174
30.62 20.240601
30.64 20.239753
30.66 20.238514
30.68 20.235229
30.70 20.233560
30.72 20.232608
30.74 20.231747
30.76 20.230756
30.78 20.228475
30.80 20.226819
30.82 20.226284
30.84 20.225619
30.86 20.225619
30.88 20.222555
30.90 20.221551
30.92 20.221551
30.94 20.219621
30.96 20.219113
30.98 20.217170
31.00 20.215501
31.02 20.214993
31.04 20.214484
31.06 20.213884
31.08 20.212554
31.10 20.211172
31.12 20.210494
31.14 20.209947
31.16 20.209464
31.18 20.207117
31.20 20.207939
31.22 20.212281
31.24 20.215997
31.26 20.218500
31.28 20.228892
31.30 20.234446
31.32 20.233938
31.34 20.233925
31.36 20.233573
31.38 20.231004
31.40 20.228801
31.42 20.227875
31.44 20.227132
31.46 20.225828
31.48 20.221538
31.50 20.219243
31.52 20.218083
31.54 20.217405
31.56 20.217405
31.58 20.214706
31.60 20.212633
31.62 20.211850
31.64 20.211264
31.66 20.209608
31.68 20.206674
31.70 20.205787
31.72 20.205500
31.74 20.204288
31.76 20.204197
31.78 20.200976
31.80 20.199294
31.82 20.198629
31.84 20.197755
31.86 20.197169
31.88 20.195461
31.90 20.194079
31.92 20.193231
31.94 20.192579
31.96 20.192227
31.98 20.188694
32.00 20.187650
32.02 20.186816
32.04 20.186125
32.06 20.185851
32.08 20.183674
32.10 20.181979
32.12 20.181314
32.14 20.180271
32.16 20.179514
32.18 20.177754
32.20 20.175694
32.22 20.170270
32.24 20.167206
32.26 20.163959
32.28 20.149225
32.30 20.139903
32.32 20.139903
32.34 20.136747
32.36 20.136408
32.38 20.136174
32.40 20.135978
32.42 20.135639
32.44 20.135613
32.46 20.135587
32.48 20.134779
32.50 20.134779
32.52 20.134609
32.54 20.133775
32.56 20.133449
32.58 20.133031
32.60 20.132771
32.62 20.132027
32.64 20.132236
32.66 20.132432
32.68 20.132353
32.70 20.132327
32.72 20.132497
32.74 20.132288
32.76 20.132627
32.78 20.132979
32.80 20.132640
32.82 20.132836
32.84 20.132588
32.86 20.132053
32.88 20.132405
32.90 20.132236
32.92 20.132014
32.94 20.131845
32.96 20.131688
32.98 20.131688
33.00 20.131493
33.02 20.131636
33.04 20.131793
33.06 20.130958
33.08 20.131206
33.10 20.131206
33.12 20.130880
33.14 20.131023
33.16 20.131245
33.18 20.131258
33.20 20.131467
33.22 20.131532
33.24 20.131219
33.26 20.132066
33.28 20.131623
33.30 20.131454
33.32 20.131089
33.34 20.130880
33.36 20.129772
33.38 20.129628
33.40 20.129628
33.42 20.129433
33.44 20.129433
33.46 20.129602
33.48 20.129941
33.50 20.129902
33.52 20.130072
33.54 20.130176
33.56 20.130502
33.58 20.130750
33.60 20.130789
33.62 20.130776
33.64 20.130606
33.66 20.129511
33.68 20.129172
33.70 20.129172
33.72 20.128989
33.74 20.128989
33.76 20.129133
33.78 20.128781
33.80 20.128781
33.82 20.128794
33.84 20.128911
33.86 20.128155
33.88 20.127646
33.90 20.127607
33.92 20.127607
33.94 20.127438
33.96 20.127360
33.98 20.127177
34.00 20.126916
34.02 20.126786
34.04 20.126264
34.06 20.126760
34.08 20.126251
34.10 20.126030
34.12 20.126186
34.14 20.126369
34.16 20.125404
34.18 20.125625
34.20 20.125430
34.22 20.125443
34.24 20.125091
34.26 20.124752
34.28 20.124504
34.30 20.124504
34.32 20.124687
34.34 20.124687
34.36 20.124869
34.38 20.124530
34.40 20.124700
34.42 20.124530
34.44 20.124621
34.46 20.123435
34.48 20.122418
34.50 20.122457
34.52 20.122118
34.54 20.122118
34.56 20.121766
34.58 20.121622
34.60 20.121622
34.62 20.121401
34.64 20.121231
34.66 20.121362
34.68 20.121388
34.70 20.121101
34.72 20.121101
34.74 20.120866
34.76 20.120006
34.78 20.119797
34.80 20.119914
34.82 20.119302
34.84 20.119549
34.86 20.119549
34.88 20.119549
34.90 20.119184
34.92 20.119184
34.94 20.118780
34.96 20.118780
34.98 20.118976
35.00 20.119158
35.02 20.119510
35.04 20.118571
35.06 20.118324
35.08 20.118324
35.10 20.118128
35.12 20.117789
35.14 20.117841
35.16 20.117515
35.18 20.117515
35.20 20.117698
35.22 20.117698
35.24 20.392449
35.26 20.527713
35.28 20.527713
35.30 20.537740
35.32 20.675820
35.34 20.996155
35.36 21.289682
35.38 21.311757
35.40 21.311705
35.42 21.311561
35.44 21.374682
35.46 21.487831
35.48 21.487153
35.50 21.486788
35.52 21.487049
35.54 21.533975
35.56 21.666918
35.58 21.666918
35.60 21.667101
35.62 21.759389
35.64 21.856449
35.66 21.856449
35.68 21.856449
35.70 22.115072
35.72 22.143548
35.74 22.558609
35.76 22.710875
35.78 22.710875
35.80 22.893587
35.82 22.894121
35.84 23.021549
35.86 23.148911
35.88 23.148911
35.90 23.257093
35.92 23.314568
35.94 23.683902
35.96 23.841410
35.98 23.841410
36.00 23.905964
36.02 23.905964
36.04 24.083565
36.06 24.211305
36.08 24.211305
36.10 24.281310
36.12 24.281310
36.14 24.479146
36.16 24.593287
36.18 24.593287
36.20 24.745501
36.22 24.745501
36.24 24.776363
36.26 24.819639
36.28 24.819639
36.30 25.130195
36.32 25.130195
36.34 25.071221
36.36 24.531014
36.38 24.531014
36.40 24.633720
36.42 24.633720
36.44 24.773482
36.46 24.770561
36.48 24.770561
36.50 24.896919
36.52 24.896919
36.54 25.015480
36.56 25.012938
36.58 25.012938
36.60 25.129817
36.62 25.129817
36.64 25.213421
36.66 25.214920
36.68 25.214920
36.70 25.058012
36.72 25.058012
36.74 24.793535
36.76 24.762881
36.78 24.762881
36.80 24.689669
36.82 24.689669
36.84 24.718915
36.86 24.717128
36.88 24.717128
36.90 24.757144
36.92 24.757144
36.94 24.509774
36.96 24.454099
36.98 24.454099
37.00 24.469941
37.02 24.469941
37.04 24.464790
37.06 24.464790
37.08 24.540297
37.10 24.540637
37.12 24.540858
37.14 24.541067
37.16 24.541067
37.18 24.545370
37.20 24.545370
37.22 24.536960
37.24 24.515589
37.26 24.515589
37.28 24.258179
37.30 24.258179
37.32 24.204603
37.34 24.200261
37.36 24.200261
37.38 24.198227
37.40 24.198227
37.42 24.316149
37.44 24.343869
37.46 24.343869
37.48 24.496800
37.50 24.542579
37.52 25.970566
37.54 26.603908
37.56 26.603908
37.58 26.899365
37.60 27.359918
37.62 28.764252
37.64 29.389446
37.66 29.389446
37.68 29.720903
37.70 30.091984
37.72 31.586677
37.74 32.416864
37.76 32.416864
37.78 32.786212
37.80 33.112362
37.82 35.043369
37.84 35.750758
37.86 35.750758
37.88 36.236398
37.90 36.666923
37.92 38.329306
37.94 39.244688
37.96 39.244688
37.98 39.669842
38.00 40.134489
38.02 41.927285
38.04 42.845354
38.06 42.845354
38.08 43.247585
38.10 43.669348
38.12 45.437762
38.14 46.188870
38.16 46.188870
38.18 46.543419
38.20 46.952717
38.22 48.230197
38.24 49.705449
38.26 49.705449
38.28 50.187555
38.30 50.581103
38.32 51.977027
38.34 53.232811
38.36 53.232811
38.38 53.750617
38.40 54.189083
38.42 55.383833
38.44 56.408741
38.46 56.408741
38.48 56.681641
38.50 56.974529
38.52 57.337084
38.54 57.616777
38.56 57.616777
38.58 57.745117
38.60 57.783242
38.62 58.085271
38.64 58.418214
38.66 58.418214
38.68 58.439559
38.70 58.504452
38.72 58.786297
38.74 59.001723
38.76 59.001723
38.78 59.013510
38.80 59.050461
38.82 58.714597
38.84 58.615542
38.86 58.615542
38.88 58.679028
38.90 58.721482
38.92 58.697503
38.94 58.791265
38.96 58.791265
38.98 58.790078
39.00 58.682483
39.02 58.871440
39.04 58.868610
39.06 58.868610
39.08 58.904715
39.10 58.990522
39.12 58.962307
39.14 59.017447
39.16 59.017447
39.18 58.991826
39.20 59.139985
39.22 59.203901
39.24 59.146609
39.26 59.146609
39.28 59.149347
39.30 59.185529
39.32 59.187798
39.34 59.193157
39.36 59.193157
39.38 59.105837
39.40 58.996611
39.42 59.054686
39.44 59.086761
39.46 59.146948
39.48 59.145748
39.50 59.388594
39.52 59.420070
39.54 59.416158
39.56 59.412768
39.58 59.491704
39.60 59.406940
39.62 59.352112
39.64 59.388190
39.66 59.415271
39.68 59.328590
39.70 59.511236
39.72 59.584631
39.74 59.614568
39.76 59.633278
39.78 59.656670
39.80 59.845275
39.82 60.000279
39.84 60.000044
39.86 60.056020
39.88 60.073791
39.90 60.018481
39.92 59.980734
39.94 60.024244
39.96 60.003630
39.98 59.956782
40.00 59.971203
40.02 59.959129
40.04 59.950028
40.06 59.954983
40.08 59.944578
40.10 59.818754
40.12 59.697677
40.14 59.708616
40.16 59.697377
40.18 59.695864
40.20 59.704574
40.22 59.667974
40.24 59.648664
40.26 59.655640
40.28 59.698772
40.30 59.610761
40.32 59.434686
40.34 59.407578
40.36 59.438037
40.38 59.386899
40.40 59.486789
40.42 59.558697
40.44 59.575608
40.46 59.541147
40.48 59.567537
40.50 59.427332
40.52 59.334157
40.54 59.293216
40.56 59.252366
40.58 59.199494
40.60 59.269851
40.62 59.356506
40.64 59.346466
40.66 59.331680
40.68 59.359101
40.70 59.395570
40.72 59.322227
40.74 59.306085
40.76 59.316529
40.78 59.292890
40.80 59.207539
40.82 59.122696
40.84 59.153271
40.86 59.033524
40.88 58.874243
40.90 58.352473
40.92 57.346941
40.94 56.951190
40.96 56.533977
40.98 56.162348
41.00 55.180885
41.02 53.736405
41.04 53.275669
41.06 52.746963
41.08 52.271767
41.10 51.348026
41.12 49.941632
41.14 49.464337
41.16 48.965998
41.18 48.527232
41.20 47.526368
41.22 46.144656
41.24 45.690661
41.26 45.178840
41.28 44.666236
41.30 43.785171
41.32 42.426746
41.34 41.979401
41.36 41.509356
41.38 41.042035
41.40 40.166095
41.42 38.168134
41.44 38.168134
41.46 37.746802
41.48 37.323709
41.50 36.283480
41.52 34.776740
41.54 34.258412
41.56 33.250233
41.58 32.891499
41.60 31.747444
41.62 31.417943
41.64 31.006624
41.66 30.507619
41.68 29.100247
41.70 28.092029
41.72 26.967192
41.74 26.511881
41.76 26.124044
41.78 25.117052
41.80 24.219676
41.82 23.406790
41.84 22.830766
41.86 22.486727
41.88 21.803955
41.90 21.165893
41.92 20.552421
41.94 20.481321
41.96 20.402098
41.98 20.365994
42.00 20.330802
42.02 20.314648
42.04 20.312170
42.06 20.310123
42.08 20.304842
42.10 20.300448
42.12 20.295898
42.14 20.293838
42.16 20.292821
42.18 20.288922
42.20 20.284606
42.22 20.281477
42.24 20.279586
42.26 20.278895
42.28 20.276353
42.30 20.273080
42.32 20.270107
42.34 20.268334
42.36 20.267213
42.38 20.263979
42.40 20.261463
42.42 20.259090
42.44 20.257812
42.46 20.256664
42.48 20.254656
42.50 20.251762
42.52 20.249428
42.54 20.248502
42.56 20.247798
42.58 20.245790
42.60 20.243939
42.62 20.242270
42.64 20.241370
42.66 20.240483
42.68 20.239179
42.70 20.237367
42.72 20.235516
42.74 20.234342
42.76 20.239440
42.78 20.262753
42.80 20.314465
42.82 20.336709
42.84 20.369436
42.86 20.395644
42.88 20.436155
42.90 20.472390
42.92 20.484164
42.94 20.483590
42.96 20.483564
42.98 20.482521
43.00 20.480383
43.02 20.479835
43.04 20.479196
43.06 20.477983
43.08 20.476797
43.10 20.474059
43.12 20.472859
43.14 20.472181
43.16 20.471229
43.18 20.467957
43.20 20.466066
43.22 20.466275
43.24 20.466131
43.26 20.464932
43.28 20.462676
43.30 20.460942
43.32 20.459729
43.34 20.460003
43.36 20.459612
43.38 20.457369
43.40 20.455074
43.42 20.454070
43.44 20.453392
43.46 20.452532
43.48 20.450811
43.50 20.449403
43.52 20.449207
43.54 20.448685
43.56 20.447825
43.58 20.446221
43.60 20.445217
43.62 20.443092
43.64 20.442153
43.66 20.440719
43.68 20.438854
43.70 20.437811
43.72 20.437407
43.74 20.437837
43.76 20.437694
43.78 20.432752
43.80 20.418292
43.82 20.387482
43.84 20.354755
43.86 20.291191
43.88 20.223246
43.90 20.174625
43.92 20.170778
43.94 20.169800
43.96 20.167766
43.98 20.166228
44.00 20.166111
44.02 20.166019
44.04 20.165602
44.06 20.165276
44.08 20.164416
44.10 20.164246
44.12 20.163985
44.14 20.163698
44.16 20.163659
44.18 20.162981
44.20 20.162042
44.22 20.161873
44.24 20.161651
44.26 20.161521
44.28 20.161325
44.30 20.160726
44.32 20.160478
44.34 20.160374
44.36 20.160491
44.38 20.158692
44.40 20.158665
44.42 20.158665
44.44 20.158783
44.46 20.159031
44.48 20.158366
44.50 20.158535
44.52 20.158431
44.54 20.158144
44.56 20.157792
44.58 20.157140
44.60 20.156657
44.62 20.156345
44.64 20.156149
44.66 20.156631
44.68 20.155328
44.70 20.155158
44.72 20.154597
44.74 20.154428
44.76 20.153554
44.78 20.152068
44.80 20.152042
44.82 20.151911
44.84 20.151703
44.86 20.151755
44.88 20.151598
44.90 20.150803
44.92 20.150464
44.94 20.149969
44.96 20.149525
44.98 20.149199
45.00 20.148743
45.02 20.148521
45.04 20.148495
45.06 20.147778
45.08 20.147661
45.10 20.147152
45.12 20.147165
45.14 20.146813
45.16 20.147322
45.18 20.147230
45.20 20.147178
45.22 20.146839
45.24 20.146526
45.26 20.146200
45.28 20.146057
45.30 20.146109
45.32 20.146318
45.34 20.145953
45.36 20.145327
45.38 20.145183
45.40 20.144779
45.42 20.144949
45.44 20.144949
45.46 20.145196
45.48 20.144818
45.50 20.144649
45.52 20.144479
45.54 20.144636
45.56 20.144062
45.58 20.143893
45.60 20.143801
45.62 20.144075
45.64 20.144088
45.66 20.144153
45.68 20.144505
45.70 20.144427
45.72 20.144101
45.74 20.143906
45.76 20.144062
45.78 20.143332
45.80 20.143071
45.82 20.143241
45.84 20.143084
45.86 20.141950
45.88 20.142067
45.90 20.141846
45.92 20.141715
45.94 20.141767
45.96 20.141533
45.98 20.141702
46.00 20.141832
46.02 20.141676
46.04 20.142145
46.06 20.141441
46.08 20.141546
46.10 20.141911
46.12 20.142080
46.14 20.140933
46.16 20.140828
46.18 20.140998
46.20 20.140776
46.22 20.140959
46.24 20.141063
46.26 20.140828
46.28 20.140659
46.30 20.140020
46.32 20.140033
46.34 20.140124
46.36 20.140033
46.38 20.140033
46.40 20.139838
46.42 20.139825
46.44 20.139173
46.46 20.138768
46.48 20.138768
46.50 20.138455
46.52 20.138651
46.54 20.138990
46.56 20.139094
46.58 20.139016
46.60 20.138899
46.62 20.138899
46.64 20.137921
46.66 20.137360
46.68 20.137451
46.70 20.137790
46.72 20.166006
46.74 20.166006
46.76 20.172161
46.78 20.172161
46.80 20.489053
46.82 20.489053
46.84 20.488793
46.86 20.488832
46.88 20.512419
46.90 20.512419
46.92 20.586061
46.94 20.585070
46.96 20.584458
46.98 20.584458
47.00 20.584314
47.02 20.584497
47.04 20.632766
47.06 20.632753
47.08 20.668114
47.10 20.680801
47.12 20.680605
47.14 20.745368
47.16 20.763309
47.18 21.401802
47.20 21.401802
47.22 21.438623
47.24 21.535384
47.26 21.535384
47.28 21.669109
47.30 21.699463
47.32 22.043424
47.34 22.394556
47.36 22.421703
47.38 22.570944
47.40 22.570944
47.42 22.738074
47.44 22.738074
47.46 22.784687
47.48 22.840989
47.50 22.840063
47.52 22.886637
47.54 22.998770
47.56 22.999383
47.58 23.100889
47.60 23.119926
47.62 23.211731
47.64 23.340919
47.66 23.858308
47.68 23.858308
47.70 23.871568
47.72 23.932081
47.74 24.026846
47.76 24.141078
47.78 24.191356
47.80 24.190925
47.82 24.233562
47.84 24.012191
47.86 24.146659
47.88 24.148263
47.90 24.148263
47.92 24.203664
47.94 24.262638
47.96 24.330335
47.98 24.442937
48.00 24.442937
48.02 24.539659
48.04 24.595086
48.06 24.650957
48.08 25.068196
48.10 25.068196
48.12 25.124549
48.14 25.124549
48.16 25.048768
48.18 24.791175
48.20 24.822481
48.22 24.806691
48.24 24.859798
48.26 24.834073
48.28 24.834073
48.30 24.717337
48.32 24.673762
48.34 25.275016
48.36 25.584815
48.38 25.584815
48.40 26.163786
48.42 26.849075
48.44 27.638360
48.46 28.354172
48.48 28.354172
48.50 29.089725
48.52 29.781741
48.54 30.447250
48.56 31.182437
48.58 31.182437
48.60 31.799651
48.62 32.122802
48.64 32.137158
48.66 32.148867
48.68 32.148867
48.70 32.230919
48.72 32.472161
48.74 33.011142
48.76 33.535990
48.78 33.535990
48.80 34.454254
48.82 35.341499
48.84 36.388494
48.86 37.240874
48.88 37.240874
48.90 38.169595
48.92 38.169595
48.94 39.912727
48.96 40.760125
48.98 40.760125
49.00 41.566726
49.02 41.566726
49.04 43.327095
49.06 44.137673
49.08 44.137673
49.10 44.839377
49.12 44.839377
49.14 46.545518
49.16 47.406360
49.18 47.406360
49.20 48.001225
49.22 48.902147
49.24 49.364096
49.26 50.621184
49.28 50.621184
49.30 51.638477
49.32 51.638477
49.34 52.588607
49.36 52.957277
49.38 53.149428
49.40 53.280037
49.42 53.280037
49.44 53.456699
49.46 53.497249
49.48 53.659033
49.50 53.896286
49.52 53.896286
49.54 54.156838
49.56 54.589645
49.58 54.553176
49.60 54.812099
49.62 54.812099
49.64 55.646498
49.66 56.322437
49.68 56.758452
49.70 57.482439
49.72 57.482439
49.74 58.290305
49.76 58.525262
49.78 58.645179
49.80 58.755891
49.82 58.755891
49.84 58.717505
49.86 58.674073
49.88 58.734233
49.90 58.806663
49.92 58.806663
49.94 58.966192
49.96 59.054086
49.98 59.055377
50.00 59.091442
50.02 59.091442
50.04 59.077621
50.06 59.095758
50.08 59.129515
50.10 59.131001
50.12 59.131001
50.14 59.195999
50.16 59.238140
50.18 59.248741
50.20 59.260006
50.22 59.329750
50.24 59.295237
50.26 59.324561
50.28 59.251805
50.30 59.223433
50.32 59.118732
50.34 59.205830
50.36 59.244712
50.38 59.291325
50.40 59.299070
50.42 59.370614
50.44 59.367784
50.46 59.371683
50.48 59.407761
50.50 59.402937
50.52 59.419613
50.54 59.275249
50.56 59.254960
50.58 59.306411
50.60 59.300492
50.62 59.192935
50.64 59.315290
50.66 59.342489
50.68 59.312618
50.70 59.237475
50.72 59.396535
50.74 59.348278
50.76 59.306007
50.78 59.282511
50.80 59.313100
50.82 59.279460
50.84 59.346388
50.86 59.370653
50.88 59.444856
50.90 59.362569
50.92 59.429105
50.94 59.457725
50.96 59.381905
50.98 59.321640
51.00 59.352425
51.02 59.335135
51.04 59.325865
51.06 59.333740
51.08 59.369531
51.10 59.319124
51.12 59.285797
51.14 59.333818
51.16 59.347170
51.18 59.376703
51.20 59.420382
51.22 59.523988
51.24 59.430709
51.26 59.429444
51.28 59.461402
51.30 59.425885
51.32 59.361343
51.34 59.472915
51.36 59.521993
51.38 59.496216
51.40 59.541134
51.42 59.674403
51.44 59.602377
51.46 59.567485
51.48 59.591398
51.50 59.612456
51.52 59.524457
51.54 59.595127
51.56 59.657883
51.58 59.599652
51.60 59.598022
51.62 59.704561
51.64 59.703401
51.66 59.685851
51.68 59.743299
51.70 59.779390
51.72 59.704705
51.74 59.763157
51.76 59.790004
51.78 59.787970
51.80 59.772467
51.82 59.760888
51.84 59.734954
51.86 59.632405
51.88 59.521133
51.90 59.384265
51.92 58.759815
51.94 57.500081
51.96 57.131946
51.98 56.597593
52.00 56.096516
52.02 55.104140
52.04 53.664770
52.06 53.177605
52.08 52.729021
52.10 52.281285
52.12 51.422256
52.14 49.958517
52.16 49.469696
52.18 48.898340
52.20 48.450004
52.22 47.356565
52.24 45.871325
52.26 45.374981
52.28 44.840198
52.30 44.345105
52.32 43.388625
52.34 42.018244
52.36 41.558303
52.38 41.058777
52.40 40.596268
52.42 39.580683
52.44 38.113646
52.46 37.598721
52.48 37.207873
52.50 35.800461
52.52 35.800461
52.54 34.316474
52.56 33.822946
52.58 33.221509
52.60 32.649840
52.62 31.827580
52.64 31.070513
52.66 30.653705
52.68 30.390245
52.70 28.997906
52.72 27.153033
52.74 26.684526
52.76 26.151921
52.78 25.625796
52.80 24.599246
52.82 23.293667
52.84 22.814637
52.86 22.445133
52.88 22.062943
52.90 21.508615
52.92 20.676667
52.94 20.495794
52.96 20.422608
52.98 20.385526
53.00 20.351104
53.02 20.334453
53.04 20.330281
53.06 20.327960
53.08 20.326578
53.10 20.322823
53.12 20.316004
53.14 20.314282
53.16 20.311727
53.18 20.310071
53.20 20.305286
53.22 20.300800
53.24 20.298962
53.26 20.297749
53.28 20.296993
53.30 20.293720
53.32 20.289326
53.34 20.287996
53.36 20.286940
53.38 20.286119
53.40 20.284293
53.42 20.280929
53.44 20.279925
53.46 20.279130
53.48 20.278700
53.50 20.275401
53.52 20.271620
53.54 20.271059
53.56 20.270498
53.58 20.270225
53.60 20.269012
53.62 20.266326
53.64 20.265765
53.66 20.265087
53.68 20.264149
53.70 20.261749
53.72 20.258607
53.74 20.257916
53.76 20.257577
53.78 20.256977
53.80 20.256156
53.82 20.254057
53.84 20.253235
53.86 20.252831
53.88 20.252192
53.90 20.251240
53.92 20.249454
53.94 20.249102
53.96 20.248972
53.98 20.248294
54.00 20.246038
54.02 20.249780
54.04 20.251879
54.06 20.255921
54.08 20.259259
54.10 20.265505
54.12 20.270916
54.14 20.272389
54.16 20.271881
54.18 20.270798
54.20 20.269729
54.22 20.267004
54.24 20.266144
54.26 20.265648
54.28 20.264657
54.30 20.262532
54.32 20.259768
54.34 20.258842
54.36 20.258177
54.38 20.257003
54.40 20.255269
54.42 20.252935
54.44 20.251892
54.46 20.251110
54.48 20.250380
54.50 20.248580
54.52 20.246716
54.54 20.245503
54.56 20.244786
54.58 20.243587
54.60 20.242570
54.62 20.240731
54.64 20.239740
54.66 20.239062
54.68 20.238384
54.70 20.236937
54.72 20.234916
54.74 20.234916
54.76 20.234238
54.78 20.232595
54.80 20.230835
54.82 20.229374
54.84 20.229374
54.86 20.228735
54.88 20.228005
54.90 20.226962
54.92 20.225671
54.94 20.224707
54.96 20.224159
54.98 20.223716
55.00 20.220143
55.02 20.218344
55.04 20.215827
55.06 20.212620
55.08 20.203388
55.10 20.190271
55.12 20.185825
55.14 20.182422
55.16 20.181079
55.18 20.180636
55.20 20.180662
55.22 20.180323
55.24 20.179801
55.26 20.179540
55.28 20.179397
55.30 20.179032
55.32 20.179032
55.34 20.178888
55.36 20.178967
55.38 20.178406
55.40 20.178510
55.42 20.178510
55.44 20.178680
55.46 20.178432
55.48 20.179162
55.50 20.178549
55.52 20.178549
55.54 20.178276
55.56 20.178197
55.58 20.177246
55.60 20.175903
55.62 20.175877
55.64 20.175681
55.66 20.175251
55.68 20.174990
55.70 20.173777
55.72 20.173582
55.74 20.173399
55.76 20.173569
55.78 20.173569
55.80 20.172591
55.82 20.172408
55.84 20.172108
55.86 20.171939
55.88 20.171143
55.90 20.170140
55.92 20.170022
55.94 20.170022
55.96 20.170035
55.98 20.169918
56.00 20.169696
56.02 20.169657
56.04 20.169488
56.06 20.168927
56.08 20.169175
56.10 20.168757
56.12 20.168797
56.14 20.168744
56.16 20.168640
56.18 20.167480
56.20 20.166084
56.22 20.165863
56.24 20.165915
56.26 20.165772
56.28 20.165667
56.30 20.165237
56.32 20.165459
56.34 20.165237
56.36 20.165406
56.38 20.164598
56.40 20.163698
56.42 20.163529
56.44 20.163242
56.46 20.163685
56.48 20.162981
56.50 20.162564
56.52 20.162238
56.54 20.161690
56.56 20.161417
56.58 20.161769
56.60 20.161860
56.62 20.161847
56.64 20.161899
56.66 20.161899
56.68 20.160347
56.70 20.160582
56.72 20.160778
56.74 20.160452
56.76 20.160035
56.78 20.160321
56.80 20.160295
56.82 20.160465
56.84 20.160465
56.86 20.160008
56.88 20.160191
56.90 20.159969
56.92 20.159917
56.94 20.159500
56.96 20.159291
56.98 20.158105
57.00 20.158209
57.02 20.158209
57.04 20.158040
57.06 20.157974
57.08 20.158300
57.10 20.158300
57.12 20.158678
57.14 20.158457
57.16 20.158639
57.18 20.158535
57.20 20.158535
57.22 20.158626
57.24 20.158431
57.26 20.158209
57.28 20.158261
57.30 20.158092
57.32 20.158027
57.34 20.157505
57.36 20.157727
57.38 20.157570
57.40 20.157453
57.42 20.157101
57.44 20.156905
57.46 20.156318
57.48 20.156579
57.50 20.156749
57.52 20.157270
57.54 20.157270
57.56 20.156801
57.58 20.156801
57.60 20.156631
57.62 20.156631
57.64 20.156631
57.66 20.157570
57.68 20.157518
57.70 20.157518
57.72 20.157414
57.74 20.156501
57.76 20.155914
57.78 20.156996
57.80 20.156996
57.82 20.162616
57.84 20.178589
57.86 20.234303
57.88 20.366633
57.90 20.366633
57.92 20.396087
57.94 20.416115
57.96 20.435425
57.98 20.435425
58.00 20.556972
58.02 20.567937
58.04 20.567220
58.06 20.567090
58.08 20.597183
58.10 21.199154
58.12 21.218960
58.14 21.218895
58.16 21.572961
58.18 21.708929
58.20 21.708929
58.22 21.707403
58.24 21.708303
58.26 21.780159
58.28 21.780459
58.30 21.907860
58.32 21.907704
58.34 21.908408
58.36 21.966469
58.38 21.963836
58.40 22.069566
58.42 22.089529
58.44 22.406917
58.46 22.642018
58.48 22.663545
58.50 22.814416
58.52 22.827220
58.54 22.873977
58.56 23.138819
58.58 23.146825
58.60 23.263521
58.62 23.263521
58.64 23.321309
58.66 23.457641
58.68 23.460458
58.70 23.556657
58.72 23.554832
58.74 23.609542
58.76 23.724374
58.78 23.795592
58.80 23.852245
58.82 23.852232
58.84 23.891830
58.86 23.936266
58.88 23.884503
58.90 23.908233
58.92 23.873368
58.94 24.006532
58.96 24.006532
58.98 23.987887
59.00 23.987887
59.02 24.054501
59.04 24.054501
59.06 24.168994
59.08 23.896250
59.10 23.673628
59.12 23.644343
59.14 23.686432
59.16 23.549812
59.18 23.519536
59.20 23.485492
59.22 23.509522
59.24 23.426557
59.26 23.783140
59.28 23.831487
59.30 24.143543
59.32 24.262351
59.34 24.325941
59.36 24.464569
59.38 24.470488
59.40 24.527989
59.42 24.351458
59.44 24.312616
59.46 24.372802
59.48 24.345369
59.50 24.393899
59.52 24.345916
59.54 24.108821
59.56 24.143438
59.58 24.142291
59.60 24.191642
59.62 24.191916
59.64 24.190730
59.66 24.248582
59.68 24.247761
59.70 24.317779
59.72 24.317779
59.74 24.319200
59.76 24.378161
59.78 24.377066
59.80 24.424462
59.82 24.424527
59.84 24.425114
59.86 24.425114
59.88 24.469132
59.90 24.541823
59.92 24.542527
59.94 24.542345
59.96 24.614735
59.98 24.613732
60.00 24.646537
60.02 24.648832
60.04 24.693242
60.06 25.176456
60.08 25.457505
60.10 25.788180
60.12 26.023829
60.14 26.665294
60.16 27.494791
60.18 28.285197
60.20 28.753991
60.22 29.120366
60.24 29.851707
60.26 30.557935
60.28 31.160415
60.30 31.210823
60.32 31.538186
60.34 32.227490
60.36 32.925700
60.38 33.761546
60.40 34.256717
60.42 34.668519
60.44 35.646670
60.46 36.535297
60.48 37.312508
60.50 37.745537
60.52 38.131887
60.54 39.000865
60.56 39.915243
60.58 40.747152
60.60 41.213168
60.62 41.690855
60.64 42.556077
60.66 43.464328
60.68 44.337530
60.70 44.697529
60.72 45.197615
60.74 46.069931
60.76 47.025212
60.78 47.831604
60.80 48.232975
60.82 48.697505
60.84 49.544434
60.86 50.390594
60.88 51.299418
60.90 51.754847
60.92 52.089212
60.94 52.922059
60.96 53.881774
60.98 54.749017
61.00 55.176413
61.02 55.651322
61.04 56.485147
61.06 56.969653
61.08 57.438603
61.10 57.646596
61.12 57.779331
61.14 57.979892
61.16 58.163555
61.18 58.329916
61.20 58.329916
61.22 58.354077
61.24 58.511650
61.26 58.511950
61.28 58.573284
61.30 58.767313
61.32 58.767313
61.34 58.933921
61.36 58.970677
61.38 58.927897
61.40 58.994056
61.42 59.020707
61.44 58.972516
61.46 58.972516
61.48 58.971707
61.50 58.971707
61.52 58.934886
61.54 59.074205
61.56 59.194409
61.58 59.270920
61.60 59.321041
61.62 59.348943
61.64 59.267060
61.66 59.241205
61.68 59.261349
61.70 59.143792
61.72 59.067138
61.74 59.126920
61.76 59.118093
61.78 59.099200
61.80 59.101351
61.82 59.134483
61.84 59.141445
61.86 59.141445
61.88 59.164054
61.90 59.164054
61.92 59.077477
61.94 59.000849
61.96 59.000849
61.98 59.009689
62.00 59.004291
62.02 59.012975
62.04 58.982517
62.06 58.982517
62.08 59.012897
62.10 59.074166
62.12 59.094597
62.14 59.039470
62.16 59.039470
62.18 59.059875
62.20 58.990835
62.22 58.888064
62.24 58.983273
62.26 58.983273
62.28 58.963376
62.30 59.021320
62.32 59.029782
62.34 59.083775
62.36 59.083775
62.38 59.128667
62.40 59.182061
62.42 59.062196
62.44 59.125043
62.46 59.125043
62.48 59.079459
62.50 59.041595
62.52 59.216640
62.54 59.150377
62.56 59.150377
62.58 59.139685
62.60 59.202310
62.62 59.134626
62.64 59.118458
62.66 59.118458
62.68 59.134665
62.70 59.048466
62.72 59.096814
62.74 59.228740
62.76 59.228740
62.78 59.175059
62.80 59.247307
62.82 59.253539
62.84 59.322775
62.86 59.322775
62.88 59.340859
62.90 59.385882
62.92 59.345762
62.94 59.416132
62.96 59.534680
62.98 59.505942
63.00 59.509724
63.02 59.629915
63.04 59.610239
63.06 59.565073
63.08 59.604489
63.10 59.577577
63.12 59.456174
63.14 59.464245
63.16 59.542294
63.18 59.567250
63.20 59.623760
63.22 59.712893
63.24 59.781685
63.26 59.787761
63.28 59.763248
63.30 59.776170
63.32 59.745503
63.34 59.743090
63.36 59.662407
63.38 59.674350
63.40 59.572701
63.42 59.595910
63.44 59.563222
63.46 59.559818
63.48 59.461911
63.50 59.251492
63.52 58.438177
63.54 57.137526
63.56 57.137526
63.58 56.686700
63.60 56.312567
63.62 54.831670
63.64 54.432359
63.66 53.933120
63.68 53.493259
63.70 51.906918
63.72 51.047810
63.74 50.620545
63.76 50.206501
63.78 49.171918
63.80 47.753945
63.82 46.705229
63.84 46.226278
63.86 45.811778
63.88 45.376637
63.90 43.937633
63.92 43.074940
63.94 42.386626
63.96 41.860840
63.98 41.376309
64.00 39.878878
64.02 38.784253
64.04 38.363663
64.06 37.938653
64.08 37.536044
64.10 35.986250
64.12 35.002884
64.14 34.518104
64.16 34.069455
64.18 33.485908
64.20 32.182506
64.22 31.234006
64.24 30.656208
64.26 30.142640
64.28 29.693599
64.30 28.294129
64.32 27.381302
64.34 26.996138
64.36 26.556851
64.38 26.023646
64.40 24.556791
64.42 23.635920
64.44 23.156030
64.46 22.668773
64.48 22.260114
64.50 21.252287
64.52 20.724232
64.54 20.595853
64.56 20.463158
64.58 20.424055
64.60 20.359918
64.62 20.348952
64.64 20.346071
64.66 20.342420
64.68 20.340190
64.70 20.334049
64.72 20.329329
64.74 20.327360
64.76 20.325235
64.78 20.323031
64.80 20.317855
64.82 20.314309
64.84 20.312770
64.86 20.310592
64.88 20.309249
64.90 20.305755
64.92 20.302561
64.94 20.301205
64.96 20.299483
64.98 20.298636
65.00 20.295846
65.02 20.292078
65.04 20.291021
65.06 20.290213
65.08 20.288831
65.10 20.286340
65.12 20.284228
65.14 20.283315
65.16 20.282077
65.18 20.281973
65.20 20.280343
65.22 20.279978
65.24 20.277904
65.26 20.277292
65.28 20.276940
65.30 20.276262
65.32 20.274462
65.34 20.272806
65.36 20.271933
65.38 20.271255
65.40 20.269873
65.42 20.269338
65.44 20.268151
65.46 20.267356
65.48 20.267147
65.50 20.265739
65.52 20.264527
65.54 20.263484
65.56 20.262766
65.58 20.261854
65.60 20.260472
65.62 20.259702
65.64 20.259011
65.66 20.258320
65.68 20.258216
65.70 20.258372
65.72 20.260602
65.74 20.269599
65.76 20.269599
65.78 20.274371
65.80 20.283433
65.82 20.284437
65.84 20.283811
65.86 20.283016
65.88 20.281086
65.90 20.280760
65.92 20.279886
65.94 20.279391
65.96 20.277878
65.98 20.276431
66.00 20.275923
66.02 20.274397
66.04 20.273484
66.06 20.272924
66.08 20.271137
66.10 20.269586
66.12 20.268712
66.14 20.267799
66.16 20.266913
66.18 20.264696
66.20 20.263992
66.22 20.263471
66.24 20.262662
66.26 20.261006
66.28 20.259246
66.30 20.258724
66.32 20.257838
66.34 20.257290
66.36 20.256612
66.38 20.253783
66.40 20.252479
66.42 20.251292
66.44 20.250275
66.46 20.249076
66.48 20.246742
66.50 20.246364
66.52 20.245347
66.54 20.244499
66.56 20.244004
66.58 20.241761
66.60 20.240614
66.62 20.239193
66.64 20.238501
66.66 20.237328
66.68 20.235868
66.70 20.234994
66.72 20.231630
66.74 20.227575
66.76 20.221629
66.78 20.208525
66.80 20.203714
66.82 20.197077
66.84 20.195070
66.86 20.194717
66.88 20.193622
66.90 20.192384
66.92 20.192045
66.94 20.191692
66.96 20.190858
66.98 20.189319
67.00 20.189319
67.02 20.188902
67.04 20.188863
67.06 20.188329
67.08 20.188146
67.10 20.188302
67.12 20.187624
67.14 20.187794
67.16 20.187624
67.18 20.186920
67.20 20.186464
67.22 20.185603
67.24 20.185616
67.26 20.185304
67.28 20.184560
67.30 20.184730
67.32 20.184469
67.34 20.184469
67.36 20.184300
67.38 20.183791
67.40 20.183752
67.42 20.182983
67.44 20.182657
67.46 20.182318
67.48 20.181913
67.50 20.181966
67.52 20.181548
67.54 20.181535
67.56 20.181157
67.58 20.181131
67.60 20.181509
67.62 20.181301
67.64 20.180949
67.66 20.181144
67.68 20.179684
67.70 20.179332
67.72 20.178928
67.74 20.179136
67.76 20.178849
67.78 20.178367
67.80 20.178184
67.82 20.177950
67.84 20.178132
67.86 20.178263
67.88 20.177598
67.90 20.177898
67.92 20.177767
67.94 20.177767
67.96 20.177976
67.98 20.178328
68.00 20.177676
68.02 20.177780
68.04 20.177285
68.06 20.177624
68.08 20.177806
68.10 20.178184
68.12 20.178184
68.14 20.178341
68.16 20.178589
68.18 20.178536
68.20 20.178667
68.22 20.178171
68.24 20.178302
68.26 20.178302
68.28 20.177611
68.30 20.177285
68.32 20.177441
68.34 20.177611
68.36 20.177363
68.38 20.177689
68.40 20.177819
68.42 20.177480
68.44 20.177819
68.46 20.177793
68.48 20.177376
68.50 20.177441
68.52 20.177441
68.54 20.177598
68.56 20.177793
68.58 20.177076
68.60 20.177428
68.62 20.177272
68.64 20.177428
68.66 20.177311
68.68 20.177924
68.70 20.177506
68.72 20.177324
68.74 20.177298
68.76 20.177272
68.78 20.176594
68.80 20.176489
68.82 20.176502
68.84 20.176359
68.86 20.175759
68.88 20.175746
68.90 20.175759
68.92 20.175759
68.94 20.175577
68.96 20.175564
68.98 20.176333
69.00 20.176307
69.02 20.176137
69.04 20.175955
69.06 20.175916
69.08 20.174886
69.10 20.174377
69.12 20.173856
69.14 20.173882
69.16 20.172812
69.18 20.172812
69.20 20.172734
69.22 20.172591
69.24 20.172265
69.26 20.171926
69.28 20.171835
69.30 20.171835
69.32 20.171808
69.34 20.171639
69.36 20.170818
69.38 20.170492
69.40 20.170126
69.42 20.170296
69.44 20.169644
69.46 20.169774
69.48 20.170322
69.50 20.169918
69.52 20.169475
69.54 20.169475
69.56 20.167793
69.58 20.167793
69.60 20.167101
69.62 20.166906
69.64 20.166867
69.66 20.166410
69.68 20.166515
69.70 20.166189
69.72 20.249584
69.74 20.552174
69.76 20.552174
69.78 20.552174
69.80 20.583819
69.82 20.822779
69.84 20.963415
69.86 21.272275
69.88 21.272275
69.90 21.299944
69.92 21.370353
69.94 21.448937
69.96 21.520389
69.98 21.520389
70.00 21.521315
70.02 21.579181
70.04 21.579024
70.06 21.626915
70.08 21.700506
70.10 21.699437
70.12 21.747289
70.14 21.814829
70.16 22.202952
70.18 22.260818
70.20 22.294380
70.22 22.369300
70.24 22.445251
70.26 22.445251
70.28 22.793137
70.30 22.849725
70.32 23.014456
70.34 23.084069
70.36 23.084069
70.38 23.083691
70.40 23.129157
70.42 23.177387
70.44 23.285400
70.46 23.330631
70.48 23.330931
70.50 23.399215
70.52 23.399215
70.54 23.501477
70.56 23.615957
70.58 23.616453
70.60 23.690682
70.62 23.730672
70.64 23.797013
70.66 23.923084
70.68 23.923853
70.70 23.965199
70.72 24.060251
70.74 24.134037
70.76 24.268154
70.78 24.596846
70.80 24.385189
70.82 24.616092
70.84 24.482810
70.86 24.440564
70.88 24.472992
70.90 24.467111
70.92 24.534626
70.94 24.560938
70.96 24.476186
70.98 24.532135
71.00 24.532187
71.02 24.592700
71.04 24.632938
71.06 24.691533
71.08 24.750560
71.10 24.750416
71.12 24.810929
71.14 24.858025
71.16 24.672354
71.18 24.698157
71.20 24.692681
71.22 24.731523
71.24 24.488247
71.26 24.417551
71.28 24.462509
71.30 24.438322
71.32 24.489290
71.34 24.480241
71.36 24.479915
71.38 24.549724
71.40 24.549177
71.42 24.609442
71.44 24.609051
71.46 24.608620
71.48 24.666382
71.50 24.666838
71.52 24.711783
71.54 24.710270
71.56 24.709840
71.58 24.767327
71.60 24.767145
71.62 24.842991
71.64 24.843656
71.66 24.843565
71.68 24.885380
71.70 24.885432
71.72 24.901092
71.74 24.901092
71.76 24.883737
71.78 24.611658
71.80 24.579479
71.82 24.322290
71.84 24.281297
71.86 24.254893
71.88 24.252194
71.90 24.238960
71.92 24.237304
71.94 24.237356
71.96 24.237760
71.98 24.237513
72.00 24.237343
72.02 24.237213
72.04 24.236952
72.06 24.236052
72.08 24.399571
72.10 24.406664
72.12 24.449183
72.14 24.627513
72.16 24.994566
72.18 25.525946
72.20 26.161270
72.22 26.514684
72.24 27.378994
72.26 28.190667
72.28 28.553117
72.30 29.334318
72.32 29.734098
72.34 30.435424
72.36 31.262613
72.38 32.721331
72.40 32.721331
72.42 33.175626
72.44 34.110397
72.46 35.013119
72.48 35.013119
72.50 35.757003
72.52 36.929470
72.54 37.268503
72.56 38.402623
72.58 38.789272
72.60 39.141878
72.62 39.808221
72.64 40.935287
72.66 41.330412
72.68 42.234686
72.70 42.621075
72.72 43.534815
72.74 44.401928
72.76 44.980638
72.78 45.809248
72.80 46.162375
72.82 46.953212
72.84 47.787703
72.86 48.202112
72.88 48.973234
72.90 48.973234
72.92 50.339300
72.94 51.243508
72.96 51.792386
72.98 52.678992
73.00 52.678992
73.02 54.067210
73.04 54.974235
73.06 55.311664
73.08 56.144772
73.10 56.144772
73.12 56.938764
73.14 57.791978
73.16 57.769121
73.18 58.187898
73.20 58.187898
73.22 58.418006
73.24 58.488323
73.26 58.488323
73.28 58.666510
73.30 58.666510
73.32 58.784680
73.34 58.732382
73.36 58.732382
73.38 58.796480
73.40 58.796480
73.42 58.768995
73.44 58.857162
73.46 58.857162
73.48 58.751914
73.50 58.751914
73.52 58.795685
73.54 58.763857
73.56 58.763857
73.58 59.038061
73.60 59.038061
73.62 59.071949
73.64 59.134352
73.66 59.134352
73.68 59.108379
73.70 59.108379
73.72 59.134835
73.74 59.216170
73.76 59.216170
73.78 59.286684
73.80 59.286684
73.82 59.304716
73.84 59.131614
73.86 59.131614
73.88 59.215766
73.90 59.216327
73.92 59.273866
73.94 59.401046
73.96 59.401046
73.98 59.387564
74.00 59.375008
74.02 59.369897
74.04 59.261245
74.06 59.261245
74.08 59.308549
74.10 59.304677
74.12 59.237945
74.14 59.386730
74.16 59.386730
74.18 59.352112
74.20 59.330155
74.22 59.403484
74.24 59.461102
74.26 59.440514
74.28 59.495146
74.30 59.543950
74.32 59.452353
74.34 59.402128
74.36 59.510741
74.38 59.561018
74.40 59.504117
74.42 59.598948
74.44 59.654753
74.46 59.648755
74.48 59.649785
74.50 59.705839
74.52 59.714457
74.54 59.703753
74.56 59.756416
74.58 59.745933
74.60 59.745933
74.62 59.851560
74.64 59.803799
74.66 59.803799
74.68 59.762297
74.70 59.789508
74.72 59.855263
74.74 59.843854
74.76 59.897351
74.78 59.943000
74.80 59.893166
74.82 60.017660
74.84 60.038417
74.86 60.087065
74.88 60.037400
74.90 60.065616
74.92 60.111773
74.94 60.087834
74.96 60.123404
74.98 60.206278
75.00 60.140745
75.02 60.069632
75.04 60.119440
75.06 60.166875
75.08 60.133613
75.10 60.182912
75.12 60.323887
75.14 60.388298
75.16 60.398533
75.18 60.469933
75.20 60.459541
75.22 60.435994
75.24 60.433099
75.26 60.461954
75.28 60.426006
75.30 60.471394
75.32 60.517733
75.34 60.503821
75.36 60.566094
75.38 60.594218
75.40 60.594636
75.42 60.506755
75.44 60.475644
75.46 60.388859
75.48 60.333366
75.50 60.117680
75.52 59.433147
75.54 59.081350
75.56 58.215097
75.58 57.753175
75.60 57.311358
75.62 55.888561
75.64 55.422480
75.66 54.917999
75.68 53.922976
75.70 53.383291
75.72 51.902837
75.74 51.405514
75.76 50.928623
75.78 49.885149
75.80 49.407202
75.82 47.984626
75.84 47.483379
75.86 46.951491
75.88 45.975048
75.90 45.446459
75.92 43.891932
75.94 43.396331
75.96 42.913742
75.98 41.912239
76.00 41.457057
76.02 40.139040
76.04 39.650010
76.06 39.150627
76.08 38.114897
76.10 37.627002
76.12 35.992613
76.14 35.432731
76.16 34.954106
76.18 34.056534
76.20 33.499181
76.22 32.140352
76.24 31.655117
76.26 31.063759
76.28 30.072570
76.30 29.502765
76.32 28.068911
76.34 27.569802
76.36 27.128299
76.38 26.156537
76.40 25.707353
76.42 24.165787
76.44 23.773804
76.46 23.229881
76.48 22.207125
76.50 21.832275
76.52 20.913242
76.54 20.656979
76.56 20.576452
76.58 20.434708
76.60 20.402320
76.62 20.366750
76.64 20.361548
76.66 20.358445
76.68 20.352655
76.70 20.350282
76.72 20.344024
76.74 20.342172
76.76 20.340021
76.78 20.335861
76.80 20.334010
76.82 20.328768
76.84 20.324779
76.86 20.324779
76.88 20.321871
76.90 20.320411
76.92 20.316825
76.94 20.314165
76.96 20.314165
76.98 20.313344
77.00 20.310945
77.02 20.310123
77.04 20.309184
77.06 20.305260
77.08 20.304569
77.10 20.302522
77.12 20.300709
77.14 20.299197
77.16 20.296863
77.18 20.296354
77.20 20.294046
77.22 20.293694
77.24 20.292508
77.26 20.290995
77.28 20.289783
77.30 20.288166
77.32 20.287188
77.34 20.286471
77.36 20.284372
77.38 20.283198
77.40 20.281816
77.42 20.280786
77.44 20.279821
77.46 20.278609
77.48 20.278504
77.50 20.277683
77.52 20.277279
77.54 20.276379
77.56 20.274984
77.58 20.274501
77.60 20.273419
77.62 20.272180
77.64 20.271320
77.66 20.270707
77.68 20.270186
77.70 20.270864
77.72 20.272532
77.74 20.273823
77.76 20.282390
77.78 20.286158
77.80 20.295650
77.82 20.297880
77.84 20.297723
77.86 20.296902
77.88 20.296133
77.90 20.293407
77.92 20.291465
77.94 20.290448
77.96 20.288740
77.98 20.287827
78.00 20.284802
78.02 20.284411
78.04 20.283759
78.06 20.281581
78.08 20.280434
78.10 20.277826
78.12 20.276718
78.14 20.276379
78.16 20.274332
78.18 20.273302
78.20 20.270824
78.22 20.269625
78.24 20.269442
78.26 20.268438
78.28 20.267604
78.30 20.265048
78.32 20.264162
78.34 20.263849
78.36 20.262010
78.38 20.261176
78.40 20.258816
78.42 20.257421
78.44 20.257434
78.46 20.255048
78.48 20.253874
78.50 20.251136
78.52 20.250523
78.54 20.250145
78.56 20.248450
78.58 20.247224
78.60 20.244160
78.62 20.243626
78.64 20.243456
78.66 20.241905
78.68 20.240901
78.70 20.237080
78.72 20.233573
78.74 20.233325
78.76 20.224172
78.78 20.218904
78.80 20.205748
78.82 20.202788
78.84 20.200494
78.86 20.196308
78.88 20.195800
78.90 20.195356
78.92 20.195148
78.94 20.195043
78.96 20.194209
78.98 20.193674
79.00 20.193192
79.02 20.192827
79.04 20.192266
79.06 20.192110
79.08 20.191979
79.10 20.191132
79.12 20.191471
79.14 20.191471
79.16 20.191471
79.18 20.191901
79.20 20.191014
79.22 20.190506
79.24 20.190089
79.26 20.190089
79.28 20.190050
79.30 20.190050
79.32 20.190050
79.34 20.189906
79.36 20.190076
79.38 20.190063
79.40 20.190415
79.42 20.189619
79.44 20.189541
79.46 20.189489
79.48 20.189528
79.50 20.188668
79.52 20.188615
79.54 20.188928
79.56 20.188941
79.58 20.189515
79.60 20.189711
79.62 20.189372
79.64 20.188967
79.66 20.189007
79.68 20.189163
79.70 20.189515
79.72 20.189072
79.74 20.188902
79.76 20.189202
79.78 20.190024
79.80 20.189476
79.82 20.189254
79.84 20.189671
79.86 20.189893
79.88 20.189685
79.90 20.190102
79.92 20.189593
79.94 20.189893
79.96 20.189854
79.98 20.189867
80.00 20.189515
80.02 20.189346
80.04 20.188967
80.06 20.188928
80.08 20.188811
80.10 20.188289
80.12 20.188459
80.14 20.187937
80.16 20.187481
80.18 20.186816
80.20 20.186972
80.22 20.186660
80.24 20.186203
80.26 20.185982
80.28 20.185890
80.30 20.185199
80.32 20.185004
80.34 20.184782
80.36 20.184443
80.38 20.184117
80.40 20.184300
80.42 20.184130
80.44 20.184039
80.46 20.183530
80.48 20.183152
80.50 20.183452
80.52 20.183283
80.54 20.183256
80.56 20.183322
80.58 20.182018
80.60 20.181874
80.62 20.182044
80.64 20.182018
80.66 20.181848
80.68 20.181053
80.70 20.181196
80.72 20.181196
80.74 20.180975
80.76 20.181131
80.78 20.179945
80.80 20.179423
80.82 20.179254
80.84 20.178771
80.86 20.178393
80.88 20.178289
80.90 20.178015
80.92 20.178184
80.94 20.178302
80.96 20.178067
80.98 20.177402
81.00 20.178263
81.02 20.178093
81.04 20.178002
81.06 20.177911
81.08 20.177611
81.10 20.177154
81.12 20.176646
81.14 20.176320
81.16 20.176581
81.18 20.176163
81.20 20.176111
81.22 20.176216
81.24 20.176216
81.26 20.176072
81.28 20.175955
81.30 20.175955
81.32 20.176033
81.34 20.176033
81.36 20.176059
81.38 20.176059
81.40 20.176059
81.42 20.175355
81.44 20.175355
81.46 20.175811
81.48 20.175811
81.50 20.175407
81.52 20.175407
81.54 20.174925
81.56 20.174925
81.58 20.174807
81.60 20.174977
81.62 20.175146
81.64 20.175081
81.66 20.174299
81.68 20.174299
81.70 20.174638
81.72 20.258594
81.74 20.261306
81.76 20.446860
81.78 20.446938
81.80 20.714923
81.82 20.714923
81.84 20.905666
81.86 20.905444
81.88 20.905001
81.90 20.904506
81.92 20.975045
81.94 20.975084
81.96 21.030199
81.98 21.279056
82.00 21.279212
82.02 21.358005
82.04 21.357314
82.06 21.438832
82.08 21.568163
82.10 21.567993
82.12 21.636616
82.14 21.641662
82.16 22.205117
82.18 22.260518
82.20 22.290977
82.22 22.366458
82.24 22.395026
82.26 22.632747
82.28 22.680456
82.30 22.678357
82.32 22.734801
82.34 22.803594
82.36 22.913432
82.38 22.980216
82.40 23.035878
82.42 23.035878
82.44 23.036973
82.46 23.200023
82.48 23.245567
82.50 23.245189
82.52 23.316197
82.54 23.314933
82.56 23.493250
82.58 23.549434
82.60 23.549603
82.62 23.608656
82.64 23.608656
82.66 23.772930
82.68 23.829271
82.70 23.834395
82.72 23.834395
82.74 23.832974
82.76 23.807770
82.78 23.879391
82.80 23.884190
82.82 23.725887
82.84 23.725887
82.86 24.149110
82.88 24.207158
82.90 24.240903
82.92 24.568266
82.94 24.568266
82.96 24.757718
82.98 24.630186
83.00 24.630225
83.02 24.649027
83.04 24.649027
83.06 24.804931
83.08 24.669420
83.10 24.669589
83.12 24.721483
83.14 24.764967
83.16 24.523921
83.18 24.523751
83.20 24.493058
83.22 24.520492
83.24 24.520492
83.26 24.332421
83.28 24.331952
83.30 24.330413
83.32 24.387484
83.34 24.387484
83.36 24.446145
83.38 24.446588
83.40 24.446979
83.42 24.516997
83.44 24.516997
83.46 24.563089
83.48 24.561811
83.50 24.561642
83.52 24.605230
83.54 24.605230
83.56 24.664569
83.58 24.664139
83.60 24.725434
83.62 24.725434
83.64 24.773547
83.66 24.773547
83.68 24.773899
83.70 24.831908
83.72 24.831908
83.74 24.908811
83.76 24.907846
83.78 24.907846
83.80 24.926061
83.82 24.926061
83.84 24.755840
83.86 24.755840
83.88 24.719149
83.90 24.406194
83.92 24.263486
83.94 24.198357
83.96 24.198657
83.98 24.192581
84.00 24.192516
84.02 24.192516
84.04 24.191773
84.06 24.190951
84.08 24.190951
84.10 24.191212
84.12 24.191212
84.14 24.191369
84.16 24.191238
84.18 24.191238
84.20 24.250108
84.22 24.250108
84.24 24.285925
84.26 24.297230
84.28 24.297230
84.30 25.192350
84.32 25.192350
84.34 26.464315
84.36 26.836518
84.38 26.836518
84.40 27.868728
84.42 27.868728
84.44 28.895005
84.46 29.661003
84.48 29.661003
84.50 31.074399
84.52 31.074399
84.54 32.575063
84.56 33.465763
84.58 33.465763
84.60 34.431553
84.62 34.431553
84.64 35.429719
84.66 36.171008
84.68 36.171008
84.70 37.617497
84.72 37.617497
84.74 38.937718
84.76 39.854105
84.78 39.854105
84.80 41.240054
84.82 41.240054
84.84 42.572376
84.86 43.412381
84.88 43.412381
84.90 44.780781
84.92 44.780781
84.94 46.037204
84.96 46.810491
84.98 46.810491
85.00 48.344716
85.02 48.344716
85.04 49.779222
85.06 50.778848
85.08 50.778848
85.10 52.074348
85.12 52.074348
85.14 53.198506
85.16 54.116653
85.18 54.116653
85.20 55.302745
85.22 55.302745
85.24 56.704472
85.26 57.440689
85.28 57.440689
85.30 58.093394
85.32 58.093394
85.34 58.504739
85.36 58.637577
85.38 58.637577
85.40 58.916149
85.42 58.916149
85.44 59.175946
85.46 59.312657
85.48 59.312657
85.50 59.294142
85.52 59.294142
85.54 59.289435
85.56 59.298888
85.58 59.298888
85.60 59.449641
85.62 59.449641
85.64 59.656605
85.66 59.842472
85.68 59.908174
85.70 59.862030
85.72 59.862030
85.74 59.902071
85.76 59.820149
85.78 59.820149
85.80 59.851794
85.82 59.815429
85.84 59.792077
85.86 59.782428
85.88 59.779247
85.90 59.702905
85.92 59.745959
85.94 59.798296
85.96 59.798296
85.98 59.729556
86.00 59.763040
86.02 59.780629
86.04 59.739075
86.06 59.739075
86.08 59.842432
86.10 59.879436
86.12 59.806146
86.14 59.867767
86.16 59.867767
86.18 59.837621
86.20 59.832823
86.22 59.905514
86.24 59.902945
86.26 59.902945
86.28 59.985897
86.30 59.988844
86.32 60.004256
86.34 59.963927
86.36 59.963927
86.38 59.885043
86.40 59.865733
86.42 59.818937
86.44 59.879162
86.46 59.879162
86.48 59.911955
86.50 59.943587
86.52 59.880857
86.54 59.854937
86.56 59.854937
86.58 59.942322
86.60 59.991713
86.62 60.012653
86.64 60.024766
86.66 60.024766
86.68 60.002913
86.70 60.164423
86.72 60.088499
86.74 59.990148
86.76 59.990148
86.78 59.966770
86.80 59.867167
86.82 59.888863
86.84 60.034493
86.86 60.034493
86.88 60.044024
86.90 59.987631
86.92 60.039213
86.94 60.026787
86.96 60.026787
86.98 60.037322
87.00 60.046214
87.02 60.081680
87.04 60.125073
87.06 60.125073
87.08 60.053594
87.10 60.041625
87.12 60.016017
87.14 59.815064
87.16 59.815064
87.18 59.800995
87.20 59.839564
87.22 59.866776
87.24 59.913246
87.26 59.913246
87.28 59.867949
87.30 59.871600
87.32 59.848769
87.34 59.832732
87.36 59.832732
87.38 59.848169
87.40 59.860647
87.42 59.894248
87.44 59.924055
87.46 59.924055
87.48 59.902267
87.50 59.900272
87.52 59.907861
87.54 59.914197
87.56 59.914197
87.58 59.906948
87.60 59.826916
87.62 59.692240
87.64 58.866068
87.66 58.866068
87.68 58.530152
87.70 57.594350
87.72 57.114813
87.74 55.357599
87.76 55.357599
87.78 54.868022
87.80 53.964230
87.82 53.437740
87.84 51.383505
87.86 51.383505
87.88 49.934200
87.90 49.437112
87.92 48.491337
87.94 47.573203
87.96 47.573203
87.98 47.122963
88.00 46.165413
88.02 44.602829
88.04 44.602829
88.06 43.798040
88.08 43.449542
88.10 42.914368
88.12 40.717241
88.14 40.717241
88.16 40.255228
88.18 39.247335
88.20 38.919985
88.22 37.031772
88.24 37.031772
88.26 36.553629
88.28 35.535058
88.30 34.880659
88.32 32.836854
88.34 32.836854
88.36 32.379756
88.38 31.442495
88.40 30.968981
88.42 29.114590
88.44 29.114590
88.46 28.522515
88.48 27.599896
88.50 27.139186
88.52 24.994657
88.54 24.994657
88.56 24.488364
88.58 23.350463
88.60 22.875385
88.62 21.401972
88.64 21.401972
88.66 21.169204
88.68 20.964093
88.70 20.862469
88.72 20.646352
88.74 20.646352
88.76 20.636430
88.78 20.630367
88.80 20.627316
88.82 20.617706
88.84 20.617706
88.86 20.614851
88.88 20.609596
88.90 20.607001
88.92 20.599817
88.94 20.599817
88.96 20.569854
88.98 20.501414
89.00 20.469521
89.02 20.334975
89.04 20.334975
89.06 20.329016
89.08 20.322745
89.10 20.320724
89.12 20.312561
89.14 20.312561
89.16 20.311088
89.18 20.308871
89.20 20.307802
89.22 20.304073
89.24 20.304073
89.26 20.303108
89.28 20.301635
89.30 20.300605
89.32 20.297423
89.34 20.297423
89.36 20.296276
89.38 20.294398
89.40 20.293525
89.42 20.290382
89.44 20.290382
89.46 20.289457
89.48 20.288844
89.50 20.288062
89.52 20.286393
89.54 20.286393
89.56 20.285806
89.58 20.284489
89.60 20.283602
89.62 20.280043
89.64 20.280043
89.66 20.279521
89.68 20.278687
89.70 20.277709
89.72 20.276066
89.74 20.276066
89.76 20.275883
89.78 20.274866
89.80 20.274749
89.82 20.274501
89.84 20.274501
89.86 20.276392
89.88 20.284489
89.90 20.288244
89.92 20.302117
89.94 20.302117
89.96 20.302130
89.98 20.300579
90.00 20.298805
90.02 20.297058
90.04 20.297058
90.06 20.296380
90.08 20.294477
90.10 20.291947
90.12 20.290265
90.14 20.290265
90.16 20.290096
90.18 20.287697
90.20 20.286106
90.22 20.285258
90.24 20.284580
90.26 20.283211
90.28 20.281725
90.30 20.279808
90.32 20.279808
90.34 20.279756
90.36 20.278035
90.38 20.277161
90.40 20.274462
90.42 20.274462
90.44 20.274136
90.46 20.272885
90.48 20.271711
90.50 20.268777
90.52 20.268777
90.54 20.268608
90.56 20.266808
90.58 20.265974
90.60 20.264201
90.62 20.264201
90.64 20.263836
90.66 20.261971
90.68 20.261776
90.70 20.258412
90.72 20.258412
90.74 20.258073
90.76 20.256612
90.78 20.255791
90.80 20.252753
90.82 20.252753
90.84 20.251240
90.86 20.242126
90.88 20.237654
90.90 20.217822
90.92 20.217822
90.94 20.215931
90.96 20.214276
90.98 20.213102
91.00 20.211133
91.02 20.211133
91.04 20.210964
91.06 20.210820
91.08 20.210677
91.10 20.210377
91.12 20.210377
91.14 20.210390
91.16 20.210194
91.18 20.209738
91.20 20.209177
91.22 20.209177
91.24 20.208734
91.26 20.208186
91.28 20.207834
91.30 20.206348
91.32 20.206348
91.34 20.206165
91.36 20.205748
91.38 20.205240
91.40 20.203532
91.42 20.203532
91.44 20.203805
91.46 20.203114
91.48 20.203114
91.50 20.201067
91.52 20.201067
91.54 20.201146
91.56 20.200976
91.58 20.201185
91.60 20.200063
91.62 20.200063
91.64 20.200050
91.66 20.199581
91.68 20.199059
91.70 20.199503
91.72 20.199503
91.74 20.198929
91.76 20.198342
91.78 20.197834
91.80 20.196373
91.82 20.196373
91.84 20.196439
91.86 20.196139
91.88 20.195291
91.90 20.195343
91.92 20.195343
91.94 20.195317
91.96 20.194835
91.98 20.194678
92.00 20.194300
92.02 20.194300
92.04 20.193948
92.06 20.193596
92.08 20.193622
92.10 20.192788
92.12 20.192788
92.14 20.192449
92.16 20.191745
92.18 20.191419
92.20 20.191119
92.22 20.191119
92.24 20.191445
92.26 20.191562
92.28 20.191445
92.30 20.190623
92.32 20.190623
92.34 20.190284
92.36 20.189593
92.38 20.190076
92.40 20.190519
92.42 20.190389
92.44 20.190610
92.46 20.190793
92.48 20.192227
92.50 20.192227
92.52 20.192071
92.54 20.192005
92.56 20.191836
92.58 20.190506
92.60 20.190506
92.62 20.190297
92.64 20.190284
92.66 20.190089
92.68 20.190115
92.70 20.190115
92.72 20.190323
92.74 20.190154
92.76 20.189984
92.78 20.189867
92.80 20.189867
92.82 20.189828
92.84 20.189332
92.86 20.188993
92.88 20.189476
92.90 20.189476
92.92 20.189332
92.94 20.189215
92.96 20.189359
92.98 20.189267
93.00 20.189267
93.02 20.189437
93.04 20.189541
93.06 20.189554
93.08 20.188485
93.10 20.188485
93.12 20.188355
93.14 20.188185
93.16 20.188172
93.18 20.187846
93.20 20.187846
93.22 20.187637
93.24 20.187272
93.26 20.187077
93.28 20.187129
93.30 20.187129
93.32 20.187090
93.34 20.187090
93.36 20.186620
93.38 20.185395
93.40 20.185395
93.42 20.184886
93.44 20.184391
93.46 20.184352
93.48 20.183452
93.50 20.183452
93.52 20.183269
93.54 20.182474
93.56 20.182018
93.58 20.181496
93.60 20.181496
93.62 20.181170
93.64 20.181288
93.66 20.181614
93.68 20.181027
93.70 20.181027
93.72 20.180688
93.74 20.180688
93.76 20.180336
93.78 20.180427
93.80 20.180245
93.82 20.180245
93.84 20.180375
93.86 20.179358
93.88 20.178276
93.90 20.178276
93.92 20.177937
93.94 20.177337
93.96 20.177337
93.98 20.177206
94.00 20.176659
94.02 20.176659
94.04 20.176659
94.06 20.176594
94.08 20.176894
94.10 20.176894
94.12 20.176542
94.14 20.176320
94.16 20.176398
94.18 20.175890
94.20 20.175890
94.22 20.175538
94.24 20.452115
94.26 20.749228
94.28 20.749228
94.30 20.749228
94.32 20.917414
94.34 20.917414
94.36 20.927102
94.38 21.070110
94.40 21.070110
94.42 21.070110
94.44 21.119436
94.46 21.175919
94.48 21.175919
94.50 21.175919
94.52 21.175567
94.54 21.243199
94.56 21.290269
94.58 21.290725
94.60 21.290725
94.62 21.348422
94.64 21.403275
94.66 21.494520
94.68 21.494520
94.70 21.494377
94.72 21.557993
94.74 21.562635
94.76 22.121082
94.78 22.121082
94.80 22.121174
94.82 22.252200
94.84 22.251756
94.86 22.525778
94.88 22.525778
94.90 22.525765
94.92 22.568923
94.94 22.568923
94.96 22.802498
94.98 22.802498
95.00 22.827741
95.02 22.885764
95.04 22.885724
95.06 23.309039
95.08 23.309039
95.10 23.309039
95.12 23.370947
95.14 23.371116
95.16 23.603597
95.18 23.603597
95.20 23.604353
95.22 23.565537
95.24 23.564454
95.26 23.658398
95.28 23.658398
95.30 23.658398
95.32 23.461827
95.34 23.431877
95.36 23.379083
95.38 23.379083
95.40 23.609282
95.42 23.639388
95.44 23.760035
95.46 23.916161
95.48 23.916161
95.50 24.001708
95.52 24.107843
95.54 24.152031
95.56 24.309995
95.58 24.309995
95.60 24.368473
95.62 24.672458
95.64 24.706319
95.66 24.832638
95.68 24.832638
95.70 24.880764
95.72 24.926765
95.74 24.921784
95.76 24.634750
95.78 24.634750
95.80 24.634750
95.82 24.704494
95.84 24.700778
95.86 24.586637
95.88 24.586637
95.90 24.586637
95.92 24.911275
95.94 25.475225
95.96 26.358454
95.98 26.358454
96.00 26.358454
96.02 26.928128
96.04 27.713463
96.06 28.828286
96.08 28.828286
96.10 28.828286
96.12 29.968129
96.14 30.844865
96.16 32.158385
96.18 32.504993
96.20 32.504993
96.22 33.302792
96.24 34.085115
96.26 35.392910
96.28 35.851156
96.30 35.851156
96.32 36.771493
96.34 37.718716
96.36 38.930495
96.38 39.334343
96.40 39.334343
96.42 40.041575
96.44 40.880512
96.46 41.580156
96.48 42.274689
96.50 42.274689
96.52 42.941019
96.54 43.804494
96.56 44.689536
96.58 45.603106
96.60 45.603106
96.62 46.222001
96.64 46.965104
96.66 47.760478
96.68 48.523021
96.70 48.523021
96.72 49.366599
96.74 50.336627
96.76 51.826078
96.78 51.826078
96.80 51.826078
96.82 52.554029
96.84 53.279881
96.86 54.066167
96.88 54.520840
96.90 55.071673
96.92 55.071673
96.94 55.963495
96.96 55.963495
96.98 55.963495
97.00 56.064897
97.02 56.425978
97.04 56.704641
97.06 56.713872
97.08 56.713872
97.10 56.738490
97.12 56.788454
97.14 56.598336
97.16 56.581086
97.18 56.581086
97.20 56.511759
97.22 56.515945
97.24 56.446501
97.26 56.479397
97.28 56.479397
97.30 56.556678
97.32 56.641012
97.34 56.671262
97.36 56.618820
97.38 56.618820
97.40 56.729219
97.42 56.831560
97.44 56.767579
97.46 56.829317
97.48 56.829317
97.50 56.894654
97.52 56.854860
97.54 56.926742
97.56 57.023398
97.58 57.023398
97.60 57.050049
97.62 57.088149
97.64 57.249607
97.66 57.268826
97.68 57.268826
97.70 57.385040
97.72 57.401977
97.74 57.596880
97.76 57.650717
97.78 57.650717
97.80 57.617051
97.82 57.683014
97.84 57.815761
97.86 57.899834
97.88 57.899834
97.90 57.887982
97.92 57.849270
97.94 57.852126
97.96 57.813401
97.98 57.813401
98.00 57.880498
98.02 58.054278
98.04 58.445361
98.06 58.731039
98.08 58.731039
98.10 58.893997
98.12 58.973376
98.14 59.080724
98.16 59.059223
98.18 59.059223
98.20 59.049014
98.22 59.066460
98.24 59.111887
98.26 59.320180
98.28 59.320180
98.30 59.348344
98.32 59.411386
98.34 59.501144
98.36 59.427541
98.38 59.427541
98.40 59.441362
98.42 59.447412
98.44 59.424933
98.46 59.503452
98.48 59.503452
98.50 59.428336
98.52 59.417136
98.54 59.408830
98.56 59.208530
98.58 59.208530
98.60 59.308719
98.62 59.292864
98.64 59.321340
98.66 59.226836
98.68 59.226836
98.70 59.174564
98.72 59.249406
98.74 59.271037
98.76 59.306776
98.78 59.306776
98.80 59.377798
98.82 59.532659
98.84 59.529425
98.86 59.641167
98.88 59.641167
98.90 59.623265
98.92 59.481912
98.94 59.406509
98.96 59.238153
98.98 59.238153
99.00 59.167614
99.02 59.209951
99.04 59.199911
99.06 59.153363
99.08 59.153363
99.10 59.153363
99.12 59.163285
99.14 59.122239
99.16 59.122239
99.18 59.205505
99.20 59.111834
99.22 59.151329
99.24 59.353872
99.26 59.353872
99.28 59.330585
99.30 59.405153
99.32 59.397539
99.34 59.311483
99.36 59.311483
99.38 59.351447
99.40 59.178241
99.42 59.002374
99.44 58.490983
99.46 58.236663
99.48 57.899404
99.50 57.042005
99.52 56.621402
99.54 55.248126
99.56 54.787195
99.58 54.296874
99.60 53.258784
99.62 52.726544
99.64 51.274866
99.66 50.831772
99.68 50.341256
99.70 49.309594
99.72 48.822207
99.74 47.402396
99.76 46.951934
99.78 46.490755
99.80 45.476135
99.82 44.940922
99.84 43.480639
99.86 42.950563
99.88 42.516022
99.90 42.050762
99.92 41.086745
99.94 39.830387
99.96 39.544057
99.98 39.076267
100.00 38.633134
100.02 37.811669
100.04 36.233920
100.06 35.620019
100.08 35.140911
100.10 34.685743
100.12 33.676560
100.14 32.354578
100.16 31.959518
100.18 31.474505
100.20 31.031110
100.22 30.003373
100.24 28.332919
100.26 27.833106
100.28 27.294633
100.30 27.294633
100.32 25.747851
100.34 24.739881
100.36 23.776490
100.38 23.219098
100.40 23.219098
100.42 21.979495
100.44 21.059497
100.46 20.747989
100.48 20.580572
100.50 20.580572
100.52 20.445204
100.54 20.384718
100.56 20.373674
100.58 20.368810
100.60 20.368810
100.62 20.363699
100.64 20.356489
100.66 20.353451
100.68 20.351169
100.70 20.351169
100.72 20.345601
100.74 20.341820
100.76 20.338130
100.78 20.336370
100.80 20.336370
100.82 20.332928
100.84 20.327556
100.86 20.325470
100.88 20.324570
100.90 20.324570
100.92 20.322158
100.94 20.319628
100.96 20.317751
100.98 20.316303
101.00 20.316303
101.02 20.314230
101.04 20.310619
101.06 20.308715
101.08 20.307607
101.10 20.307607
101.12 20.306381
101.14 20.303956
101.16 20.302261
101.18 20.301022
101.20 20.299301
101.22 20.299301
101.24 20.297306
101.26 20.296993
101.28 20.296185
101.30 20.295324
101.32 20.293290
101.34 20.292756
101.36 20.292547
101.38 20.292547
101.40 20.291921
101.42 20.290643
101.44 20.289770
101.46 20.289405
101.48 20.289405
101.50 20.288179
101.52 20.287631
101.54 20.286601
101.56 20.285949
101.58 20.292482
101.60 20.292482
101.62 20.302574
101.64 20.310253
101.66 20.312444
101.68 20.312261
101.70 20.312261
101.72 20.311297
101.74 20.309967
101.76 20.309289
101.78 20.308089
101.80 20.306355
101.82 20.304204
101.84 20.302678
101.86 20.302209
101.88 20.301596
101.90 20.300435
101.92 20.296732
101.94 20.295702
101.96 20.295324
101.98 20.294646
102.00 20.294033
102.02 20.291504
102.04 20.290852
102.06 20.290708
102.08 20.289874
102.10 20.287944
102.12 20.285923
102.14 20.284033
102.16 20.284046
102.18 20.282664
102.20 20.282664
102.22 20.280343
102.24 20.278270
102.26 20.277396
102.28 20.277396
102.30 20.275701
102.32 20.272141
102.34 20.270850
102.36 20.270707
102.38 20.270029
102.40 20.268308
102.42 20.265492
102.44 20.263562
102.46 20.263040
102.48 20.262493
102.50 20.261280
102.52 20.256247
102.54 20.256247
102.56 20.256078
102.58 20.256078
102.60 20.244617
102.62 20.229309
102.64 20.224576
102.66 20.221460
102.68 20.221460
102.70 20.217157
102.72 20.213989
102.74 20.213402
102.76 20.213115
102.78 20.213115
102.80 20.212541
102.82 20.212241
102.84 20.211251
102.86 20.210912
102.88 20.210912
102.90 20.210846
102.92 20.209203
102.94 20.208773
102.96 20.216596
102.98 20.216596
103.00 20.276601
103.02 20.404732
103.04 20.437968
103.06 20.462637
103.08 20.462637
103.10 20.469274
103.12 20.469417
103.14 20.469939
103.16 20.469756
103.18 20.469586
103.20 20.469195
103.22 20.468439
103.24 20.468622
103.26 20.468804
103.28 20.468087
103.30 20.467565
103.32 20.466588
103.34 20.464866
103.36 20.463967
103.38 20.464919
103.40 20.464580
103.42 20.463797
103.44 20.465688
103.46 20.466418
103.48 20.466731
103.50 20.466288
103.52 20.467070
103.54 20.466887
103.56 20.466535
103.58 20.467226
103.60 20.467631
103.62 20.467344
103.64 20.466457
103.66 20.465584
103.68 20.465584
103.70 20.466001
103.72 20.465818
103.74 20.465949
103.76 20.465949
103.78 20.467096
103.80 20.468230
103.82 20.468374
103.84 20.468204
103.86 20.468204
103.88 20.469378
103.90 20.469899
103.92 20.468491
103.94 20.460538
103.96 20.450524
103.98 20.412464
104.00 20.358601
104.02 20.302782
104.04 20.278009
104.06 20.278009
104.08 20.225111
104.10 20.207965
104.12 20.205122
104.14 20.204614
104.16 20.204614
104.18 20.204184
104.20 20.204588
104.22 20.204953
104.24 20.204601
104.26 20.204601
104.28 20.204392
104.30 20.204079
104.32 20.203884
104.34 20.203832
104.36 20.203414
104.38 20.202580
104.40 20.203062
104.42 20.202997
104.44 20.202489
104.46 20.202854
104.48 20.201941
104.50 20.201784
104.52 20.201054
104.54 20.200911
104.56 20.200911
104.58 20.200481
104.60 20.200559
104.62 20.199724
104.64 20.199724
104.66 20.199724
104.68 20.199803
104.70 20.199881
104.72 20.199620
104.74 20.199477
104.76 20.199477
104.78 20.198707
104.80 20.197325
104.82 20.197795
104.84 20.197456
104.86 20.197456
104.88 20.196738
104.90 20.196621
104.92 20.196452
104.94 20.196282
104.96 20.196282
104.98 20.196126
105.00 20.195682
105.02 20.195395
105.04 20.195526
105.06 20.195526
105.08 20.195330
105.10 20.194913
105.12 20.194548
105.14 20.194548
105.16 20.193622
105.18 20.192944
105.20 20.192944
105.22 20.192762
105.24 20.192762
105.26 20.191497
105.28 20.191497
105.30 20.190350
105.32 20.190024
105.34 20.190024
105.36 20.190193
105.38 20.190923
105.40 20.191001
105.42 20.191001
105.44 20.191014
105.46 20.190506
105.48 20.190506
105.50 20.190702
105.52 20.190702
105.54 20.190350
105.56 20.190180
105.58 20.190180
105.60 20.189059
105.62 20.189059
105.64 20.188537
105.66 20.188537
105.68 20.188524
105.70 20.231565
105.72 20.231513
105.74 20.231513
105.76 20.231004
105.78 21.066486
105.80 21.066486
105.82 21.066668
105.84 21.066668
105.86 21.130219
105.88 21.393392
105.90 21.393392
105.92 21.393392
105.94 21.393392
105.96 21.442522
105.98 21.554616
106.00 21.554616
106.02 21.554159
106.04 21.554159
106.06 21.554955
106.08 21.669369
106.10 21.724080
106.12 21.724080
106.14 21.724080
106.16 21.734433
106.18 21.876985
106.20 22.226266
106.22 22.226266
106.24 22.226266
106.26 22.248523
106.28 22.378766
106.30 22.491499
106.32 22.505411
106.34 22.505138
106.36 22.505138
106.38 22.932677
106.40 23.034692
106.42 23.051955
106.44 23.110460
106.46 23.110460
106.48 23.346226
106.50 23.346226
106.52 23.346421
106.54 23.346213
106.56 23.403257
106.58 23.558496
106.60 23.621069
106.62 23.621421
106.64 23.621421
106.66 23.620534
106.68 23.790494
106.70 23.889040
106.72 23.888245
106.74 23.947193
106.76 23.947193
106.78 23.417039
106.80 23.362107
106.82 23.362107
106.84 23.362107
106.86 23.362107
106.88 23.307057
106.90 23.276534
106.92 23.277146
106.94 23.277146
106.96 23.276468
106.98 23.330983
107.00 23.386202
107.02 23.393686
107.04 23.393686
107.06 23.950791
107.08 24.086811
107.10 24.197014
107.12 24.222466
107.14 24.222466
107.16 24.461752
107.18 24.441555
107.20 24.243784
107.22 24.243432
107.24 24.243432
107.26 24.319435
107.28 24.312146
107.30 24.312146
107.32 24.312146
107.34 24.312146
107.36 24.207954
107.38 24.208293
107.40 24.208384
107.42 24.190547
107.44 24.190547
107.46 24.284856
107.48 24.268571
107.50 24.268323
107.52 24.507414
107.54 24.507414
107.56 24.695667
107.58 25.115996
107.60 25.513950
107.62 25.951242
107.64 25.951242
107.66 26.782251
107.68 27.639364
107.70 28.732999
107.72 29.088486
107.74 29.088486
107.76 30.006555
107.78 30.714869
107.80 31.784226
107.82 32.787907
107.84 32.787907
107.86 33.165247
107.88 34.217849
107.90 35.464571
107.92 35.911134
107.94 35.911134
107.96 36.459412
107.98 37.639584
108.00 38.338629
108.02 38.546987
108.04 38.546987
108.06 39.501225
108.08 41.339057
108.10 41.794812
108.12 41.794812
108.14 42.059172
108.16 42.765740
108.18 44.650276
108.20 44.650276
108.22 45.164875
108.24 45.540911
108.26 46.374137
108.28 47.902952
108.30 47.902952
108.32 48.274516
108.34 48.713516
108.36 49.690011
108.38 51.364716
108.40 51.364716
108.42 51.890150
108.44 52.372621
108.46 53.157838
108.48 54.982006
108.50 54.982006
108.52 55.411644
108.54 55.875040
108.56 56.580617
108.58 57.625148
108.60 57.625148
108.62 57.614247
108.64 57.686013
108.66 57.869337
108.68 58.206140
108.70 58.206140
108.72 58.282794
108.74 58.349461
108.76 58.477553
108.78 58.514362
108.80 58.514362
108.82 58.507021
108.84 58.495716
108.86 58.420118
108.88 58.578955
108.90 58.578955
108.92 58.606245
108.94 58.648504
108.96 58.804160
108.98 58.870983
109.00 58.870983
109.02 58.902081
109.04 58.947299
109.06 58.957456
109.08 58.817355
109.10 58.817355
109.12 58.820902
109.14 58.759515
109.16 58.643654
109.18 58.648634
109.20 58.648634
109.22 58.569450
109.24 58.598983
109.26 58.663564
109.28 58.646105
109.30 58.646105
109.32 58.684908
109.34 58.592125
109.36 58.460147
109.38 58.274410
109.40 58.274410
109.42 58.275740
109.44 58.238189
109.46 58.205592
109.48 58.182122
109.50 58.182122
109.52 58.167688
109.54 58.158679
109.56 58.195643
109.58 58.210873
109.60 58.210873
109.62 58.230835
109.64 58.297632
109.66 58.353842
109.68 58.378929
109.70 58.378929
109.72 58.379802
109.74 58.410978
109.76 58.419675
109.78 58.512797
109.80 58.512797
109.82 58.526605
109.84 58.538575
109.86 58.492613
109.88 58.538118
109.90 58.538118
109.92 58.536984
109.94 58.531260
109.96 58.545902
109.98 58.599687
110.00 58.599687
110.02 58.613769
110.04 58.605346
110.06 58.608123
110.08 58.661816
110.10 58.661816
110.12 58.667723
110.14 58.669861
110.16 58.824214
110.18 58.908678
110.20 58.995164
110.22 59.082458
110.24 59.165880
110.26 59.165802
110.28 59.165802
110.30 59.234059
110.32 59.341746
110.34 59.333010
110.36 59.446890
110.38 59.569754
110.40 59.531472
110.42 59.529282
110.44 59.604320
110.46 59.690740
110.48 59.740209
110.50 59.702762
110.52 59.745972
110.54 59.755073
110.56 59.760536
110.58 59.763314
110.60 59.811166
110.62 59.821453
110.64 59.784254
110.66 59.917053
110.68 59.992886
110.70 59.981816
110.72 60.018924
110.74 60.046788
110.76 59.956456
110.78 59.846657
110.80 59.888589
110.82 59.851351
110.84 59.865811
110.86 59.871796
110.88 59.951488
110.90 59.897091
110.92 59.920143
110.94 59.900742
110.96 59.726271
110.98 59.564004
111.00 59.385752
111.02 59.096814
111.04 58.692431
111.06 57.424000
111.08 56.467310
111.10 56.034491
111.12 55.554796
111.14 55.060955
111.16 53.632213
111.18 52.632652
111.20 52.065377
111.22 51.538339
111.24 51.059688
111.26 49.510481
111.28 48.583312
111.30 48.071855
111.32 47.531062
111.34 46.986018
111.36 45.635846
111.38 44.718560
111.40 44.252426
111.42 43.747137
111.44 43.311592
111.46 41.867320
111.48 40.828109
111.50 40.394872
111.52 39.899949
111.54 39.349272
111.56 37.858113
111.58 36.902454
111.60 36.387933
111.62 35.907718
111.64 35.516283
111.66 34.107046
111.68 33.217871
111.70 32.742402
111.72 32.238690
111.74 31.698275
111.76 30.182864
111.78 29.181987
111.80 28.714810
111.82 28.231778
111.84 27.761498
111.86 26.327709
111.88 25.267323
111.90 24.740807
111.92 24.153622
111.94 23.679052
111.96 22.291381
111.98 21.548305
112.00 21.177093
112.02 20.987823
112.04 20.835557
112.06 20.548992
112.08 20.416597
112.10 20.389372
112.12 20.385174
112.14 20.381992
112.16 20.372096
112.18 20.367350
112.20 20.364221
112.22 20.361717
112.24 20.359331
112.26 20.349565
112.28 20.349565
112.30 20.347492
112.32 20.345328
112.34 20.343580
112.36 20.339499
112.38 20.335653
112.40 20.335653
112.42 20.333932
112.44 20.331676
112.46 20.329903
112.48 20.327556
112.50 20.324987
112.52 20.323240
112.54 20.320372
112.56 20.318637
112.58 20.317633
112.60 20.317125
112.62 20.316838
112.64 20.314269
112.66 20.312783
112.68 20.310931
112.70 20.310071
112.72 20.309536
112.74 20.306707
112.76 20.305273
112.78 20.304529
112.80 20.303147
112.82 20.302261
112.84 20.300109
112.86 20.298858
112.88 20.298023
112.90 20.301283
112.92 20.304660
112.94 20.315612
112.96 20.322953
112.98 20.324609
113.00 20.324101
113.02 20.322692
113.04 20.319524
113.06 20.317764
113.08 20.316760
113.10 20.315899
113.12 20.314843
113.14 20.311922
113.16 20.310045
113.18 20.309588
113.20 20.308780
113.22 20.307946
113.24 20.304451
113.26 20.302691
113.28 20.301635
113.30 20.300787
113.32 20.299875
113.34 20.296745
113.36 20.294620
113.38 20.294294
113.40 20.293460
113.42 20.291308
113.44 20.289731
113.46 20.287344
113.48 20.287318
113.50 20.285884
113.52 20.283681
113.54 20.279808
113.56 20.278843
113.58 20.278674
113.60 20.277461
113.62 20.274853
113.64 20.273015
113.66 20.270694
113.68 20.270525
113.70 20.269847
113.72 20.269312
113.74 20.267134
113.76 20.265739
113.78 20.264722
113.80 20.264031
113.82 20.262323
113.84 20.259494
113.86 20.258894
113.88 20.259103
113.90 20.256130
113.92 20.249311
113.94 20.238436
113.96 20.228305
113.98 20.225398
114.00 20.222255
114.02 20.220717
114.04 20.218448
114.06 20.216636
114.08 20.216231
114.10 20.216231
114.12 20.215488
114.14 20.214302
114.16 20.213950
114.18 20.213858
114.20 20.213858
114.22 20.213128
114.24 20.213011
114.26 20.212802
114.28 20.212789
114.30 20.212620
114.32 20.212620
114.34 20.211133
114.36 20.211133
114.38 20.211485
114.40 20.211316
114.42 20.211016
114.44 20.210781
114.46 20.210142
114.48 20.209373
114.50 20.209321
114.52 20.209008
114.54 20.209021
114.56 20.208643
114.58 20.208643
114.60 20.208969
114.62 20.208747
114.64 20.208799
114.66 20.208539
114.68 20.209034
114.70 20.209490
114.72 20.210064
114.74 20.210077
114.76 20.210077
114.78 20.210312
114.80 20.209829
114.82 20.209464
114.84 20.208486
114.86 20.208056
114.88 20.207665
114.90 20.207326
114.92 20.207508
114.94 20.207913
114.96 20.208004
114.98 20.208408
115.00 20.208408
115.02 20.208030
115.04 20.208213
115.06 20.208043
115.08 20.207874
115.10 20.208226
115.12 20.207808
115.14 20.207743
115.16 20.207482
115.18 20.207313
115.20 20.207130
115.22 20.207156
115.24 20.207730
115.26 20.207913
115.28 20.207913
115.30 20.208082
115.32 20.208252
115.34 20.208017
115.36 20.207834
115.38 20.207782
115.40 20.207952
115.42 20.207456
115.44 20.207652
115.46 20.207313
115.48 20.207196
115.50 20.206765
115.52 20.206843
115.54 20.206830
115.56 20.206909
115.58 20.206857
115.60 20.206635
115.62 20.205605
115.64 20.205161
115.66 20.204888
115.68 20.204444
115.70 20.204118
115.72 20.203584
115.74 20.203858
115.76 20.203858
115.78 20.203506
115.80 20.203167
115.82 20.203101
115.84 20.202997
115.86 20.202932
115.88 20.202801
115.90 20.202723
115.92 20.201419
115.94 20.201432
115.96 20.201432
115.98 20.201067
116.00 20.200728
116.02 20.201093
116.04 20.200963
116.06 20.200455
116.08 20.200285
116.10 20.200115
116.12 20.200168
116.14 20.200050
116.16 20.199868
116.18 20.199724
116.20 20.199046
116.22 20.198512
116.24 20.197990
116.26 20.197860
116.28 20.197690
116.30 20.197703
116.32 20.198134
116.34 20.197651
116.36 20.197443
116.38 20.197651
116.40 20.197299
116.42 20.196856
116.44 20.196686
116.46 20.197025
116.48 20.197025
116.50 20.197690
116.52 20.197547
116.54 20.197208
116.56 20.197208
116.58 20.196752
116.60 20.196073
116.62 20.196699
116.64 20.196778
116.66 20.197247
116.68 20.197247
116.70 20.197077
116.72 20.196034
116.74 20.195956
116.76 20.195956
116.78 20.195995
116.80 20.196191
116.82 20.195930
116.84 20.195930
116.86 20.196060
116.88 20.196856
116.90 20.196608
116.92 20.196100
116.94 20.195891
116.96 20.196439
116.98 20.195461
117.00 20.195461
117.02 20.194913
117.04 20.195083
117.06 20.195539
117.08 20.195174
117.10 20.269625
117.12 20.269573
117.14 20.269573
117.16 20.269573
117.18 20.302965
117.20 20.898651
117.22 20.985372
117.24 20.985294
117.26 20.985294
117.28 21.016104
117.30 21.330728
117.32 21.906009
117.34 21.934864
117.36 21.964070
117.38 21.965257
117.40 22.347539
117.42 22.497236
117.44 22.497601
117.46 22.497849
117.48 22.498005
117.50 22.648602
117.52 22.773357
117.54 22.773370
117.56 22.773605
117.58 22.838576
117.60 22.950866
117.62 22.997153
117.64 23.061669
117.66 23.061669
117.68 23.060104
117.70 23.220024
117.72 23.344648
117.74 23.344035
117.76 23.344035
117.78 23.410415
117.80 23.535261
117.82 23.637184
117.84 23.637445
117.86 23.638697
117.88 23.638697
117.90 23.840275
117.92 23.894881
117.94 23.894282
117.96 23.989164
117.98 24.324037
118.00 24.498456
118.02 24.593013
118.04 24.736869
118.06 24.736869
118.08 25.179468
118.10 25.329165
118.12 25.370994
118.14 25.412248
118.16 25.412248
118.18 25.496556
118.20 25.152348
118.22 25.137848
118.24 25.705463
118.26 25.705463
118.28 26.123744
118.30 26.717110
118.32 26.802879
118.34 27.325092
118.36 27.325092
118.38 28.142515
118.40 29.071053
118.42 29.473610
118.44 30.205956
118.46 30.205956
118.48 31.183233
118.50 32.145085
118.52 32.492906
118.54 33.339470
118.56 33.339470
118.58 34.081503
118.60 35.528839
118.62 35.952102
118.64 36.833805
118.66 36.833805
118.68 37.933372
118.70 39.198714
118.72 39.532583
118.74 40.506105
118.76 40.506105
118.78 41.611996
118.80 42.872618
118.82 43.379928
118.84 44.328051
118.86 44.328051
118.88 45.305328
118.90 46.687118
118.92 47.100889
118.94 48.073928
118.96 48.356660
118.98 48.654803
119.00 49.867677
119.02 50.296207
119.04 50.680914
119.06 51.013232
119.08 51.376399
119.10 52.069849
119.12 53.287182
119.14 53.287182
119.16 54.312742
119.18 55.777641
119.20 56.254180
119.22 56.766862
119.24 56.766862
119.26 57.444640
119.28 58.261502
119.30 58.417145
119.32 58.604081
119.34 58.604081
119.36 58.810236
119.38 58.857580
119.40 58.857580
119.42 59.126177
119.44 59.126177
119.46 59.108457
119.48 59.437046
119.50 59.437046
119.52 59.512801
119.54 59.512801
119.56 59.726010
119.58 59.781033
119.60 59.781033
119.62 59.893036
119.64 59.893036
119.66 59.901054
119.68 59.827620
119.70 59.827620
119.72 59.799913
119.74 59.799913
119.76 59.815325
119.78 59.978491
119.80 59.978491
119.82 60.093858
119.84 60.093858
119.86 60.046827
119.88 59.896321
119.90 59.896321
119.92 59.850112
119.94 59.850112
119.96 59.883465
119.98 59.983277
120.00 59.983277
120.02 59.938124
120.04 59.939258
120.06 59.939141
120.08 59.850477
120.10 59.850477
120.12 59.867584
120.14 59.855497
120.16 59.865954
120.18 59.964736
120.20 59.964736
120.22 59.941735
120.24 59.965700
120.26 60.004699
120.28 59.881992
120.30 59.881992
120.32 59.941448
120.34 59.900285
120.36 59.864207
120.38 59.965153
120.40 59.965153
120.42 59.931878
120.44 59.948959
120.46 60.046984
120.48 60.074274
120.50 60.074274
120.52 60.045980
120.54 60.200071
120.56 60.167122
120.58 60.207164
120.60 60.207164
120.62 60.180761
120.64 60.070180
120.66 60.079880
120.68 60.095097
120.70 60.089855
120.72 60.051352
120.74 60.089151
120.76 60.047583
120.78 59.979208
120.80 60.006199
120.82 60.054168
120.84 59.973628
120.86 59.998349
120.88 60.006394
120.90 59.963666
120.92 59.957955
120.94 59.907639
120.96 59.885864
120.98 59.847244
121.00 59.833749
121.02 59.918226
121.04 59.954774
121.06 59.915919
121.08 59.906765
121.10 59.994464
121.12 59.977305
121.14 59.967826
121.16 59.957603
121.18 59.918239
121.20 59.937915
121.22 60.010788
121.24 60.020945
121.26 60.031898
121.28 60.081719
121.30 60.053829
121.32 59.967682
121.34 59.994229
121.36 59.994229
121.38 60.019759
121.40 59.998988
121.42 60.012105
121.44 59.989679
121.46 59.944956
121.48 59.965753
121.50 60.030646
121.52 59.950758
121.54 59.905748
121.56 59.857753
121.58 59.737314
121.60 59.642327
121.62 59.248897
121.64 58.975463
121.66 58.235907
121.68 57.334189
121.70 56.892112
121.72 55.979532
121.74 55.474230
121.76 54.524947
121.78 53.509792
121.80 53.036500
121.82 52.037383
121.84 51.564795
121.86 50.583215
121.88 49.710938
121.90 49.186743
121.92 48.288102
121.94 47.742732
121.96 46.828158
121.98 45.735410
122.00 45.250891
122.02 44.214927
122.04 43.729131
122.06 42.804908
122.08 41.924026
122.10 41.407745
122.12 40.405147
122.14 39.857325
122.16 38.759518
122.18 37.768433
122.20 37.217991
122.22 36.231508
122.24 35.735098
122.26 34.875626
122.28 33.741232
122.30 33.263233
122.32 32.353705
122.34 31.861493
122.36 30.891479
122.38 29.971546
122.40 29.499036
122.42 28.548084
122.44 28.130597
122.46 27.072337
122.48 26.161922
122.50 25.691029
122.52 24.651987
122.54 24.089328
122.56 23.133642
122.58 22.203878
122.60 21.807501
122.62 21.173260
122.64 20.981395
122.66 20.661190
122.68 20.490618
122.70 20.436586
122.72 20.404680
122.74 20.396152
122.76 20.388121
122.78 20.380962
122.80 20.378394
122.82 20.374117
122.84 20.371483
122.86 20.368576
122.88 20.363777
122.90 20.362148
122.92 20.357858
122.94 20.355889
122.96 20.353125
122.98 20.349396
123.00 20.348183
123.02 20.346058
123.04 20.342498
123.06 20.339812
123.08 20.336709
123.10 20.335770
123.12 20.333567
123.14 20.332393
123.16 20.330098
123.18 20.327843
123.20 20.327204
123.22 20.325535
123.24 20.322940
123.26 20.321519
123.28 20.318924
123.30 20.317907
123.32 20.316734
123.34 20.314843
123.36 20.313526
123.38 20.311010
123.40 20.311010
123.42 20.310071
123.44 20.309028
123.46 20.307998
123.48 20.307476
123.50 20.308115
123.52 20.309588
123.54 20.316603
123.56 20.323579
123.58 20.326656
123.60 20.330646
123.62 20.334597
123.64 20.333423
123.66 20.331246
123.68 20.330124
123.70 20.328025
123.72 20.326826
123.74 20.325052
123.76 20.323527
123.78 20.322666
123.80 20.320841
123.82 20.319850
123.84 20.318572
123.86 20.315847
123.88 20.314934
123.90 20.313852
123.92 20.313148
123.94 20.310619
123.96 20.309406
123.98 20.308741
124.00 20.307972
124.02 20.307111
124.04 20.305234
124.06 20.303408
124.08 20.302561
124.10 20.302130
124.12 20.301531
124.14 20.299992
124.16 20.298310
124.18 20.297489
124.20 20.296080
124.22 20.295129
124.24 20.293420
124.26 20.292260
124.28 20.291921
124.30 20.290865
124.32 20.289926
124.34 20.288127
124.36 20.285389
124.38 20.284137
124.40 20.283107
124.42 20.282664
124.44 20.280982
124.46 20.279221
124.48 20.277448
124.50 20.274736
124.52 20.272637
124.54 20.266078
124.56 20.255139
124.58 20.250849
124.60 20.247785
124.62 20.238162
124.64 20.234720
124.66 20.233156
124.68 20.232647
124.70 20.232504
124.72 20.232021
124.74 20.231395
124.76 20.231069
124.78 20.231069
124.80 20.229870
124.82 20.229179
124.84 20.228840
124.86 20.227914
124.88 20.227914
124.90 20.227053
124.92 20.226975
124.94 20.226415
124.96 20.225737
124.98 20.225737
125.00 20.224224
125.02 20.223963
125.04 20.223572
125.06 20.223298
125.08 20.223181
125.10 20.222320
125.12 20.222086
125.14 20.222216
125.16 20.221186
125.18 20.221134
125.20 20.220899
125.22 20.220260
125.24 20.219895
125.26 20.219700
125.28 20.219582
125.30 20.219230
125.32 20.218670
125.34 20.218709
125.36 20.218696
125.38 20.218696
125.40 20.218578
125.42 20.218578
125.44 20.218331
125.46 20.217770
125.48 20.217483
125.50 20.216818
125.52 20.216492
125.54 20.216583
125.56 20.216662
125.58 20.216662
125.60 20.216244
125.62 20.216114
125.64 20.215814
125.66 20.215280
125.68 20.215110
125.70 20.215110
125.72 20.214810
125.74 20.214927
125.76 20.215384
125.78 20.215423
125.80 20.215592
125.82 20.215071
125.84 20.215240
125.86 20.215240
125.88 20.215475
125.90 20.215853
125.92 20.216036
125.94 20.215397
125.96 20.215762
125.98 20.216036
126.00 20.215984
126.02 20.215632
126.04 20.215710
126.06 20.215527
126.08 20.215345
126.10 20.215227
126.12 20.214732
126.14 20.214914
126.16 20.215149
126.18 20.215110
126.20 20.215058
126.22 20.215084
126.24 20.214458
126.26 20.214458
126.28 20.214041
126.30 20.214432
126.32 20.214588
126.34 20.214510
126.36 20.214862
126.38 20.214302
126.40 20.214419
126.42 20.213910
126.44 20.213350
126.46 20.213298
126.48 20.213063
126.50 20.212946
126.52 20.212802
126.54 20.212698
126.56 20.212698
126.58 20.212176
126.60 20.212007
126.62 20.212189
126.64 20.212476
126.66 20.212085
126.68 20.211681
126.70 20.211303
126.72 20.210390
126.74 20.208799
126.76 20.208851
126.78 20.208995
126.80 20.208473
126.82 20.208330
126.84 20.208356
126.86 20.208356
126.88 20.206843
126.90 20.206504
126.92 20.206361
126.94 20.206322
126.96 20.206322
126.98 20.206661
127.00 20.206139
127.02 20.205800
127.04 20.204614
127.06 20.204549
127.08 20.204431
127.10 20.204236
127.12 20.204027
127.14 20.203779
127.16 20.203740
127.18 20.203401
127.20 20.203232
127.22 20.201889
127.24 20.201615
127.26 20.201289
127.28 20.201289
127.30 20.200598
127.32 20.199842
127.34 20.199842
127.36 20.199229
127.38 20.199229
127.40 20.198564
127.42 20.198564
127.44 20.198603
127.46 20.198603
127.48 20.198303
127.50 20.198121
127.52 20.197651
127.54 20.196543
127.56 20.196595
127.58 20.196843
127.60 20.430679
127.62 20.473224
127.64 20.473224
127.66 21.034580
127.68 21.194565
127.70 21.209403
127.72 21.225154
127.74 21.377211
127.76 21.377028
127.78 21.434555
127.80 21.434555
127.82 21.434881
127.84 21.550091
127.86 21.550091
127.88 21.550078
127.90 21.598647
127.92 21.644948
127.94 21.702657
127.96 21.718317
127.98 21.769363
128.00 21.768098
128.02 21.983394
128.04 21.983394
128.06 22.337473
128.08 22.428314
128.10 22.672776
128.12 22.826242
128.14 22.826242
128.16 22.933120
128.18 22.934372
128.20 22.997988
128.22 23.114176
128.24 23.170007
128.26 23.226856
128.28 23.226217
128.30 23.375537
128.32 23.375537
128.34 23.431773
128.36 23.487826
128.38 23.487826
128.40 23.487448
128.42 23.661919
128.44 23.717724
128.46 23.717555
128.48 23.789842
128.50 23.874828
128.52 23.971445
128.54 24.044266
128.56 24.052337
128.58 24.351367
128.60 24.736504
128.62 24.705159
128.64 24.705159
128.66 24.786964
128.68 24.546986
128.70 24.310073
128.72 24.310073
128.74 24.380991
128.76 24.376479
128.78 24.376479
128.80 24.499708
128.82 24.571304
128.84 24.571304
128.86 24.707545
128.88 24.708067
128.90 24.857399
128.92 24.954055
128.94 25.018792
128.96 25.593291
128.98 25.821312
129.00 26.456179
129.02 27.057720
129.04 27.390285
129.06 27.805360
129.08 28.145657
129.10 28.993330
129.12 29.550434
129.14 29.911450
129.16 30.829088
129.18 31.212661
129.20 31.918460
129.22 32.755440
129.24 33.131555
129.26 34.035242
129.28 34.421383
129.30 35.593759
129.32 36.464627
129.34 36.860821
129.36 37.718090
129.38 38.247736
129.40 39.198127
129.42 40.090483
129.44 40.557321
129.46 41.550480
129.48 42.025923
129.50 43.072788
129.52 43.929223
129.54 44.298622
129.56 45.187654
129.58 45.577550
129.60 45.911993
129.62 46.246697
129.64 47.080014
129.66 47.917425
129.68 48.377078
129.70 49.199195
129.72 49.653425
129.74 50.585275
129.76 51.485298
129.78 51.921704
129.80 52.717156
129.82 53.153353
129.84 54.062347
129.86 54.934076
129.88 55.379113
129.90 56.318239
129.92 56.670727
129.94 57.344046
129.96 57.719405
129.98 57.907970
130.00 58.309745
130.02 58.413038
130.04 58.475806
130.06 58.709486
130.08 58.739162
130.10 58.929423
130.12 59.008085
130.14 59.088430
130.16 59.067177
130.18 59.170835
130.20 59.190419
130.22 59.269499
130.24 59.361082
130.26 59.421074
130.28 59.420774
130.30 59.370888
130.32 59.375673
130.34 59.403432
130.36 59.335487
130.38 59.306176
130.40 59.334027
130.42 59.425833
130.44 59.368853
130.46 59.400968
130.48 59.554003
130.50 59.559714
130.52 59.538526
130.54 59.577369
130.56 59.539726
130.58 59.447568
130.60 59.448781
130.62 59.602181
130.64 59.516908
130.66 59.483646
130.68 59.506868
130.70 59.582023
130.72 59.529803
130.74 59.575113
130.76 59.594906
130.78 59.556363
130.80 59.526544
130.82 59.623291
130.84 59.651311
130.86 59.563769
130.88 59.461702
130.90 59.502578
130.92 59.372087
130.94 59.204318
130.96 59.173586
130.98 59.222937
131.00 59.186690
131.02 59.150612
131.04 59.175737
131.06 59.190106
131.08 59.142645
131.10 59.133779
131.12 59.138120
131.14 59.116985
131.16 59.114899
131.18 59.196873
131.20 59.201215
131.22 59.191788
131.24 59.186259
131.26 59.186259
131.28 59.202884
131.30 59.198672
131.32 59.230395
131.34 59.208582
131.36 59.213536
131.38 59.204774
131.40 59.227579
131.42 59.180770
131.44 59.159739
131.46 59.159739
131.48 59.159830
131.50 59.127233
131.52 59.106097
131.54 59.103424
131.56 59.103777
131.58 59.079003
131.60 59.059706
131.62 59.001540
131.64 59.023875
131.66 59.023875
131.68 59.038713
131.70 59.022193
131.72 58.975684
131.74 59.015517
131.76 59.015517
131.78 59.006273
131.80 58.982973
131.82 59.038244
131.84 58.973155
131.86 58.973155
131.88 59.050500
131.90 59.128550
131.92 59.249732
131.94 59.406118
131.96 59.406118
131.98 59.597331
132.00 59.534862
132.02 59.587956
132.04 59.646800
132.06 59.646800
132.08 59.464988
132.10 59.517899
132.12 59.450189
132.14 59.357823
132.16 59.357823
132.18 59.442979
132.20 59.440892
132.22 59.378554
132.24 59.394748
132.26 59.394748
132.28 59.323661
132.30 59.231804
132.32 59.322214
132.34 59.237645
132.36 59.168644
132.38 58.916984
132.40 58.505574
132.42 57.770542
132.44 57.770542
132.46 56.962586
132.48 55.892525
132.50 54.854396
132.52 53.991090
132.54 53.991090
132.56 53.034114
132.58 52.080385
132.60 51.129589
132.62 50.071081
132.64 50.071081
132.66 49.090961
132.68 48.117647
132.70 47.164309
132.72 46.272344
132.74 46.272344
132.76 44.719056
132.78 44.269285
132.80 43.399434
132.82 42.442380
132.84 42.442380
132.86 41.475507
132.88 40.513785
132.90 39.393812
132.92 38.386741
132.94 38.386741
132.96 37.511036
132.98 36.535688
133.00 35.487950
133.02 34.552892
133.04 34.552892
133.06 33.534999
133.08 32.706245
133.10 31.911719
133.12 31.034904
133.14 30.618213
133.16 30.192265
133.18 29.207647
133.20 28.208165
133.22 27.318742
133.24 27.318742
133.26 26.354712
133.28 25.414282
133.30 24.442090
133.32 23.504568
133.34 23.504568
133.36 22.533471
133.38 21.835417
133.40 21.216731
133.42 20.821384
133.44 20.821384
133.46 20.724089
133.48 20.671595
133.50 20.657878
133.52 20.650564
133.54 20.650564
133.56 20.645088
133.58 20.640746
133.60 20.635165
133.62 20.632831
133.64 20.632831
133.66 20.628607
133.68 20.625686
133.70 20.621527
133.72 20.617928
133.74 20.617928
133.76 20.614655
133.78 20.611630
133.80 20.607940
133.82 20.605750
133.84 20.605750
133.86 20.603351
133.88 20.600365
133.90 20.597614
133.92 20.595840
133.94 20.595840
133.96 20.594536
133.98 20.592802
134.00 20.587730
134.02 20.564717
134.04 20.564717
134.06 20.525353
134.08 20.465805
134.10 20.403272
134.12 20.358744
134.14 20.358744
134.16 20.328586
134.18 20.320280
134.20 20.317268
134.22 20.315234
134.24 20.315234
134.26 20.313461
134.28 20.312131
134.30 20.310814
134.32 20.309132
134.34 20.309132
134.36 20.307815
134.38 20.307242
134.40 20.305664
134.42 20.304230
134.44 20.303721
134.46 20.303408
134.48 20.302417
134.50 20.301870
134.52 20.301348
134.54 20.301348
134.56 20.300996
134.58 20.299418
134.60 20.298258
134.62 20.298258
134.64 20.297084
134.66 20.296967
134.68 20.296093
134.70 20.295207
134.72 20.295207
134.74 20.294346
134.76 20.295872
134.78 20.302039
134.80 20.309145
134.82 20.309145
134.84 20.317503
134.86 20.322054
134.88 20.322705
134.90 20.321649
134.92 20.320593
134.94 20.320124
134.96 20.318559
134.98 20.316747
135.00 20.315573
135.02 20.315573
135.04 20.313630
135.06 20.311623
135.08 20.310267
135.10 20.308884
135.12 20.308884
135.14 20.307933
135.16 20.306055
135.18 20.303786
135.20 20.302939
135.22 20.302939
135.24 20.301348
135.26 20.300005
135.28 20.298623
135.30 20.297945
135.32 20.297110
135.34 20.296445
135.36 20.295259
135.38 20.293890
135.40 20.293173
135.42 20.293173
135.44 20.291426
135.46 20.289835
135.48 20.287344
135.50 20.286706
135.52 20.286706
135.54 20.284359
135.56 20.282742
135.58 20.281125
135.60 20.280121
135.62 20.280121
135.64 20.278504
135.66 20.276457
135.68 20.274410
135.70 20.273693
135.72 20.273693
135.74 20.272141
135.76 20.270564
135.78 20.265974
135.80 20.257968
135.82 20.253053
135.84 20.247681
135.86 20.238867
135.88 20.232347
135.90 20.231148
135.92 20.231148
135.94 20.229987
135.96 20.229883
135.98 20.228866
136.00 20.228566
136.02 20.228175
136.04 20.227718
136.06 20.227314
136.08 20.227040
136.10 20.226910
136.12 20.226910
136.14 20.226336
136.16 20.225919
136.18 20.225750
136.20 20.224889
136.22 20.224889
136.24 20.224146
136.26 20.223807
136.28 20.224068
136.30 20.223911
136.32 20.223911
136.34 20.223442
136.36 20.223051
136.38 20.223259
136.40 20.223377
136.42 20.223377
136.44 20.222998
136.46 20.222855
136.48 20.222151
136.50 20.222203
136.52 20.222203
136.54 20.222268
136.56 20.222216
136.58 20.221864
136.60 20.221303
136.62 20.221603
136.64 20.221603
136.66 20.221812
136.68 20.222177
136.70 20.221343
136.72 20.221512
136.74 20.221408
136.76 20.220873
136.78 20.220990
136.80 20.220990
136.82 20.221134
136.84 20.221447
136.86 20.221538
136.88 20.221564
136.90 20.221564
136.92 20.221773
136.94 20.221134
136.96 20.221408
136.98 20.221121
137.00 20.221121
137.02 20.221121
137.04 20.221160
137.06 20.220990
137.08 20.220938
137.10 20.220938
137.12 20.220678
137.14 20.221043
137.16 20.221382
137.18 20.221082
137.20 20.221082
137.22 20.221290
137.24 20.220821
137.26 20.220208
137.28 20.219152
137.30 20.219152
137.32 20.219322
137.34 20.219713
137.36 20.219713
137.38 20.219256
137.40 20.219256
137.42 20.219478
137.44 20.218826
137.46 20.218996
137.48 20.218604
137.50 20.218604
137.52 20.218722
137.54 20.218617
137.56 20.217744
137.58 20.217418
137.60 20.217418
137.62 20.216766
137.64 20.216257
137.66 20.216075
137.68 20.216036
137.70 20.216036
137.72 20.215984
137.74 20.215566
137.76 20.215280
137.78 20.214132
137.80 20.214132
137.82 20.213584
137.84 20.213637
137.86 20.213806
137.88 20.212737
137.90 20.212737
137.92 20.212085
137.94 20.211850
137.96 20.212307
137.98 20.212007
138.00 20.212007
138.02 20.212541
138.04 20.212789
138.06 20.212111
138.08 20.211629
138.10 20.211629
138.12 20.210964
138.14 20.209973
138.16 20.209608
138.18 20.209477
138.20 20.209477
138.22 20.209595
138.24 20.209595
138.26 20.209934
138.28 20.209751
138.30 20.209751
138.32 20.209256
138.34 20.209073
138.36 20.207913
138.38 20.207574
138.40 20.207222
138.42 20.207261
138.44 20.207235
138.46 20.207196
138.48 20.207274
138.50 20.207274
138.52 20.206544
138.54 20.206544
138.56 20.206544
138.58 20.205879
138.60 20.205201
138.62 20.204992
138.64 20.204536
138.66 20.204679
138.68 20.204705
138.70 20.204523
138.72 20.204901
138.74 20.205892
138.76 20.205892
138.78 20.204809
138.80 20.207743
138.82 20.207026
138.84 20.206244
138.86 20.264279
138.88 20.264657
138.90 20.264657
138.92 20.530112
138.94 20.893501
138.96 20.893501
138.98 21.039482
139.00 21.039482
139.02 21.380353
139.04 21.419861
139.06 21.419561
139.08 21.419561
139.10 21.477179
139.12 21.477348
139.14 21.810305
139.16 21.810305
139.18 21.810305
139.20 21.887324
139.22 21.887168
139.24 21.952596
139.26 22.151919
139.28 22.218338
139.30 22.219616
139.32 22.567606
139.34 22.635877
139.36 22.722675
139.38 22.722675
139.40 22.768976
139.42 22.899011
139.44 22.898528
139.46 23.001691
139.48 23.001691
139.50 23.055775
139.52 23.113080
139.54 23.182381
139.56 23.292180
139.58 23.348012
139.60 23.348012
139.62 23.405473
139.64 23.484045
139.66 23.553502
139.68 23.585408
139.70 23.744897
139.72 23.822477
139.74 24.214030
139.76 24.421189
139.78 24.450722
139.80 24.783495
139.82 24.838949
139.84 24.949348
139.86 25.047229
139.88 25.047568
139.90 24.988920
139.92 25.045600
139.94 25.021817
139.96 24.806757
139.98 24.806405
140.00 24.698913
140.02 24.769987
140.04 24.627070
140.06 24.659732
140.08 24.659732
140.10 24.707154
140.12 24.765046
140.14 24.832704
140.16 24.800824
140.18 24.800641
140.20 24.839953
140.22 24.897910
140.24 24.943207
140.26 24.731341
140.28 24.731171
140.30 24.777211
140.32 24.629665
140.34 24.701326
140.36 24.701339
140.38 24.671689
140.40 24.730311
140.42 24.618399
140.44 24.676317
140.46 24.675522
140.48 24.674687
140.50 24.733414
140.52 24.734079
140.54 24.775998
140.56 24.776976
140.58 24.776546
140.60 24.851114
140.62 24.850893
140.64 24.904847
140.66 24.904677
140.68 24.904664
140.70 24.918563
140.72 24.909828
140.74 24.645533
140.76 24.581004
140.78 24.553075
140.80 24.281075
140.82 24.259704
140.84 24.244932
140.86 24.238777
140.88 24.238777
140.90 24.237852
140.92 24.237291
140.94 24.235974
140.96 24.235596
140.98 24.235596
141.00 24.234970
141.02 24.233901
141.04 24.233901
141.06 24.233888
141.08 24.234318
141.10 24.234227
141.12 24.233888
141.14 24.234866
141.16 24.235387
141.18 24.235387
141.20 24.235739
141.22 24.239234
141.24 24.546595
141.26 24.546595
141.28 24.704598
141.30 24.943102
141.32 25.489750
141.34 25.972587
141.36 26.375913
141.38 27.166606
141.40 27.492248
141.42 28.188333
141.44 28.609705
141.46 29.539182
141.48 30.306823
141.50 30.661150
141.52 31.426809
141.54 31.754850
141.56 32.646345
141.58 33.401248
141.60 33.793934
141.62 34.691180
141.64 35.172022
141.66 35.959260
141.68 36.828616
141.70 37.195355
141.72 38.073291
141.74 38.464974
141.76 39.494458
141.78 40.361232
141.80 40.796151
141.82 41.539553
141.84 41.982830
141.86 42.809263
141.88 43.168219
141.90 44.076795
141.92 44.925276
141.94 45.399311
141.96 46.195650
141.98 46.654222
142.00 47.433050
142.02 48.350623
142.04 48.804905
142.06 49.867885
142.08 50.280169
142.10 51.192605
142.12 52.064060
142.14 52.417318
142.16 53.274209
142.18 53.705190
142.20 54.508062
142.22 55.373024
142.24 55.763650
142.26 56.309594
142.28 56.632941
142.30 57.116612
142.32 57.420688
142.34 57.667850
142.36 57.900473
142.38 57.978406
142.40 58.199764
142.42 58.373896
142.44 58.393102
142.46 58.464489
142.48 58.548536
142.50 58.593324
142.52 58.665363
142.54 58.708273
142.56 58.719304
142.58 58.789452
142.60 58.974615
142.62 59.012584
142.64 58.963623
142.66 58.940780
142.68 58.998789
142.70 58.980782
142.72 58.949020
142.74 59.017043
142.76 59.059380
142.78 58.983794
142.80 59.055807
142.82 59.164954
142.84 59.140898
142.86 59.159713
142.88 59.233081
142.90 59.301874
142.92 59.283802
142.94 59.313217
142.96 59.307219
142.98 59.311314
143.00 59.288483
143.02 59.277035
143.04 59.301835
143.06 59.348018
143.08 59.315004
143.10 59.308432
143.12 59.368019
143.14 59.288040
143.16 59.249471
143.18 59.300935
143.20 59.284845
143.22 59.285223
143.24 59.363103
143.26 59.507911
143.28 59.512788
143.30 59.559062
143.32 59.649251
143.34 59.611126
143.36 59.587643
143.38 59.647086
143.40 59.674168
143.42 59.674168
143.44 59.693257
143.46 59.666892
143.48 59.624751
143.50 59.426302
143.52 59.428440
143.54 59.412572
143.56 59.295276
143.58 59.118028
143.60 59.251440
143.62 59.223133
143.64 59.197290
143.66 59.197290
143.68 59.280203
143.70 59.149699
143.72 59.114807
143.74 59.183939
143.76 59.165332
143.78 59.080216
143.80 59.093932
143.82 59.163416
143.84 59.134065
143.86 59.134065
143.88 59.295993
143.90 59.374969
143.92 59.354524
143.94 59.373508
143.96 59.373508
143.98 59.408987
144.00 59.401907
144.02 59.448364
144.04 59.425637
144.06 59.425637
144.08 59.468039
144.10 59.485211
144.12 59.501183
144.14 59.439941
144.16 59.439941
144.18 59.425220
144.20 59.355450
144.22 59.397265
144.24 59.452810
144.26 59.452810
144.28 59.413537
144.30 59.388503
144.32 59.309879
144.34 59.179518
144.36 59.179518
144.38 59.231230
144.40 59.090373
144.42 59.136621
144.44 59.223341
144.46 59.223341
144.48 59.191410
144.50 59.440397
144.52 59.513453
144.54 59.560079
144.56 59.560079
144.58 59.844923
144.60 59.726127
144.62 59.661129
144.64 59.644009
144.66 59.644009
144.68 59.507012
144.70 59.058154
144.72 58.840681
144.74 58.296720
144.76 58.296720
144.78 57.396292
144.80 56.060059
144.82 55.526581
144.84 54.529641
144.86 54.529641
144.88 53.548713
144.90 51.984472
144.92 51.523867
144.94 50.599539
144.96 50.599539
144.98 49.564136
145.00 48.147662
145.02 47.608212
145.04 46.654834
145.06 46.654834
145.08 45.765816
145.10 44.209751
145.12 43.858462
145.14 42.893793
145.16 42.893793
145.18 41.913334
145.20 40.528845
145.22 39.931763
145.24 38.943416
145.26 38.943416
145.28 37.920608
145.30 37.045202
145.32 36.070219
145.34 35.198868
145.36 35.198868
145.38 34.265466
145.40 33.202225
145.42 32.197697
145.44 31.718550
145.46 31.039677
145.48 29.469177
145.50 28.537118
145.52 28.109983
145.54 27.610170
145.56 27.120958
145.58 25.860662
145.60 25.384358
145.62 25.009769
145.64 24.363832
145.66 23.878570
145.68 22.311213
145.70 21.565464
145.72 21.218034
145.74 20.934195
145.76 20.625673
145.78 20.493591
145.80 20.417301
145.82 20.411356
145.84 20.404276
145.86 20.397378
145.88 20.391628
145.90 20.387221
145.92 20.385226
145.94 20.382983
145.96 20.378407
145.98 20.373713
146.00 20.369475
146.02 20.367598
146.04 20.365916
146.06 20.361809
146.08 20.358692
146.10 20.355054
146.12 20.353112
146.14 20.351625
146.16 20.349722
146.18 20.348718
146.20 20.344037
146.22 20.342733
146.24 20.341898
146.26 20.339291
146.28 20.335549
146.30 20.334532
146.32 20.333319
146.34 20.332432
146.36 20.330138
146.38 20.329029
146.40 20.328390
146.42 20.327725
146.44 20.327099
146.46 20.325770
146.48 20.324075
146.50 20.322340
146.52 20.322171
146.54 20.321532
146.56 20.319654
146.58 20.316760
146.60 20.316082
146.62 20.315052
146.64 20.314882
146.66 20.321780
146.68 20.325574
146.70 20.331963
146.72 20.334375
146.74 20.337465
146.76 20.338743
146.78 20.338743
146.80 20.334688
146.82 20.333932
146.84 20.332080
146.86 20.330542
146.88 20.327491
146.90 20.326969
146.92 20.326265
146.94 20.325417
146.96 20.322810
146.98 20.320958
147.00 20.319667
147.02 20.318820
147.04 20.318220
147.06 20.317333
147.08 20.314152
147.10 20.313291
147.12 20.313148
147.14 20.312483
147.16 20.308976
147.18 20.307724
147.20 20.306850
147.22 20.306642
147.24 20.305781
147.26 20.303108
147.28 20.301192
147.30 20.300383
147.32 20.300044
147.34 20.299197
147.36 20.297997
147.38 20.294646
147.40 20.293981
147.42 20.293981
147.44 20.293499
147.46 20.292299
147.48 20.288440
147.50 20.287605
147.52 20.286901
147.54 20.286067
147.56 20.284645
147.58 20.282064
147.60 20.281047
147.62 20.280734
147.64 20.280069
147.66 20.274267
147.68 20.258829
147.70 20.254422
147.72 20.251084
147.74 20.246051
147.76 20.241905
147.78 20.241357
147.80 20.240509
147.82 20.240340
147.84 20.240157
147.86 20.239088
147.88 20.238762
147.90 20.238293
147.92 20.237928
147.94 20.237667
147.96 20.237067
147.98 20.237211
148.00 20.237576
148.02 20.237589
148.04 20.252270
148.06 20.272637
148.08 20.315469
148.10 20.343711
148.12 20.375773
148.14 20.400938
148.16 20.469560
148.18 20.491961
148.20 20.495599
148.22 20.495520
148.24 20.495690
148.26 20.495481
148.28 20.495494
148.30 20.495820
148.32 20.496616
148.34 20.496785
148.36 20.495846
148.38 20.494921
148.40 20.494947
148.42 20.494764
148.44 20.494347
148.46 20.494569
148.48 20.495090
148.50 20.494217
148.52 20.493591
148.54 20.494360
148.56 20.494347
148.58 20.493291
148.60 20.493656
148.62 20.493486
148.64 20.492248
148.66 20.491844
148.68 20.491752
148.70 20.491518
148.72 20.491635
148.74 20.491583
148.76 20.491296
148.78 20.491153
148.80 20.491153
148.82 20.491153
148.84 20.490827
148.86 20.489953
148.88 20.489105
148.90 20.488375
148.92 20.488154
148.94 20.488558
148.96 20.488232
148.98 20.488232
149.00 20.487893
149.02 20.487280
149.04 20.487084
149.06 20.470473
149.08 20.450472
149.10 20.433352
149.12 20.401551
149.14 20.368028
149.16 20.286314
149.18 20.239753
149.20 20.224615
149.22 20.223716
149.24 20.223703
149.26 20.222555
149.28 20.221968
149.30 20.221955
149.32 20.221838
149.34 20.221838
149.36 20.220182
149.38 20.219582
149.40 20.219243
149.42 20.219413
149.44 20.219335
149.46 20.218996
149.48 20.219295
149.50 20.219204
149.52 20.218865
149.54 20.218696
149.56 20.219217
149.58 20.218839
149.60 20.218578
149.62 20.218187
149.64 20.218109
149.66 20.217001
149.68 20.217248
149.70 20.217392
149.72 20.217261
149.74 20.217392
149.76 20.217209
149.78 20.216870
149.80 20.216818
149.82 20.216596
149.84 20.216688
149.86 20.215579
149.88 20.214641
149.90 20.214901
149.92 20.214836
149.94 20.214680
149.96 20.214497
149.98 20.214015
150.00 20.214015
150.02 20.214015
150.04 20.214471
150.06 20.214784
150.08 20.214706
150.10 20.214132
150.12 20.214458
150.14 20.213741
150.16 20.213650
150.18 20.213558
150.20 20.213298
150.22 20.213480
150.24 20.214002
150.26 20.214184
150.28 20.214002
150.30 20.214002
150.32 20.213832
150.34 20.213989
150.36 20.214380
150.38 20.213963
150.40 20.213363
150.42 20.213454
150.44 20.211863
150.46 20.211863
150.48 20.212281
150.50 20.212281
150.52 20.211394
150.54 20.211381
150.56 20.211055
150.58 20.210820
150.60 20.210912
150.62 20.211420
150.64 20.211355
150.66 20.211303
150.68 20.210755
150.70 20.210573
150.72 20.210234
150.74 20.209595
150.76 20.209738
150.78 20.209738
150.80 20.209738
150.82 20.209556
150.84 20.210090
150.86 20.390024
150.88 20.389346
150.90 20.389242
150.92 20.423221
150.94 20.454175
150.96 20.703331
150.98 20.703123
151.00 20.702966
151.02 20.702966
151.04 21.037592
151.06 21.458990
151.08 21.459107
151.10 21.499045
151.12 21.499045
151.14 21.906570
151.16 21.985167
151.18 22.014126
151.20 22.332049
151.22 22.362220
151.24 22.509897
151.26 22.622929
151.28 22.623047
151.30 22.683064
151.32 22.683064
151.34 22.797153
151.36 22.900015
151.38 22.900015
151.40 22.956381
151.42 22.957020
151.44 23.128388
151.46 23.424640
151.48 23.423871
151.50 23.510631
151.52 23.542289
151.54 23.945745
151.56 24.071517
151.58 24.071517
151.60 24.169698
151.62 24.169698
151.64 24.327819
151.66 24.667399
151.68 24.667399
151.70 24.667399
151.72 24.667399
151.74 24.667399
151.76 24.667399
151.78 24.866682
151.80 24.866682
151.82 24.866682
151.84 24.952712
151.86 24.933688
151.88 24.933675
151.90 24.988816
151.92 25.021608
151.94 25.048677
151.96 24.928929
151.98 25.046304
152.00 25.133846
152.02 25.133846
152.04 25.307169
152.06 25.186313
152.08 26.145962
152.10 26.145962
152.12 26.145962
152.14 27.466653
152.16 27.935682
152.18 28.797632
152.20 28.946025
152.22 29.681239
152.24 30.435137
152.26 30.774274
152.28 31.491976
152.30 31.856708
152.32 32.861341
152.34 33.727880
152.36 34.074319
152.38 34.858389
152.40 34.858389
152.42 36.171699
152.44 36.781403
152.46 37.224262
152.48 37.736631
152.50 38.114141
152.52 39.420229
152.54 40.174218
152.56 40.569004
152.58 41.010364
152.60 41.925030
152.62 42.816330
152.64 43.634000
152.66 44.079090
152.68 44.593571
152.70 44.985345
152.72 46.369795
152.74 47.297265
152.76 47.750386
152.78 48.209414
152.80 49.091873
152.82 50.004009
152.84 50.770190
152.86 51.153515
152.88 51.642271
152.90 52.001070
152.92 53.356574
152.94 54.343513
152.96 54.772409
152.98 55.152578
153.00 55.534965
153.02 56.514902
153.04 56.909049
153.06 57.565444
153.08 57.630937
153.10 57.875856
153.12 58.156293
153.14 58.134179
153.16 58.148391
153.18 58.248620
153.20 58.236402
153.22 58.311427
153.24 58.434330
153.26 58.427746
153.28 58.442923
153.30 58.469469
153.32 58.584875
153.34 58.554612
153.36 58.616272
153.38 58.712967
153.40 58.773936
153.42 58.796141
153.44 58.856745
153.46 58.949046
153.48 58.925042
153.50 58.976036
153.52 58.899199
153.54 58.886356
153.56 58.828516
153.58 58.830876
153.60 58.824266
153.62 58.733138
153.64 58.728353
153.66 58.747233
153.68 58.777444
153.70 58.816886
153.72 58.878050
153.74 58.849287
153.76 58.783298
153.78 58.785280
153.80 58.826365
153.82 58.926620
153.84 58.838478
153.86 58.855845
153.88 58.897309
153.90 58.891324
153.92 58.933830
153.94 58.989584
153.96 59.018569
153.98 59.032129
154.00 59.127038
154.02 59.187511
154.04 59.197121
154.06 59.197616
154.08 59.308576
154.10 59.354850
154.12 59.313022
154.14 59.411829
154.16 59.462641
154.18 59.409821
154.20 59.425298
154.22 59.453044
154.24 59.430175
154.26 59.390146
154.28 59.370288
154.30 59.364733
154.32 59.333049
154.34 59.392362
154.36 59.392362
154.38 59.481808
154.40 59.481808
154.42 59.512736
154.44 59.512736
154.46 59.546454
154.48 59.632353
154.50 59.718669
154.52 59.718669
154.54 59.697299
154.56 59.660373
154.58 59.660373
154.60 59.725853
154.62 59.623878
154.64 59.674781
154.66 59.730026
154.68 59.730026
154.70 59.813865
154.72 59.877833
154.74 59.854311
154.76 59.837569
154.78 59.837569
154.80 59.877246
154.82 59.752935
154.84 59.720677
154.86 59.718395
154.88 59.718395
154.90 59.614868
154.92 59.620227
154.94 59.664271
154.96 59.623852
154.98 59.623852
155.00 59.763066
155.02 59.698707
155.04 59.673034
155.06 59.649903
155.08 59.649903
155.10 59.517534
155.12 59.462354
155.14 59.508902
155.16 59.518016
155.18 59.518016
155.20 59.722359
155.22 59.737627
155.24 59.772141
155.26 59.726075
155.28 59.726075
155.30 59.642797
155.32 59.560027
155.34 59.573600
155.36 59.655027
155.38 59.655027
155.40 59.684651
155.42 59.727196
155.44 59.669982
155.46 59.425624
155.48 59.425624
155.50 58.852521
155.52 57.758377
155.54 57.313536
155.56 56.431506
155.58 56.431506
155.60 55.510530
155.62 54.156812
155.64 53.663623
155.66 52.653358
155.68 52.653358
155.70 51.534480
155.72 50.077065
155.74 49.610006
155.76 48.683592
155.78 48.683592
155.80 47.648593
155.82 46.270831
155.84 45.796209
155.86 44.883461
155.88 44.883461
155.90 44.015239
155.92 42.653607
155.94 42.164851
155.96 41.194275
155.98 41.194275
156.00 40.150553
156.02 38.698275
156.04 38.262026
156.06 37.326733
156.08 37.326733
156.10 36.445043
156.12 35.028883
156.14 34.566817
156.16 33.584259
156.18 33.584259
156.20 32.556261
156.22 31.055884
156.24 30.523618
156.26 29.476049
156.28 29.476049
156.30 28.487532
156.32 27.098023
156.34 26.668619
156.36 25.754840
156.38 25.754840
156.40 24.805635
156.42 23.379892
156.44 22.837338
156.46 21.920821
156.48 21.920821
156.50 21.323022
156.52 20.553034
156.54 20.553034
156.56 20.431253
156.58 20.431253
156.60 20.415880
156.62 20.398904
156.64 20.394145
156.66 20.394145
156.68 20.385004
156.70 20.385004
156.72 20.383922
156.74 20.378055
156.76 20.378055
156.78 20.374560
156.80 20.368419
156.82 20.366281
156.84 20.363152
156.86 20.363152
156.88 20.359801
156.90 20.356450
156.92 20.355028
156.94 20.351938
156.96 20.351938
156.98 20.349696
157.00 20.345406
157.02 20.344258
157.04 20.341533
157.06 20.341533
157.08 20.339252
157.10 20.336357
157.12 20.335692
157.14 20.333606
157.16 20.333606
157.18 20.332328
157.20 20.329838
157.22 20.328834
157.24 20.326552
157.26 20.326552
157.28 20.325209
157.30 20.323005
157.32 20.322093
157.34 20.320046
157.36 20.320046
157.38 20.318337
157.40 20.317555
157.42 20.316590
157.44 20.315104
157.46 20.315104
157.48 20.313761
157.50 20.312222
157.52 20.311701
157.54 20.310084
157.56 20.310084
157.58 20.310736
157.60 20.315756
157.62 20.319107
157.64 20.325052
157.66 20.325052
157.68 20.329251
157.70 20.334818
157.72 20.333671
157.74 20.331337
157.76 20.331337
157.78 20.330477
157.80 20.327217
157.82 20.326369
157.84 20.324622
157.86 20.324622
157.88 20.322497
157.90 20.320150
157.92 20.319015
157.94 20.317373
157.96 20.317373
157.98 20.316382
158.00 20.314256
158.02 20.313357
158.04 20.312183
158.06 20.312183
158.08 20.310918
158.10 20.307776
158.12 20.306968
158.14 20.305951
158.16 20.305951
158.18 20.304373
158.20 20.302352
158.22 20.301478
158.24 20.300905
158.26 20.300905
158.28 20.299314
158.30 20.296511
158.32 20.296341
158.34 20.295350
158.36 20.295350
158.38 20.293720
158.40 20.291060
158.42 20.290226
158.44 20.289261
158.46 20.289261
158.48 20.287670
158.50 20.285467
158.52 20.284293
158.54 20.283889
158.56 20.283889
158.58 20.280264
158.60 20.275766
158.62 20.270772
158.64 20.262271
158.66 20.262271
158.68 20.255752
158.70 20.241631
158.72 20.240979
158.74 20.240822
158.76 20.240822
158.78 20.239610
158.80 20.239610
158.82 20.239219
158.84 20.239388
158.86 20.239388
158.88 20.239336
158.90 20.238997
158.92 20.238945
158.94 20.238945
158.96 20.238410
158.98 20.238254
159.00 20.237784
159.02 20.237276
159.04 20.237276
159.06 20.236259
159.08 20.236115
159.10 20.235933
159.12 20.235789
159.14 20.235789
159.16 20.235203
159.18 20.234877
159.20 20.234877
159.22 20.234329
159.24 20.234329
159.26 20.234212
159.28 20.234303
159.30 20.234277
159.32 20.233925
159.34 20.233925
159.36 20.233534
159.38 20.232256
159.40 20.231943
159.42 20.231448
159.44 20.231448
159.46 20.231304
159.48 20.230861
159.50 20.230796
159.52 20.230248
159.54 20.230248
159.56 20.230261
159.58 20.230313
159.60 20.229974
159.62 20.230000
159.64 20.230000
159.66 20.229661
159.68 20.229792
159.70 20.229779
159.72 20.229387
159.74 20.229387
159.76 20.229179
159.78 20.229687
159.80 20.229361
159.82 20.228488
159.84 20.228488
159.86 20.228188
159.88 20.226780
159.90 20.227301
159.92 20.227379
159.94 20.227379
159.96 20.226897
159.98 20.226284
160.00 20.226258
160.02 20.226023
160.04 20.226023
160.06 20.226297
160.08 20.225737
160.10 20.225580
160.12 20.225098
160.14 20.225098
160.16 20.224759
160.18 20.223364
160.20 20.222855
160.22 20.222933
160.24 20.222933
160.26 20.222725
160.28 20.223142
160.30 20.223142
160.32 20.222855
160.34 20.222855
160.36 20.222972
160.38 20.222555
160.40 20.222229
160.42 20.222399
160.44 20.222399
160.46 20.221864
160.48 20.222425
160.50 20.222803
160.52 20.222907
160.54 20.222907
160.56 20.223181
160.58 20.223168
160.60 20.222829
160.62 20.222686
160.64 20.222686
160.66 20.222294
160.68 20.221551
160.70 20.221382
160.72 20.220286
160.74 20.220286
160.76 20.220026
160.78 20.219908
160.80 20.219726
160.82 20.219556
160.84 20.219556
160.86 20.219426
160.88 20.218748
160.90 20.218578
160.92 20.218826
160.94 20.218826
160.96 20.218396
160.98 20.218044
161.00 20.218226
161.02 20.217600
161.04 20.217600
161.06 20.217092
161.08 20.216922
161.10 20.216257
161.12 20.216257
161.14 20.216257
161.16 20.216636
161.18 20.216792
161.20 20.216701
161.22 20.216701
161.24 20.217040
161.26 20.216818
161.28 20.216649
161.30 20.216218
161.32 20.216192
161.34 20.215892
161.36 20.215788
161.38 20.215788
161.40 20.215097
161.42 20.214602
161.44 20.214562
161.46 20.214080
161.48 20.213989
161.50 20.214002
161.52 20.213272
161.54 20.213272
161.56 20.213245
161.58 20.213245
161.60 20.213063
161.62 20.212776
161.64 20.509889
161.66 20.509889
161.68 20.510424
161.70 20.542968
161.72 20.542747
161.74 20.612804
161.76 20.762045
161.78 20.762045
161.80 20.761719
161.82 20.761719
161.84 21.032663
161.86 21.032663
161.88 21.032663
161.90 21.032611
161.92 21.032611
161.94 21.033719
161.96 21.098848
161.98 21.156674
162.00 21.156414
162.02 21.156414
162.04 21.245338
162.06 21.467843
162.08 21.562817
162.10 21.592467
162.12 21.592467
162.14 21.845288
162.16 22.165531
162.18 22.212849
162.20 22.217438
162.22 22.217438
162.24 22.281928
162.26 22.421325
162.28 22.476087
162.30 22.476087
162.32 22.476087
162.34 22.894682
162.36 22.994780
162.38 22.994780
162.40 22.994167
162.42 22.994167
162.44 23.291085
162.46 23.291085
162.48 23.350776
162.50 23.350776
162.52 23.350776
162.54 23.408368
162.56 23.590010
162.58 23.647563
162.60 23.676183
162.62 23.676183
162.64 23.968915
162.66 23.871047
162.68 23.960166
162.70 24.256536
162.72 24.256536
162.74 24.455598
162.76 24.455598
162.78 24.529058
162.80 24.599950
162.82 24.599950
162.84 24.701234
162.86 24.815610
162.88 24.628322
162.90 24.688587
162.92 24.688587
162.94 24.808087
162.96 24.918433
162.98 24.914521
163.00 24.972557
163.02 24.972557
163.04 25.032535
163.06 25.051819
163.08 25.055639
163.10 25.196927
163.12 25.307860
163.14 25.092109
163.16 25.076267
163.18 25.318826
163.20 26.027480
163.22 26.027480
163.24 27.123696
163.26 27.536371
163.28 28.166089
163.30 28.166089
163.32 28.833879
163.34 30.167204
163.36 30.742029
163.38 31.767211
163.40 31.767211
163.42 32.627335
163.44 33.683288
163.46 34.000050
163.48 34.827135
163.50 34.827135
163.52 35.661156
163.54 36.809331
163.56 37.336747
163.58 38.383534
163.60 38.383534
163.62 39.209575
163.64 40.654668
163.66 41.018461
163.68 41.566231
163.70 41.566231
163.72 42.247712
163.74 43.457430
163.76 43.890693
163.78 44.806597
163.80 44.806597
163.82 45.674780
163.84 46.850467
163.86 47.168129
163.88 48.167951
163.90 48.167951
163.92 49.024450
163.94 50.257117
163.96 50.753983
163.98 51.230926
164.00 51.683017
164.02 52.545215
164.04 53.806749
164.06 54.189957
164.08 54.513160
164.10 54.936514
164.12 55.715811
164.14 56.867677
164.16 57.207857
164.18 57.272594
164.20 57.510368
164.22 57.880876
164.24 58.130672
164.26 58.301270
164.28 58.423469
164.30 58.513123
164.32 58.649769
164.34 58.899942
164.36 58.885209
164.38 58.910465
164.40 58.982399
164.42 59.027057
164.44 59.009233
164.46 59.058663
164.48 59.090803
164.50 59.085066
164.52 59.072132
164.54 59.261701
164.56 59.273293
164.58 59.249641
164.60 59.241609
164.62 59.296371
164.64 59.289278
164.66 59.310114
164.68 59.353885
164.70 59.401515
164.72 59.371213
164.74 59.236471
164.76 59.273762
164.78 59.260763
164.80 59.249184
164.82 59.273488
164.84 59.439562
164.86 59.431257
164.88 59.452106
164.90 59.527078
164.92 59.425637
164.94 59.348826
164.96 59.355971
164.98 59.419039
165.00 59.413329
165.02 59.488340
165.04 59.630071
165.06 59.618766
165.08 59.618349
165.10 59.560066
165.12 59.575387
165.14 59.508289
165.16 59.559219
165.18 59.570184
165.20 59.592402
165.22 59.479265
165.24 59.596666
165.26 59.550391
165.28 59.493477
165.30 59.449211
165.32 59.514013
165.34 59.480882
165.36 59.480882
165.38 59.544224
165.40 59.585479
165.42 59.576143
165.44 59.587969
165.46 59.598739
165.48 59.598739
165.50 59.598739
165.52 59.569063
165.54 59.543390
165.56 59.495733
165.58 59.486697
165.60 59.544224
165.62 59.510011
165.64 59.469343
165.66 59.504013
165.68 59.552165
165.70 59.509176
165.72 59.482329
165.74 59.561839
165.76 59.560666
165.78 59.465940
165.80 59.572375
165.82 59.661181
165.84 59.559610
165.86 59.591815
165.88 59.654701
165.90 59.682578
165.92 59.616120
165.94 59.784801
165.96 59.768047
165.98 59.727705
166.00 59.728409
166.02 59.908382
166.04 59.803681
166.06 59.860895
166.08 59.843045
166.10 59.826043
166.12 59.684586
166.14 59.740496
166.16 59.760262
166.18 59.802638
166.20 59.840816
166.22 59.984776
166.24 60.025574
166.26 60.053451
166.28 60.029121
166.30 60.072318
166.32 60.050387
166.34 60.047818
166.36 60.046019
166.38 60.058888
166.40 60.008285
166.42 60.057832
166.44 60.080845
166.46 60.080845
166.48 60.057336
166.50 60.118944
166.52 60.017164
166.54 59.704809
166.56 59.470907
166.58 59.233642
166.60 58.782659
166.62 57.939733
166.64 56.605847
166.66 56.605847
166.68 55.624475
166.70 55.176752
166.72 54.166839
166.74 52.768437
166.76 52.768437
166.78 51.837200
166.80 51.308989
166.82 50.338387
166.84 48.857555
166.86 48.857555
166.88 47.847042
166.90 47.324398
166.92 46.373290
166.94 44.962423
166.96 44.962423
166.98 43.988966
167.00 43.461798
167.02 42.389273
167.04 40.926408
167.06 40.926408
167.08 39.926613
167.10 39.427165
167.12 38.466473
167.14 37.074669
167.16 37.074669
167.18 36.041391
167.20 35.532046
167.22 34.559580
167.24 32.947670
167.26 32.947670
167.28 32.000708
167.30 31.489356
167.32 30.500787
167.34 29.206278
167.36 29.206278
167.38 28.202727
167.40 27.747794
167.42 26.827157
167.44 25.196940
167.46 25.196940
167.48 24.136058
167.50 23.572773
167.52 22.543054
167.54 21.324235
167.56 21.090711
167.58 20.848791
167.60 20.738366
167.62 20.570676
167.64 20.424433
167.66 20.424433
167.68 20.424433
167.70 20.421213
167.72 20.415450
167.74 20.415450
167.76 20.395879
167.78 20.389920
167.80 20.383753
167.82 20.378107
167.84 20.378107
167.86 20.374247
167.88 20.372174
167.90 20.368823
167.92 20.365890
167.94 20.364077
167.96 20.361000
167.98 20.359592
168.00 20.356541
168.02 20.353946
168.04 20.352212
168.06 20.350100
168.08 20.348718
168.10 20.347388
168.12 20.345797
168.14 20.344584
168.16 20.342029
168.18 20.340803
168.20 20.339617
168.22 20.337517
168.24 20.337074
168.26 20.335379
168.28 20.334623
168.30 20.332732
168.32 20.331037
168.34 20.330320
168.36 20.328755
168.38 20.327660
168.40 20.325991
168.42 20.324622
168.44 20.324127
168.46 20.322849
168.48 20.322497
168.50 20.321180
168.52 20.319876
168.54 20.319263
168.56 20.318194
168.58 20.317255
168.60 20.316004
168.62 20.315339
168.64 20.314478
168.66 20.313318
168.68 20.313213
168.70 20.312692
168.72 20.311505
168.74 20.310905
168.76 20.310827
168.78 20.311975
168.80 20.316812
168.82 20.324153
168.84 20.330985
168.86 20.333697
168.88 20.336122
168.90 20.336513
168.92 20.336044
168.94 20.335183
168.96 20.333254
168.98 20.332406
169.00 20.330437
169.02 20.329055
169.04 20.327178
169.06 20.327073
169.08 20.326774
169.10 20.324088
169.12 20.322432
169.14 20.321415
169.16 20.320711
169.18 20.320189
169.20 20.318937
169.22 20.317086
169.24 20.315182
169.26 20.314335
169.28 20.313448
169.30 20.310814
169.32 20.309458
169.34 20.308728
169.36 20.307398
169.38 20.306550
169.40 20.304660
169.42 20.302861
169.44 20.301439
169.46 20.300605
169.48 20.299731
169.50 20.298519
169.52 20.296980
169.54 20.295794
169.56 20.294842
169.58 20.294125
169.60 20.291869
169.62 20.290396
169.64 20.289418
169.66 20.288388
169.68 20.287384
169.70 20.286601
169.72 20.284606
169.74 20.283524
169.76 20.282742
169.78 20.280056
169.80 20.274371
169.82 20.267395
169.84 20.261867
169.86 20.256234
169.88 20.248998
169.90 20.243965
169.92 20.240549
169.94 20.240679
169.96 20.240848
169.98 20.240783
170.00 20.240861
170.02 20.240601
170.04 20.240170
170.06 20.240001
170.08 20.239988
170.10 20.239844
170.12 20.239688
170.14 20.239740
170.16 20.239532
170.18 20.239153
170.20 20.238880
170.22 20.238501
170.24 20.238319
170.26 20.237980
170.28 20.238358
170.30 20.238567
170.32 20.238423
170.34 20.238684
170.36 20.238840
170.38 20.238241
170.40 20.238202
170.42 20.238332
170.44 20.238019
170.46 20.238045
170.48 20.237328
170.50 20.237328
170.52 20.236454
170.54 20.236454
170.56 20.236611
170.58 20.237028
170.60 20.236924
170.62 20.236585
170.64 20.236454
170.66 20.236428
170.68 20.235398
170.70 20.234733
170.72 20.234733
170.74 20.234720
170.76 20.234068
170.78 20.233742
170.80 20.233651
170.82 20.233116
170.84 20.232764
170.86 20.232556
170.88 20.231109
170.90 20.230417
170.92 20.230417
170.94 20.230105
170.96 20.229805
170.98 20.229805
171.00 20.229844
171.02 20.229309
171.04 20.229192
171.06 20.228527
171.08 20.228683
171.10 20.228123
171.12 20.227784
171.14 20.227093
171.16 20.226975
171.18 20.225489
171.20 20.225215
171.22 20.225385
171.24 20.225345
171.26 20.225085
171.28 20.224602
171.30 20.223807
171.32 20.223637
171.34 20.223298
171.36 20.223038
171.38 20.222672
171.40 20.222490
171.42 20.221812
171.44 20.221421
171.46 20.221356
171.48 20.220678
171.50 20.220104
171.52 20.220273
171.54 20.219934
171.56 20.219335
171.58 20.219165
171.60 20.219048
171.62 20.219048
171.64 20.217992
171.66 20.217848
171.68 20.217001
171.70 20.216831
171.72 20.216649
171.74 20.216701
171.76 20.216779
171.78 20.216257
171.80 20.215579
171.82 20.215436
171.84 20.214927
171.86 20.215006
171.88 20.215853
171.90 20.216114
171.92 20.216257
171.94 20.215514
171.96 20.215514
171.98 20.214693
172.00 20.214393
172.02 20.214080
172.04 20.214184
172.06 20.214028
172.08 20.213871
172.10 20.214015
172.12 20.214302
172.14 20.214380
172.16 20.214732
172.18 20.215058
172.20 20.215058
172.22 20.214249
172.24 20.213910
172.26 20.213402
172.28 20.213337
172.30 20.213180
172.32 20.212893
172.34 20.212985
172.36 20.213754
172.38 20.213819
172.40 20.214145
172.42 20.214302
172.44 20.215149
172.46 20.214171
172.48 20.214823
172.50 20.214823
172.52 20.214732
172.54 20.214315
172.56 20.214667
172.58 20.214223
172.60 20.213884
172.62 20.214002
172.64 20.213571
172.66 20.214028
172.68 20.214471
172.70 20.214380
172.72 20.214380
172.74 20.214549
172.76 20.213819
172.78 20.213532
172.80 20.213702
172.82 20.213480
172.84 20.212985
172.86 20.238254
172.88 20.238254
172.90 20.334036
172.92 20.340777
172.94 20.369058
172.96 20.369058
172.98 20.966857
173.00 20.966805
173.02 20.994538
173.04 20.995568
173.06 21.084218
173.08 21.156583
173.10 21.205543
173.12 21.237306
173.14 21.237306
173.16 21.237097
173.18 21.624321
173.20 21.680870
173.22 21.680465
173.24 21.681300
173.26 21.739244
173.28 21.803681
173.30 21.861273
173.32 21.861560
173.34 21.883869
173.36 22.041468
173.38 22.365089
173.40 22.483493
173.42 22.484654
173.44 22.492151
173.46 22.904552
173.48 22.904552
173.50 22.975392
173.52 22.974792
173.54 22.973710
173.56 23.089911
173.58 23.196489
173.60 23.269310
173.62 23.563046
173.64 23.970897
173.66 23.970897
173.68 23.970897
173.70 23.970897
173.72 24.056157
173.74 24.114675
173.76 24.169633
173.78 24.266002
173.80 24.306214
173.82 24.363519
173.84 24.408489
173.86 24.480867
173.88 24.593222
173.90 24.565345
173.92 24.871859
173.94 24.871859
173.96 25.150014
173.98 24.996039
174.00 24.808412
174.02 25.069656
174.04 25.069656
174.06 25.651561
174.08 26.496273
174.10 26.891972
174.12 27.875821
174.14 27.875821
174.16 29.727774
174.18 29.727774
174.20 30.154700
174.22 31.004902
174.24 31.004902
174.26 32.212391
174.28 33.090392
174.30 33.999816
174.32 33.999816
174.34 33.999816
174.36 34.802818
174.38 35.053839
174.40 35.934030
174.42 35.934030
174.44 37.286274
174.46 38.378866
174.48 38.839080
174.50 39.732845
174.52 39.732845
174.54 40.625162
174.56 41.841517
174.58 42.201124
174.60 42.981309
174.62 42.981309
174.64 43.773945
174.66 44.871022
174.68 45.354680
174.70 46.051507
174.72 46.051507
174.74 46.847951
174.76 48.042049
174.78 48.394837
174.80 49.152360
174.82 49.152360
174.84 50.089400
174.86 51.063535
174.88 51.356476
174.90 52.216952
174.92 52.216952
174.94 52.832418
174.96 53.907108
174.98 54.315285
175.00 54.921389
175.02 54.921389
175.04 55.402752
175.06 56.036120
175.08 56.191568
175.10 56.313688
175.12 56.313688
175.14 56.379612
175.16 56.620554
175.18 56.633854
175.20 56.728737
175.22 56.728737
175.24 56.689334
175.26 56.969092
175.28 57.041261
175.30 57.118581
175.32 57.118581
175.34 57.259086
175.36 57.309272
175.38 57.341673
175.40 57.575549
175.42 57.575549
175.44 57.589344
175.46 57.729444
175.48 57.735064
175.50 57.746290
175.52 57.746290
175.54 57.884788
175.56 57.985251
175.58 58.030104
175.60 58.112900
175.62 58.112900
175.64 58.151742
175.66 58.303539
175.68 58.384822
175.70 58.451763
175.72 58.451763
175.74 58.544168
175.76 58.663003
175.78 58.771407
175.80 58.967053
175.82 58.967053
175.84 59.030525
175.86 59.173729
175.88 59.310701
175.90 59.309814
175.92 59.309814
175.94 59.436811
175.96 59.588204
175.98 59.635717
176.00 59.634413
176.02 59.634413
176.04 59.689123
176.06 59.671964
176.08 59.730430
176.10 59.899112
176.12 59.899112
176.14 59.862199
176.16 59.891549
176.18 59.961228
176.20 59.895709
176.22 59.841063
176.24 59.827933
176.26 59.868810
176.28 59.833488
176.30 59.838821
176.32 59.868745
176.34 59.848117
176.36 59.720273
176.38 59.802234
176.40 59.684612
176.42 59.684612
176.44 59.699359
176.46 59.732190
176.48 59.694704
176.50 59.762036
176.52 59.788830
176.54 59.756664
176.56 59.820606
176.58 59.780303
176.60 59.773027
176.62 59.684481
176.64 59.751540
176.66 59.699463
176.68 59.621257
176.70 59.562009
176.72 59.623147
176.74 59.569976
176.76 59.551826
176.78 59.546754
176.80 59.600525
176.82 59.602859
176.84 59.528160
176.86 59.622913
176.88 59.680492
176.90 59.632509
176.92 59.626146
176.94 59.779273
176.96 59.757159
176.98 59.752922
177.00 59.781229
177.02 59.775961
177.04 59.718499
177.06 59.878758
177.08 59.911694
177.10 59.870739
177.12 59.815833
177.14 59.838886
177.16 59.727770
177.18 59.725201
177.20 59.733403
177.22 59.787122
177.24 59.840190
177.26 59.884704
177.28 59.913441
177.30 59.964057
177.32 59.943026
177.34 60.124251
177.36 60.084561
177.38 60.084561
177.40 60.020750
177.42 60.069814
177.44 59.934525
177.46 59.700180
177.48 59.517482
177.50 59.316190
177.52 58.492639
177.54 57.589982
177.56 56.605612
177.58 56.130142
177.60 55.594682
177.62 55.137910
177.64 53.708424
177.66 52.837060
177.68 52.407787
177.70 51.960533
177.72 51.399855
177.74 49.931019
177.76 48.907793
177.78 48.409115
177.80 47.872780
177.82 47.400453
177.84 46.895229
177.86 45.492681
177.88 44.989765
177.90 44.022867
177.92 43.554334
177.94 42.570759
177.96 41.438399
177.98 40.954533
178.00 39.942364
178.02 39.358647
178.04 38.830058
178.06 37.365654
178.08 36.873586
178.10 35.858379
178.12 35.360470
178.14 34.479471
178.16 33.484891
178.18 32.956784
178.20 32.085824
178.22 31.612324
178.24 31.083669
178.26 29.837064
178.28 29.311969
178.30 28.297297
178.32 27.807954
178.34 27.256339
178.36 25.584268
178.38 25.180120
178.40 24.213652
178.42 23.735222
178.44 23.278177
178.46 22.148698
178.48 21.746024
178.50 21.164445
178.52 21.008633
178.54 20.934899
178.56 20.735485
178.58 20.702758
178.60 20.668349
178.62 20.665037
178.64 20.665037
178.66 20.657474
178.68 20.654867
178.70 20.652337
178.72 20.647995
178.74 20.645074
178.76 20.639324
178.78 20.635556
178.80 20.635022
178.82 20.634200
178.84 20.630758
178.86 20.629232
178.88 20.626442
178.90 20.624591
178.92 20.623939
178.94 20.621996
178.96 20.618476
178.98 20.616129
179.00 20.615033
179.02 20.614108
179.04 20.611161
179.06 20.610235
179.08 20.608527
179.10 20.607810
179.12 20.607262
179.14 20.591538
179.16 20.584640
179.18 20.532629
179.20 20.500945
179.22 20.467565
179.24 20.379841
179.26 20.354103
179.28 20.339538
179.30 20.337387
179.32 20.335718
179.34 20.333814
179.36 20.332302
179.38 20.330711
179.40 20.329942
179.42 20.329499
179.44 20.328012
179.46 20.327282
179.48 20.326187
179.50 20.325639
179.52 20.324374
179.54 20.322366
179.56 20.321362
179.58 20.320124
179.60 20.319420
179.62 20.319146
179.64 20.319928
179.66 20.322679
179.68 20.327412
179.70 20.331624
179.72 20.333867
179.74 20.341507
179.76 20.343580
179.78 20.342603
179.80 20.341911
179.82 20.340894
179.84 20.337648
179.86 20.336813
179.88 20.335418
179.90 20.334075
179.92 20.332837
179.94 20.330737
179.96 20.329655
179.98 20.327621
180.00 20.326930
180.02 20.325900
180.04 20.322575
180.06 20.321571
180.08 20.320085
180.10 20.319680
180.12 20.317399
180.14 20.316395
180.16 20.314661
180.18 20.313552
180.20 20.312718
180.22 20.311218
180.24 20.309849
180.26 20.308845
180.28 20.307633
180.30 20.306942
180.32 20.305820
180.34 20.303943
180.36 20.302991
180.38 20.301504
180.40 20.301009
180.42 20.299053
180.44 20.297541
180.46 20.296485
180.48 20.294920
180.50 20.294020
180.52 20.292782
180.54 20.290565
180.56 20.289548
180.58 20.288388
180.60 20.287527
180.62 20.284854
180.64 20.283681
180.66 20.279521
180.68 20.272898
180.70 20.267226
180.72 20.263692
180.74 20.249676
180.76 20.246038
180.78 20.242843
180.80 20.242674
180.82 20.242504
180.84 20.242478
180.86 20.241266
180.88 20.240953
180.90 20.240953
180.92 20.240992
180.94 20.240992
180.96 20.240535
180.98 20.240535
181.00 20.240535
181.02 20.240666
181.04 20.240809
181.06 20.240692
181.08 20.240535
181.10 20.240183
181.12 20.239962
181.14 20.239623
181.16 20.239532
181.18 20.239010
181.20 20.239193
181.22 20.238840
181.24 20.239010
181.26 20.239206
181.28 20.238723
181.30 20.238554
181.32 20.238215
181.34 20.237941
181.36 20.237628
181.38 20.237432
181.40 20.237041
181.42 20.236950
181.44 20.237263
181.46 20.237250
181.48 20.237263
181.50 20.237263
181.52 20.237354
181.54 20.237732
181.56 20.237237
181.58 20.237250
181.60 20.237406
181.62 20.236846
181.64 20.236924
181.66 20.237145
181.68 20.237315
181.70 20.237497
181.72 20.237380
181.74 20.237250
181.76 20.237185
181.78 20.237524
181.80 20.237054
181.82 20.236741
181.84 20.236507
181.86 20.235972
181.88 20.235972
181.90 20.235802
181.92 20.234864
181.94 20.234590
181.96 20.233638
181.98 20.233455
182.00 20.233299
182.02 20.232764
182.04 20.232347
182.06 20.231695
182.08 20.231395
182.10 20.231578
182.12 20.230313
182.14 20.230144
182.16 20.230039
182.18 20.229648
182.20 20.229296
182.22 20.228827
182.24 20.228657
182.26 20.227549
182.28 20.227940
182.30 20.227562
182.32 20.227445
182.34 20.227640
182.36 20.227471
182.38 20.227471
182.40 20.227458
182.42 20.226284
182.44 20.226323
182.46 20.226571
182.48 20.226206
182.50 20.226049
182.52 20.226258
182.54 20.226415
182.56 20.226076
182.58 20.226441
182.60 20.226636
182.62 20.226180
182.64 20.225476
182.66 20.225724
182.68 20.225189
182.70 20.224759
182.72 20.224459
182.74 20.224576
182.76 20.224028
182.78 20.223689
182.80 20.223546
182.82 20.223298
182.84 20.223507
182.86 20.223546
182.88 20.223324
182.90 20.223494
182.92 20.223155
182.94 20.221994
182.96 20.221799
182.98 20.221629
183.00 20.220938
183.02 20.221199
183.04 20.221199
183.06 20.221212
183.08 20.221043
183.10 20.221134
183.12 20.221199
183.14 20.220886
183.16 20.220886
183.18 20.220769
183.20 20.220091
183.22 20.220091
183.24 20.220117
183.26 20.219439
183.28 20.219439
183.30 20.219452
183.32 20.219452
183.34 20.219048
183.36 20.219048
183.38 20.219256
183.40 20.219178
183.42 20.218787
183.44 20.218787
183.46 20.218591
183.48 20.218409
183.50 20.217340
183.52 20.217340
183.54 20.217261
183.56 20.217092
183.58 20.216609
183.60 20.216609
183.62 20.216609
183.64 20.216609
183.66 20.216075
183.68 20.228201
183.70 20.227040
183.72 20.227040
183.74 20.241539
183.76 20.241187
183.78 20.539031
183.80 20.795033
183.82 21.075378
183.84 21.121405
183.86 21.154001
183.88 21.153636
183.90 21.243603
183.92 21.467348
183.94 21.467348
183.96 21.466644
183.98 21.466644
184.00 21.521993
184.02 21.647973
184.04 21.647960
184.06 21.648846
184.08 21.648507
184.10 21.866528
184.12 21.982494
184.14 21.989509
184.16 22.311891
184.18 22.609982
184.20 22.609982
184.22 22.722741
184.24 22.721450
184.26 22.723862
184.28 22.855240
184.30 22.955873
184.32 23.013269
184.34 23.012291
184.36 23.067080
184.38 23.238291
184.40 23.238291
184.42 23.283575
184.44 23.285400
184.46 23.285230
184.48 23.342210
184.50 23.517489
184.52 23.586881
184.54 23.815906
184.56 24.047056
184.58 24.125367
184.60 24.263055
184.62 24.410940
184.64 24.583364
184.66 24.708810
184.68 24.774173
184.70 24.901965
184.72 25.033982
184.74 25.077114
184.76 25.135723
184.78 25.193263
184.80 25.024307
184.82 24.745005
184.84 24.755619
184.86 24.783378
184.88 24.840853
184.90 24.829287
184.92 24.569817
184.94 24.623367
184.96 24.691612
184.98 24.749191
185.00 24.818870
185.02 24.817774
185.04 24.876357
185.06 24.935488
185.08 24.977446
185.10 24.962413
185.12 24.961865
185.14 25.000773
185.16 25.027293
185.18 24.850580
185.20 24.589349
185.22 24.589349
185.24 24.618165
185.26 24.676995
185.28 24.614866
185.30 24.614057
185.32 24.673996
185.34 24.673996
185.36 24.674870
185.38 24.674674
185.40 24.674166
185.42 24.732605
185.44 24.839210
185.46 24.840618
185.48 24.841179
185.50 24.841818
185.52 24.853161
185.54 24.859459
185.56 24.859459
185.58 24.813015
185.60 24.780288
185.62 24.496305
185.64 24.256653
185.66 24.237213
185.68 24.221592
185.70 24.215516
185.72 24.211370
185.74 24.210588
185.76 24.210588
185.78 24.210275
185.80 24.209792
185.82 24.209844
185.84 24.209297
185.86 24.209166
185.88 24.208997
185.90 24.209414
185.92 24.448531
185.94 24.454503
185.96 24.510504
185.98 24.636771
186.00 25.298538
186.02 26.029527
186.04 26.374140
186.06 26.738181
186.08 27.094020
186.10 28.200159
186.12 29.180930
186.14 29.631548
186.16 30.055645
186.18 30.451461
186.20 31.511248
186.22 32.257883
186.24 32.695149
186.26 33.068422
186.28 33.450873
186.30 34.897961
186.32 35.434673
186.34 36.194152
186.36 36.643088
186.38 37.155535
186.40 38.499618
186.42 39.432602
186.44 39.899936
186.46 40.315571
186.48 40.636662
186.50 41.824006
186.52 42.355620
186.54 43.082867
186.56 43.446791
186.58 43.964610
186.60 45.275456
186.62 45.799013
186.64 46.755363
186.66 47.253416
186.68 47.631968
186.70 48.823367
186.72 49.288393
186.74 50.176238
186.76 50.514449
186.78 50.942744
186.80 52.120753
186.82 52.530012
186.84 52.960119
186.86 53.994702
186.88 54.402070
186.90 55.761434
186.92 56.111406
186.94 56.592156
186.96 57.348662
186.98 57.582094
187.00 58.336096
187.02 58.406936
187.04 58.503292
187.06 58.618150
187.08 58.695874
187.10 58.807915
187.12 58.870631
187.14 58.862169
187.16 58.893658
187.18 58.909069
187.20 59.056772
187.22 59.056772
187.24 59.111717
187.26 59.175085
187.28 59.250058
187.30 59.167249
187.32 59.167249
187.34 59.308875
187.36 59.339060
187.38 59.321849
187.40 59.428714
187.42 59.432078
187.44 59.432078
187.46 59.421256
187.48 59.471546
187.50 59.436772
187.52 59.440227
187.54 59.538800
187.56 59.567290
187.58 59.591607
187.60 59.591607
187.62 59.607084
187.64 59.533180
187.66 59.525579
187.68 59.686855
187.70 59.686855
187.72 59.754213
187.74 59.748384
187.76 59.783367
187.78 59.831389
187.80 59.831389
187.82 59.778282
187.84 59.860439
187.86 59.848965
187.88 59.748736
187.90 59.748736
187.92 59.749610
187.94 59.686724
187.96 59.701119
187.98 59.801517
188.00 59.801517
188.02 59.723024
188.04 59.774566
188.06 59.760823
188.08 59.605663
188.10 59.605663
188.12 59.618141
188.14 59.562504
188.16 59.583705
188.18 59.740339
188.20 59.740339
188.22 59.700689
188.24 59.760745
188.26 59.781411
188.28 59.737093
188.30 59.737093
188.32 59.790030
188.34 59.722633
188.36 59.710520
188.38 59.807241
188.40 59.807241
188.42 59.755216
188.44 59.812091
188.46 59.834909
188.48 59.786314
188.50 59.786314
188.52 59.804998
188.54 59.757029
188.56 59.751540
188.58 59.719164
188.60 59.719164
188.62 59.740509
188.64 59.696242
188.66 59.738566
188.68 59.849525
188.70 59.849525
188.72 59.831558
188.74 59.902958
188.76 59.899542
188.78 59.837243
188.80 59.837243
188.82 59.877402
188.84 59.814321
188.86 59.882813
188.88 59.923911
188.90 59.923911
188.92 59.877089
188.94 59.931083
188.96 59.919817
188.98 59.863699
189.00 59.863699
189.02 59.925293
189.04 59.981021
189.06 59.988179
189.08 60.157682
189.10 60.157682
189.12 60.127941
189.14 60.148464
189.16 60.161242
189.18 60.050439
189.20 60.050439
189.22 60.093767
189.24 60.077951
189.26 60.038378
189.28 60.057336
189.30 60.057336
189.32 59.916818
189.34 59.403797
189.36 59.118719
189.38 57.976528
189.40 57.976528
189.42 57.558781
189.44 56.116517
189.46 55.600497
189.48 54.684319
189.50 54.140057
189.52 53.624246
189.54 52.161681
189.56 51.711494
189.58 50.758351
189.60 50.272072
189.62 48.789480
189.64 48.363283
189.66 47.829935
189.68 46.805562
189.70 46.312607
189.72 46.312607
189.74 44.963584
189.76 44.229491
189.78 43.950137
189.80 43.075996
189.82 41.481570
189.84 40.998343
189.86 39.929442
189.88 39.298512
189.90 38.788099
189.92 37.201705
189.94 36.711254
189.96 35.849226
189.98 35.443840
190.00 34.974824
190.02 33.460717
190.04 32.953994
190.06 31.992741
190.08 31.427500
190.10 30.849794
190.12 29.369105
190.14 28.964957
190.16 27.856602
190.18 27.415463
190.20 27.024458
190.22 25.343912
190.24 24.772660
190.26 23.830601
190.28 23.398837
190.30 22.893913
190.32 21.855001
190.34 21.561109
190.36 21.019246
190.38 20.769255
190.40 20.611369
190.42 20.446847
190.44 20.423429
190.46 20.415319
190.48 20.409648
190.50 20.406362
190.52 20.398226
190.54 20.396257
190.56 20.390637
190.58 20.389007
190.60 20.387560
190.62 20.381940
190.64 20.379945
190.66 20.375525
190.68 20.373804
190.70 20.372344
190.72 20.367663
190.74 20.365877
190.76 20.362982
190.78 20.361991
190.80 20.360113
190.82 20.355772
190.84 20.354220
190.86 20.351404
190.88 20.350739
190.90 20.349513
190.92 20.345993
190.94 20.345041
190.96 20.343020
190.98 20.342511
191.00 20.341286
191.02 20.337791
191.04 20.337139
191.06 20.334662
191.08 20.334075
191.10 20.332823
191.12 20.330816
191.14 20.330816
191.16 20.328338
191.18 20.328221
191.20 20.327269
191.22 20.325065
191.24 20.324557
191.26 20.323475
191.28 20.323136
191.30 20.321871
191.32 20.319563
191.34 20.319563
191.36 20.317164
191.38 20.316316
191.40 20.315730
191.42 20.314452
191.44 20.314452
191.46 20.312822
191.48 20.312627
191.50 20.311818
191.52 20.310540
191.54 20.310540
191.56 20.312796
191.58 20.315013
191.60 20.317021
191.62 20.328534
191.64 20.332458
191.66 20.336566
191.68 20.338117
191.70 20.338182
191.72 20.336331
191.74 20.336201
191.76 20.334297
191.78 20.333449
191.80 20.331885
191.82 20.330581
191.84 20.329746
191.86 20.327308
191.88 20.326461
191.90 20.325926
191.92 20.323775
191.94 20.323162
191.96 20.322627
191.98 20.322718
192.00 20.321245
192.02 20.320437
192.04 20.318246
192.06 20.318246
192.08 20.317907
192.10 20.315938
192.12 20.315938
192.14 20.313187
192.16 20.313187
192.18 20.312535
192.20 20.310566
192.22 20.309862
192.24 20.308206
192.26 20.307359
192.28 20.307411
192.30 20.305703
192.32 20.304868
192.34 20.302795
192.36 20.302287
192.38 20.301570
192.40 20.299653
192.42 20.298949
192.44 20.297762
192.46 20.297410
192.48 20.297267
192.50 20.294946
192.52 20.294946
192.54 20.292182
192.56 20.290813
192.58 20.289744
192.60 20.275910
192.62 20.270903
192.64 20.260433
192.66 20.256312
192.68 20.252896
192.70 20.251006
192.72 20.251006
192.74 20.249506
192.76 20.249506
192.78 20.249454
192.80 20.248254
192.82 20.248254
192.84 20.247746
192.86 20.247589
192.88 20.247250
192.90 20.246077
192.92 20.245634
192.94 20.244382
192.96 20.244382
192.98 20.244108
193.00 20.242726
193.02 20.242726
193.04 20.242204
193.06 20.242048
193.08 20.242165
193.10 20.241031
193.12 20.241031
193.14 20.242035
193.16 20.247720
193.18 20.263849
193.20 20.361887
193.22 20.391067
193.24 20.450759
193.26 20.477371
193.28 20.492691
193.30 20.495494
193.32 20.496081
193.34 20.494856
193.36 20.495273
193.38 20.495442
193.40 20.495638
193.42 20.495638
193.44 20.494921
193.46 20.493852
193.48 20.494256
193.50 20.493956
193.52 20.493956
193.54 20.492887
193.56 20.492717
193.58 20.492887
193.60 20.492561
193.62 20.492574
193.64 20.493682
193.66 20.494295
193.68 20.493891
193.70 20.494490
193.72 20.494960
193.74 20.494151
193.76 20.493982
193.78 20.494217
193.80 20.493552
193.82 20.493395
193.84 20.492952
193.86 20.492156
193.88 20.491935
193.90 20.491361
193.92 20.491531
193.94 20.490253
193.96 20.490096
193.98 20.490096
194.00 20.491100
194.02 20.490592
194.04 20.491765
194.06 20.492365
194.08 20.491635
194.10 20.491765
194.12 20.491896
194.14 20.488793
194.16 20.488454
194.18 20.448881
194.20 20.448881
194.22 20.337074
194.24 20.337074
194.26 20.305207
194.28 20.242191
194.30 20.242191
194.32 20.230548
194.34 20.229661
194.36 20.229648
194.38 20.228775
194.40 20.228775
194.42 20.228084
194.44 20.228253
194.46 20.228331
194.48 20.228149
194.50 20.228031
194.52 20.228149
194.54 20.227836
194.56 20.227419
194.58 20.226532
194.60 20.226532
194.62 20.225880
194.64 20.226219
194.66 20.226036
194.68 20.225645
194.70 20.225645
194.72 20.224772
194.74 20.224746
194.76 20.224746
194.78 20.223950
194.80 20.223650
194.82 20.223820
194.84 20.223820
194.86 20.223820
194.88 20.223168
194.90 20.222829
194.92 20.222868
194.94 20.222738
194.96 20.222607
194.98 20.222099
195.00 20.222099
195.02 20.221499
195.04 20.220638
195.06 20.220286
195.08 20.219322
195.10 20.219322
195.12 20.220221
195.14 20.219726
195.16 20.219960
195.18 20.219817
195.20 20.219608
195.22 20.218709
195.24 20.218709
195.26 20.218461
195.28 20.217561
195.30 20.217509
195.32 20.217509
195.34 20.217509
195.36 20.217340
195.38 20.217744
195.40 20.217574
195.42 20.217679
195.44 20.217235
195.46 20.217235
195.48 20.217587
195.50 20.217561
195.52 20.216401
195.54 20.216388
195.56 20.216388
195.58 20.216075
195.60 20.216075
195.62 20.240992
195.64 20.240288
195.66 20.240118
195.68 20.240118
195.70 20.543099
195.72 20.892901
195.74 21.199389
195.76 21.199180
195.78 21.251022
195.80 21.251022
195.82 21.420956
195.84 21.536596
195.86 21.536596
195.88 21.536205
195.90 21.593523
195.92 21.652732
195.94 21.710194
195.96 21.710194
195.98 21.709868
196.00 21.757355
196.02 21.863164
196.04 21.863164
196.06 21.863151
196.08 21.863346
196.10 21.977109
196.12 21.977109
196.14 22.046918
196.16 22.046227
196.18 22.045523
196.20 22.101707
196.22 22.537708
196.24 22.537708
196.26 22.537526
196.28 22.765521
196.30 22.821978
196.32 22.908451
196.34 23.045566
196.36 23.355509
196.38 23.355509
196.40 23.545079
196.42 23.656456
196.44 23.659833
196.46 24.014316
196.48 24.014316
196.50 24.120673
196.52 24.245401
196.54 24.246066
196.56 24.341509
196.58 24.341509
196.60 24.433497
196.62 24.536568
196.64 24.546308
196.66 25.003524
196.68 25.003524
196.70 24.724665
196.72 24.733883
196.74 24.751342
196.76 24.855534
196.78 24.855534
196.80 24.585411
196.82 24.417030
196.84 24.418294
196.86 24.610720
196.88 24.610720
196.90 24.609742
196.92 24.664309
196.94 24.664126
196.96 24.826875
196.98 24.826875
197.00 24.827293
197.02 24.883320
197.04 24.882981
197.06 25.054727
197.08 25.054727
197.10 25.053827
197.12 25.127900
197.14 25.126518
197.16 25.304118
197.18 25.304118
197.20 25.304079
197.22 25.230045
197.24 25.230228
197.26 25.358385
197.28 25.358385
197.30 25.357525
197.32 25.130834
197.34 25.114796
197.36 24.875471
197.38 24.618986
197.40 24.595529
197.42 24.534834
197.44 24.519918
197.46 24.541315
197.48 24.541315
197.50 24.539985
197.52 24.539033
197.54 24.538276
197.56 24.613014
197.58 24.613014
197.60 24.612232
197.62 24.611684
197.64 24.611345
197.66 24.413287
197.68 24.413287
197.70 24.413796
197.72 24.361485
197.74 24.287868
197.76 24.287868
197.78 24.287972
197.80 24.287686
197.82 24.286812
197.84 24.286799
197.86 24.286069
197.88 24.286069
197.90 24.285469
197.92 24.285143
197.94 24.327532
197.96 24.337819
197.98 24.342383
198.00 24.430446
198.02 24.633394
198.04 25.134393
198.06 25.790123
198.08 26.146719
198.10 26.950242
198.12 27.814539
198.14 28.259055
198.16 29.491995
198.18 29.491995
198.20 30.385525
198.22 31.131547
198.24 31.590719
198.26 32.878435
198.28 32.878435
198.30 33.537333
198.32 34.504792
198.34 35.019756
198.36 36.200724
198.38 36.200724
198.40 36.645930
198.42 37.931769
198.44 37.931769
198.46 39.759691
198.48 39.759691
198.50 40.167490
198.52 41.250394
198.54 41.250394
198.56 41.986038
198.58 42.319568
198.60 44.261997
198.62 44.261997
198.64 45.324951
198.66 45.726061
198.68 46.162506
198.70 47.418903
198.72 47.857447
198.74 49.238376
198.76 49.238376
198.78 49.666594
198.80 50.901620
198.82 51.312718
198.84 52.141940
198.86 52.550026
198.88 52.988948
198.90 54.421068
198.92 55.018553
198.94 55.664504
198.96 55.964003
198.98 56.395037
199.00 57.422605
199.02 57.504083
199.04 58.053000
199.06 58.304139
199.08 58.363999
199.10 58.478179
199.12 58.547219
199.14 58.619206
199.16 58.642128
199.18 58.600639
199.20 58.670917
199.22 58.647435
199.24 58.686577
199.26 58.700698
199.28 58.797497
199.30 58.794485
199.32 58.850004
199.34 58.891441
199.36 58.914181
199.38 58.974654
199.40 59.105224
199.42 59.109175
199.44 59.131353
199.46 59.281625
199.48 59.258194
199.50 59.280986
199.52 59.310922
199.54 59.376455
199.56 59.364798
199.58 59.395074
199.60 59.466852
199.62 59.508368
199.64 59.522019
199.66 59.476762
199.68 59.505108
199.70 59.520859
199.72 59.502070
199.74 59.565477
199.76 59.509450
199.78 59.457386
199.80 59.530038
199.82 59.597944
199.84 59.574565
199.86 59.676932
199.88 59.698785
199.90 59.733507
199.92 59.706843
199.94 59.756677
199.96 59.910742
199.98 59.887911
200.00 59.864350
200.02 59.885121
200.04 59.900807
200.06 59.759063
200.08 59.810931
200.10 59.890284
200.12 59.843554
200.14 59.848196
200.16 59.942518
200.18 59.962454
200.20 59.898316
200.22 59.942126
200.24 59.889867
200.26 59.864051
200.28 59.869175
200.30 59.933573
200.32 59.886256
200.34 59.878680
200.36 59.836226
200.38 59.892527
200.40 59.849395
200.42 59.804698
200.44 59.855276
200.46 59.852889
200.48 59.791177
200.50 59.868158
200.52 59.972337
200.54 59.945490
200.56 59.873347
200.58 59.912776
200.60 59.869592
200.62 59.793068
200.64 59.912854
200.66 59.912854
200.68 59.884886
200.70 59.838130
200.72 59.902345
200.74 59.889385
200.76 59.836865
200.78 59.821584
200.80 59.734394
200.82 59.673490
200.84 59.503504
200.86 59.491991
200.88 59.338591
200.90 59.272002
200.92 59.272002
200.94 59.311887
200.96 59.246511
200.98 59.229874
201.00 59.339334
201.02 59.339334
201.04 59.346140
201.06 59.353742
201.08 59.339868
201.10 59.286488
201.12 59.286488
201.14 59.306789
201.16 59.278912
201.18 59.241126
201.20 59.250710
201.22 59.250710
201.24 59.323270
201.26 59.365137
201.28 59.370509
201.30 59.350612
201.32 59.350612
201.34 59.221659
201.36 59.166662
201.38 58.959816
201.40 58.765592
201.42 58.765592
201.44 58.168810
201.46 57.732248
201.48 56.843386
201.50 55.840005
201.52 55.840005
201.54 54.222449
201.56 53.781467
201.58 52.766808
201.60 51.895535
201.62 51.895535
201.64 50.425720
201.66 50.425720
201.68 48.963416
201.70 47.901870
201.72 47.901870
201.74 46.346599
201.76 46.346599
201.78 45.010914
201.80 44.139967
201.82 44.139967
201.84 42.881276
201.86 42.881276
201.88 41.543882
201.90 40.657133
201.92 40.657133
201.94 39.105070
201.96 39.105070
201.98 37.783532
202.00 36.749966
202.02 36.749966
202.04 35.266709
202.06 35.266709
202.08 33.733969
202.10 32.655512
202.12 32.655512
202.14 31.211657
202.16 31.211657
202.18 29.819540
202.20 28.933351
202.22 28.933351
202.24 27.441880
202.26 27.441880
202.28 25.976655
202.30 24.926634
202.32 24.926634
202.34 23.584886
202.36 23.584886
202.38 22.766955
202.40 21.626615
202.42 21.626615
202.44 20.756321
202.46 20.756321
202.48 20.599517
202.50 20.433482
202.52 20.433482
202.54 20.406257
202.56 20.406257
202.58 20.399138
202.60 20.392762
202.62 20.392762
202.64 20.385578
202.66 20.385578
202.68 20.381132
202.70 20.376242
202.72 20.376242
202.74 20.371796
202.76 20.371796
202.78 20.367650
202.80 20.362004
202.82 20.362004
202.84 20.357388
202.86 20.357388
202.88 20.354129
202.90 20.350204
202.92 20.350204
202.94 20.346879
202.96 20.346879
202.98 20.344637
203.00 20.344037
203.02 20.343163
203.04 20.343163
203.06 20.340438
203.08 20.337035
203.10 20.337035
203.12 20.334153
203.14 20.334153
203.16 20.332419
203.18 20.330020
203.20 20.330020
203.22 20.327256
203.24 20.327256
203.26 20.325991
203.28 20.323827
203.30 20.323827
203.32 20.322393
203.34 20.322393
203.36 20.320697
203.38 20.319198
203.40 20.319198
203.42 20.316708
203.44 20.316708
203.46 20.316525
203.48 20.317516
203.50 20.321415
203.52 20.328416
203.54 20.328416
203.56 20.338926
203.58 20.343880
203.60 20.343880
203.62 20.341468
203.64 20.341468
203.66 20.339317
203.68 20.336513
203.70 20.335705
203.72 20.334323
203.74 20.334323
203.76 20.332145
203.78 20.330072
203.80 20.330072
203.82 20.327517
203.84 20.327517
203.86 20.324766
203.88 20.322575
203.90 20.321349
203.92 20.319602
203.94 20.319602
203.96 20.317907
203.98 20.315234
204.00 20.314543
204.02 20.312913
204.04 20.312913
204.06 20.310775
204.08 20.309080
204.10 20.307893
204.12 20.306133
204.14 20.306133
204.16 20.303525
204.18 20.300631
204.20 20.299953
204.22 20.298936
204.24 20.298936
204.26 20.297293
204.28 20.295076
204.30 20.295076
204.32 20.292247
204.34 20.292247
204.36 20.289835
204.38 20.287970
204.40 20.286953
204.42 20.285441
204.44 20.285441
204.46 20.281568
204.48 20.279300
204.50 20.279300
204.52 20.267252
204.54 20.267252
204.56 20.252453
204.58 20.243365
204.60 20.240692
204.62 20.238749
204.64 20.238749
204.66 20.237471
204.68 20.236937
204.70 20.236611
204.72 20.235985
204.74 20.235985
204.76 20.234512
204.78 20.234107
204.80 20.234107
204.82 20.233482
204.84 20.233482
204.86 20.233273
204.88 20.232243
204.90 20.231695
204.92 20.231343
204.94 20.231343
204.96 20.230496
204.98 20.230952
205.00 20.230613
205.02 20.229922
205.04 20.229922
205.06 20.228683
205.08 20.228683
205.10 20.228853
205.12 20.228501
205.14 20.228501
205.16 20.227197
205.18 20.227849
205.20 20.228070
205.22 20.227901
205.24 20.227745
205.26 20.227288
205.28 20.227640
205.30 20.227458
205.32 20.227458
205.34 20.227823
205.36 20.228357
205.38 20.228357
205.40 20.228879
205.42 20.228879
205.44 20.228540
205.46 20.228409
205.48 20.228866
205.50 20.229153
205.52 20.229153
205.54 20.229309
205.56 20.229270
205.58 20.229270
205.60 20.229792
205.62 20.229792
205.64 20.229400
205.66 20.229609
205.68 20.229609
205.70 20.228553
205.72 20.228553
205.74 20.228175
205.76 20.228214
205.78 20.228214
205.80 20.227914
205.82 20.227914
205.84 20.227940
205.86 20.228201
205.88 20.228201
205.90 20.228670
205.92 20.228670
205.94 20.228292
205.96 20.227927
205.98 20.227927
206.00 20.228266
206.02 20.228266
206.04 20.228657
206.06 20.228423
206.08 20.228423
206.10 20.227979
206.12 20.227979
206.14 20.227966
206.16 20.227484
206.18 20.226936
206.20 20.226467
206.22 20.226467
206.24 20.226154
206.26 20.225880
206.28 20.225580
206.30 20.225189
206.32 20.225189
206.34 20.224276
206.36 20.223950
206.38 20.224120
206.40 20.223507
206.42 20.223507
206.44 20.222946
206.46 20.222216
206.48 20.221877
206.50 20.221186
206.52 20.221186
206.54 20.220651
206.56 20.220678
206.58 20.220495
206.60 20.220247
206.62 20.220247
206.64 20.220430
206.66 20.220052
206.68 20.219882
206.70 20.219869
206.72 20.219869
206.74 20.219139
206.76 20.218657
206.78 20.219035
206.80 20.218748
206.82 20.218748
206.84 20.219009
206.86 20.218630
206.88 20.218630
206.90 20.218070
206.92 20.218070
206.94 20.217666
206.96 20.217053
206.98 20.217053
207.00 20.216427
207.02 20.216427
207.04 20.215775
207.06 20.215162
207.08 20.215162
207.10 20.214941
207.12 20.214941
207.14 20.214654
207.16 20.214471
207.18 20.214471
207.20 20.214797
207.22 20.213910
207.24 20.213376
207.26 20.213050
207.28 20.212998
207.30 20.213154
207.32 20.213154
207.34 20.213519
207.36 20.213937
207.38 20.213350
207.40 20.212998
207.42 20.213193
207.44 20.213193
207.46 20.213493
207.48 20.213493
207.50 20.213324
207.52 20.213154
207.54 20.212933
207.56 20.212711
207.58 20.212541
207.60 20.212255
207.62 20.212059
207.64 20.212385
207.66 20.212385
207.68 20.212359
207.70 20.212359
207.72 20.212228
207.74 20.212255
207.76 20.212255
207.78 20.212163
207.80 20.212163
207.82 20.211524
207.84 20.237093
207.86 20.237093
207.88 20.269260
207.90 20.269260
207.92 20.557663
207.94 20.878154
207.96 20.878154
207.98 20.909969
208.00 20.909969
208.02 20.909969
208.04 21.131314
208.06 21.131314
208.08 21.192739
208.10 21.192739
208.12 21.282889
208.14 21.621283
208.16 21.621283
208.18 21.964422
208.20 21.964422
208.22 22.381348
208.24 22.603828
208.26 22.603828
208.28 22.747501
208.30 22.747501
208.32 22.877536
208.34 22.985405
208.36 22.985405
208.38 23.032762
208.40 23.032762
208.42 23.141075
208.44 23.266142
208.46 23.266246
208.48 23.324477
208.50 23.324477
208.52 23.426205
208.54 23.526055
208.56 23.526055
208.58 23.594118
208.60 23.594118
208.62 23.735431
208.64 23.846078
208.66 23.846078
208.68 23.889066
208.70 23.889066
208.72 24.007119
208.74 24.149553
208.76 24.309056
208.78 24.309056
208.80 24.309056
208.82 24.429495
208.84 24.539202
208.86 24.538772
208.88 25.015193
208.90 25.015193
208.92 24.884780
208.94 24.702147
208.96 24.925187
208.98 25.373784
209.00 25.373784
209.02 25.808182
209.04 26.687277
209.06 26.687277
209.08 27.948812
209.10 27.948812
209.12 28.709959
209.14 29.221950
209.16 29.663076
209.18 30.523904
209.20 30.523904
209.22 30.980611
209.24 31.785517
209.26 32.269553
209.28 33.729106
209.30 33.729106
209.32 34.656680
209.34 35.465041
209.36 35.929388
209.38 37.498258
209.40 37.498258
209.42 38.285809
209.44 38.681833
209.46 40.507188
209.48 40.924817
209.50 40.924817
209.52 41.695809
209.54 42.136048
209.56 43.518373
209.58 44.346292
209.60 44.675754
209.62 45.004147
209.64 45.626198
209.66 46.774817
209.68 46.774817
209.70 47.934871
209.72 48.397758
209.74 49.460804
209.76 50.804534
209.78 50.804534
209.80 51.599348
209.82 51.949215
209.84 52.724732
209.86 53.338464
209.88 53.338464
209.90 54.483445
209.92 54.821082
209.94 56.037111
209.96 56.243579
209.98 56.579104
210.00 57.264745
210.02 57.589161
210.04 58.206074
210.06 58.342942
210.08 58.465766
210.10 58.716775
210.12 58.720517
210.14 58.717909
210.16 58.849339
210.18 58.907218
210.20 58.939202
210.22 59.038035
210.24 59.140598
210.26 59.101443
210.28 59.089030
210.30 59.134222
210.32 59.155775
210.34 59.107623
210.36 59.125356
210.38 59.152685
210.40 59.058232
210.42 58.993352
210.44 59.126347
210.46 59.130728
210.48 59.104794
210.50 59.167627
210.52 59.273175
210.54 59.141524
210.56 59.134248
210.58 59.177849
210.60 59.294233
210.62 59.271467
210.64 59.446499
210.66 59.538422
210.68 59.584422
210.70 59.566012
210.72 59.638559
210.74 59.619418
210.76 59.615650
210.78 59.613773
210.80 59.683308
210.82 59.658352
210.84 59.754565
210.86 59.834114
210.88 59.825965
210.90 59.774670
210.92 59.849591
210.94 59.847674
210.96 59.835000
210.98 59.819523
211.00 59.843228
211.02 59.760067
211.04 59.685864
211.06 59.737914
211.08 59.758528
211.10 59.645052
211.12 59.681600
211.14 59.784958
211.16 59.756325
211.18 59.719125
211.20 59.772584
211.22 59.727835
211.24 59.633487
211.26 59.669982
211.28 59.747380
211.30 59.727587
211.32 59.806928
211.34 59.903767
211.36 59.873165
211.38 59.829003
211.40 59.938749
211.42 59.936024
211.44 59.911290
211.46 59.914458
211.48 59.927901
211.50 59.859696
211.52 59.823735
211.54 59.927367
211.56 59.950236
211.58 59.939114
211.60 59.939701
211.62 59.936898
211.64 59.859083
211.66 59.811752
211.68 59.754591
211.70 59.739440
211.72 59.691887
211.74 59.685238
211.76 59.679553
211.78 59.703192
211.80 59.733690
211.82 59.747706
211.84 59.747706
211.86 59.765817
211.88 59.773106
211.90 59.747289
211.92 59.758320
211.94 59.734667
211.96 59.726427
211.98 59.619418
212.00 59.601021
212.02 59.607540
212.04 59.586743
212.06 59.543833
212.08 59.574057
212.10 59.631831
212.12 59.631414
212.14 59.592924
212.16 59.618597
212.18 59.661286
212.20 59.627333
212.22 59.618414
212.24 59.644205
212.26 59.644205
212.28 59.464349
212.30 59.423055
212.32 59.427893
212.34 59.288040
212.36 59.117493
212.38 58.651294
212.40 58.266587
212.42 57.465189
212.44 56.590696
212.46 56.114926
212.48 55.224761
212.50 54.834460
212.52 53.924867
212.54 52.953170
212.56 52.953170
212.58 51.450941
212.60 50.926289
212.62 49.861379
212.64 48.910283
212.66 48.910283
212.68 47.592383
212.70 47.214586
212.72 46.304836
212.74 45.363937
212.76 45.363937
212.78 43.764987
212.80 43.143249
212.82 42.231609
212.84 41.233404
212.86 41.233404
212.88 39.827427
212.90 39.481615
212.92 38.451622
212.94 37.454539
212.96 37.454539
212.98 35.970603
213.00 35.429510
213.02 34.581277
213.04 33.594416
213.06 33.594416
213.08 32.208088
213.10 31.629339
213.12 30.498818
213.14 29.558427
213.16 29.558427
213.18 28.149986
213.20 27.740401
213.22 26.854264
213.24 25.901734
213.26 25.901734
213.28 24.438270
213.30 23.892469
213.32 22.915231
213.34 21.997658
213.36 21.997658
213.38 21.039626
213.40 20.912538
213.42 20.643471
213.44 20.470056
213.46 20.470056
213.48 20.419609
213.50 20.416858
213.52 20.408722
213.54 20.401903
213.56 20.401903
213.58 20.393584
213.60 20.391002
213.62 20.387065
213.64 20.383622
213.66 20.383622
213.68 20.378263
213.70 20.376751
213.72 20.372644
213.74 20.369032
213.76 20.369032
213.78 20.364442
213.80 20.362982
213.82 20.360113
213.84 20.357623
213.86 20.357623
213.88 20.354233
213.90 20.352890
213.92 20.350178
213.94 20.348170
213.96 20.348170
213.98 20.345680
214.00 20.343593
214.02 20.342498
214.04 20.342498
214.06 20.340151
214.08 20.339812
214.10 20.337439
214.12 20.335718
214.14 20.335718
214.16 20.333840
214.18 20.333306
214.20 20.331754
214.22 20.331950
214.24 20.331950
214.26 20.339212
214.28 20.343124
214.30 20.349982
214.32 20.355824
214.34 20.355824
214.36 20.357075
214.38 20.356058
214.40 20.353255
214.42 20.352668
214.44 20.352668
214.46 20.349539
214.48 20.348731
214.50 20.347544
214.52 20.344989
214.54 20.344989
214.56 20.342120
214.58 20.340907
214.60 20.339147
214.62 20.338078
214.64 20.338078
214.66 20.335223
214.68 20.333919
214.70 20.332106
214.72 20.330829
214.74 20.330829
214.76 20.328547
214.78 20.328038
214.80 20.326852
214.82 20.325118
214.84 20.325118
214.86 20.322314
214.88 20.321428
214.90 20.319733
214.92 20.318494
214.94 20.318494
214.96 20.315365
214.98 20.313996
215.00 20.312131
215.02 20.311088
215.04 20.311088
215.06 20.308363
215.08 20.307437
215.10 20.305377
215.12 20.304334
215.14 20.304334
215.16 20.300435
215.18 20.298910
215.20 20.297163
215.22 20.294711
215.24 20.294711
215.26 20.284411
215.28 20.279300
215.30 20.271033
215.32 20.262154
215.34 20.262154
215.36 20.254696
215.38 20.254357
215.40 20.252818
215.42 20.252479
215.44 20.252479
215.46 20.251827
215.48 20.251305
215.50 20.250706
215.52 20.250367
215.54 20.250367
215.56 20.249389
215.58 20.249298
215.60 20.248815
215.62 20.248880
215.64 20.248880
215.66 20.247642
215.68 20.247472
215.70 20.246794
215.72 20.246286
215.74 20.246286
215.76 20.245712
215.78 20.245034
215.80 20.244512
215.82 20.244160
215.84 20.244160
215.86 20.243052
215.88 20.242961
215.90 20.242961
215.92 20.242504
215.94 20.242504
215.96 20.241931
215.98 20.241696
216.00 20.241018
216.02 20.240992
216.04 20.240992
216.06 20.241266
216.08 20.241526
216.10 20.242335
216.12 20.242165
216.14 20.242165
216.16 20.241513
216.18 20.241605
216.20 20.241579
216.22 20.240914
216.24 20.241200
216.26 20.241109
216.28 20.240601
216.30 20.240692
216.32 20.240692
216.34 20.241214
216.36 20.240966
216.38 20.240744
216.40 20.240314
216.42 20.240314
216.44 20.238893
216.46 20.238893
216.48 20.239284
216.50 20.238475
216.52 20.238475
216.54 20.238554
216.56 20.238228
216.58 20.237706
216.60 20.237706
216.62 20.237667
216.64 20.237211
216.66 20.237198
216.68 20.236859
216.70 20.236611
216.72 20.236611
216.74 20.236128
216.76 20.236024
216.78 20.236650
216.80 20.236650
216.82 20.236663
216.84 20.236702
216.86 20.236806
216.88 20.236050
216.90 20.236011
216.92 20.236011
216.94 20.235190
216.96 20.235085
216.98 20.234577
217.00 20.234173
217.02 20.234173
217.04 20.234616
217.06 20.234538
217.08 20.233990
217.10 20.234160
217.12 20.234160
217.14 20.234472
217.16 20.233964
217.18 20.233690
217.20 20.233429
217.22 20.233429
217.24 20.232921
217.26 20.232425
217.28 20.232686
217.30 20.232438
217.32 20.232438
217.34 20.231760
217.36 20.231630
217.38 20.230991
217.40 20.230665
217.42 20.230665
217.44 20.230730
217.46 20.230691
217.48 20.230352
217.50 20.230352
217.52 20.230300
217.54 20.229922
217.56 20.229792
217.58 20.229361
217.60 20.229283
217.62 20.229283
217.64 20.228957
217.66 20.228788
217.68 20.228827
217.70 20.228214
217.72 20.228214
217.74 20.228579
217.76 20.228553
217.78 20.228149
217.80 20.227992
217.82 20.227992
217.84 20.228214
217.86 20.228409
217.88 20.228084
217.90 20.227914
217.92 20.227914
217.94 20.226545
217.96 20.226936
217.98 20.227001
218.00 20.227001
218.02 20.226219
218.04 20.226219
218.06 20.226063
218.08 20.225802
218.10 20.225802
218.12 20.225893
218.14 20.225984
218.16 20.225984
218.18 20.225280
218.20 20.225476
218.22 20.225476
218.24 20.224980
218.26 20.224394
218.28 20.224394
218.30 20.224146
218.32 20.223350
218.34 20.223350
218.36 20.223494
218.38 20.496355
218.40 20.496029
218.42 20.528300
218.44 20.527935
218.46 20.840694
218.48 20.840394
218.50 21.005829
218.52 21.005829
218.54 21.005829
218.56 21.096892
218.58 21.096462
218.60 21.096605
218.62 21.097244
218.64 21.133518
218.66 21.235937
218.68 21.235937
218.70 21.236106
218.72 21.526856
218.74 21.582180
218.76 21.594723
218.78 21.679683
218.80 21.706947
218.82 22.136833
218.84 22.192065
218.86 22.208794
218.88 22.255094
218.90 22.255094
218.92 22.371426
218.94 22.426253
218.96 22.425993
218.98 22.496154
219.00 22.496154
219.02 22.798196
219.04 22.922572
219.06 22.953943
219.08 23.033870
219.10 23.033714
219.12 23.299169
219.14 23.355248
219.16 23.421446
219.18 23.421446
219.20 23.610481
219.22 23.610481
219.24 23.695128
219.26 24.045322
219.28 24.073590
219.30 24.073590
219.32 24.253472
219.34 24.320269
219.36 24.320269
219.38 24.320752
219.40 24.345330
219.42 24.472705
219.44 24.328327
219.46 24.376023
219.48 24.143112
219.50 24.173349
219.52 24.273969
219.54 24.137219
219.56 24.203808
219.58 24.200196
219.60 24.200196
219.62 24.359503
219.64 24.358642
219.66 24.414943
219.68 24.414604
219.70 24.526490
219.72 24.604422
219.74 24.628244
219.76 25.242419
219.78 25.419472
219.80 25.948022
219.82 26.357594
219.84 26.934348
219.86 27.803925
219.88 28.116698
219.90 28.543390
219.92 29.330980
219.94 30.074564
219.96 30.904491
219.98 31.273969
220.00 31.818792
220.02 32.544305
220.04 33.407089
220.06 34.308129
220.08 34.729384
220.10 35.084767
220.12 35.820789
220.14 36.695151
220.16 37.737583
220.18 38.153075
220.20 38.654309
220.22 39.616722
220.24 40.344556
220.26 40.848111
220.28 41.404290
220.30 41.919619
220.32 42.683387
220.34 43.581715
220.36 44.122939
220.38 45.067541
220.40 45.657165
220.42 46.593553
220.44 47.463652
220.46 47.942251
220.48 48.807173
220.50 49.339739
220.52 50.083532
220.54 50.985394
220.56 51.436781
220.58 52.349099
220.60 52.837021
220.62 53.339898
220.64 54.791602
220.66 55.368877
220.68 56.280322
220.70 57.061915
220.72 57.772824
220.74 58.115834
220.76 58.181236
220.78 58.617146
220.80 58.656914
220.82 58.828907
220.84 58.979153
220.86 59.149725
220.88 59.217148
220.90 59.297414
220.92 59.659460
220.94 59.623095
220.96 59.738110
220.98 59.770889
221.00 59.792312
221.02 59.785518
221.04 59.814399
221.06 59.771045
221.08 59.777578
221.10 59.711054
221.12 59.773797
221.14 59.775127
221.16 59.777813
221.18 59.782767
221.20 59.821101
221.22 59.831597
221.24 59.810761
221.26 59.847922
221.28 59.886725
221.30 59.854963
221.32 59.840164
221.34 59.804998
221.36 59.663202
221.38 59.611934
221.40 59.668744
221.42 59.611973
221.44 59.540547
221.46 59.625181
221.48 59.655157
221.50 59.638520
221.52 59.419913
221.54 59.401189
221.56 59.389598
221.58 59.311574
221.60 59.271363
221.62 59.367810
221.64 59.323114
221.66 59.213575
221.68 59.197003
221.70 59.209794
221.72 59.199389
221.74 59.241961
221.76 59.275457
221.78 59.260528
221.80 59.235350
221.82 59.297088
221.84 59.332919
221.86 59.245273
221.88 59.233486
221.90 59.233486
221.92 59.236211
221.94 59.259380
221.96 59.340077
221.98 59.339295
222.00 59.339295
222.02 59.266721
222.04 59.236471
222.06 59.240227
222.08 59.207447
222.10 59.207447
222.12 59.253578
222.14 59.291625
222.16 59.376638
222.18 59.413628
222.20 59.413628
222.22 59.303790
222.24 59.327416
222.26 59.234424
222.28 59.175320
222.30 59.175320
222.32 59.033941
222.34 58.980365
222.36 58.875156
222.38 58.799883
222.40 58.799883
222.42 58.876916
222.44 58.910817
222.46 59.011280
222.48 59.038609
222.50 59.038609
222.52 59.106241
222.54 59.178397
222.56 59.082589
222.58 59.072810
222.60 59.072810
222.62 59.082889
222.64 59.034750
222.66 59.151159
222.68 59.225258
222.70 59.225258
222.72 59.168214
222.74 59.169805
222.76 59.094662
222.78 59.042325
222.80 59.042325
222.82 59.101260
222.84 59.060032
222.86 59.058050
222.88 59.115107
222.90 59.115107
222.92 59.103985
222.94 59.157718
222.96 59.278339
222.98 59.302773
223.00 59.302773
223.02 59.389455
223.04 59.401163
223.06 59.360483
223.08 59.359596
223.10 59.217983
223.12 59.110791
223.14 58.858245
223.16 58.642284
223.18 58.642284
223.20 57.527045
223.22 57.112205
223.24 55.888222
223.26 55.428321
223.28 55.428321
223.30 54.400010
223.32 53.992238
223.34 53.084000
223.36 52.183638
223.38 52.183638
223.40 50.838539
223.42 50.313418
223.44 49.382780
223.46 48.551719
223.48 48.551719
223.50 47.002577
223.52 46.544762
223.54 45.595857
223.56 44.448841
223.58 44.448841
223.60 43.070924
223.62 42.621714
223.64 41.660500
223.66 40.713447
223.68 40.713447
223.70 39.094522
223.72 38.556232
223.74 37.620900
223.76 36.610204
223.78 36.610204
223.80 35.227658
223.82 34.790235
223.84 33.756148
223.86 32.813319
223.88 32.813319
223.90 31.163531
223.92 30.561143
223.94 29.619618
223.96 28.554342
223.98 28.554342
224.00 27.182618
224.02 26.680406
224.04 25.706036
224.06 24.781748
224.08 24.781748
224.10 23.283301
224.12 22.931516
224.14 22.136246
224.16 21.424033
224.18 21.424033
224.20 20.981695
224.22 20.825700
224.24 20.708325
224.26 20.620014
224.28 20.620014
224.30 20.513996
224.32 20.481504
224.34 20.421826
224.36 20.401746
224.38 20.401746
224.40 20.393610
224.42 20.390833
224.44 20.387638
224.46 20.384000
224.48 20.384000
224.50 20.378694
224.52 20.376699
224.54 20.373582
224.56 20.371040
224.58 20.371040
224.60 20.366881
224.62 20.365212
224.64 20.362930
224.66 20.359983
224.68 20.359983
224.70 20.356997
224.72 20.355302
224.74 20.353490
224.76 20.351182
224.78 20.351182
224.80 20.348131
224.82 20.347127
224.84 20.345145
224.86 20.343254
224.88 20.343254
224.90 20.341038
224.92 20.339551
224.94 20.337896
224.96 20.336865
224.98 20.336865
225.00 20.334584
225.02 20.334049
225.04 20.334923
225.06 20.340829
225.08 20.340829
225.10 20.351130
225.12 20.358640
225.14 20.358784
225.16 20.358432
225.18 20.358432
225.20 20.355876
225.22 20.353255
225.24 20.352408
225.26 20.351586
225.28 20.349422
225.30 20.346931
225.32 20.346931
225.34 20.344193
225.36 20.344193
225.38 20.342407
225.40 20.341051
225.42 20.340373
225.44 20.338847
225.46 20.338847
225.48 20.336318
225.50 20.335392
225.52 20.334610
225.54 20.333384
225.56 20.333384
225.58 20.330568
225.60 20.329199
225.62 20.328351
225.64 20.326408
225.66 20.326408
225.68 20.323279
225.70 20.322301
225.72 20.321467
225.74 20.320684
225.76 20.320684
225.78 20.317920
225.80 20.316916
225.82 20.316212
225.84 20.314804
225.86 20.314804
225.88 20.312548
225.90 20.311870
225.92 20.310905
225.94 20.308989
225.96 20.308989
225.98 20.306968
226.00 20.305938
226.02 20.305260
226.04 20.299901
226.06 20.299901
226.08 20.285975
226.10 20.276887
226.12 20.271737
226.14 20.265244
226.16 20.265244
226.18 20.262323
226.20 20.261893
226.22 20.260798
226.24 20.260798
226.26 20.260798
226.28 20.259233
226.30 20.258568
226.32 20.257864
226.34 20.256899
226.36 20.256899
226.38 20.255960
226.40 20.255295
226.42 20.254643
226.44 20.253626
226.46 20.253626
226.48 20.252088
226.50 20.250901
226.52 20.250523
226.54 20.249506
226.56 20.249506
226.58 20.248267
226.60 20.247668
226.62 20.246990
226.64 20.246077
226.66 20.245999
226.68 20.245660
226.70 20.245151
226.72 20.245190
226.74 20.244604
226.76 20.244604
226.78 20.244343
226.80 20.243600
226.82 20.243091
226.84 20.242126
226.86 20.242126
226.88 20.240405
226.90 20.240236
226.92 20.239844
226.94 20.239232
226.96 20.239232
226.98 20.238123
227.00 20.237602
227.02 20.237641
227.04 20.237237
227.06 20.237237
227.08 20.237406
227.10 20.237563
227.12 20.237524
227.14 20.236676
227.16 20.236676
227.18 20.235476
227.20 20.235007
227.22 20.234838
227.24 20.235320
227.26 20.235320
227.28 20.234877
227.30 20.234720
227.32 20.234759
227.34 20.234329
227.36 20.234329
227.38 20.233273
227.40 20.233442
227.42 20.233403
227.44 20.233064
227.46 20.233090
227.48 20.233103
227.50 20.233560
227.52 20.233560
227.54 20.233560
227.56 20.234264
227.58 20.234433
227.60 20.234342
227.62 20.234720
227.64 20.234720
227.66 20.234603
227.68 20.234772
227.70 20.234707
227.72 20.234994
227.74 20.234994
227.76 20.235151
227.78 20.235307
227.80 20.235320
227.82 20.235333
227.84 20.235333
227.86 20.234955
227.88 20.234903
227.90 20.234446
227.92 20.235177
227.94 20.235177
227.96 20.235685
227.98 20.235737
228.00 20.235281
228.02 20.235737
228.04 20.235737
228.06 20.236076
228.08 20.235450
228.10 20.235164
228.12 20.234890
228.14 20.234890
228.16 20.234329
228.18 20.234107
228.20 20.233821
228.22 20.233260
228.24 20.233260
228.26 20.233051
228.28 20.232830
228.30 20.232999
228.32 20.232830
228.34 20.232830
228.36 20.232373
228.38 20.232204
228.40 20.231995
228.42 20.232191
228.44 20.232191
228.46 20.231995
228.48 20.232191
228.50 20.231800
228.52 20.231630
228.54 20.231630
228.56 20.230952
228.58 20.230430
228.60 20.230717
228.62 20.229661
228.64 20.229661
228.66 20.228970
228.68 20.228696
228.70 20.228188
228.72 20.228188
228.74 20.227862
228.76 20.228005
228.78 20.227797
228.80 20.227392
228.82 20.227392
228.84 20.227392
228.86 20.227458
228.88 20.227797
228.90 20.226714
228.92 20.226714
228.94 20.226441
228.96 20.226271
228.98 20.226271
229.00 20.225684
229.02 20.225684
229.04 20.225684
229.06 20.225371
229.08 20.225306
229.10 20.224798
229.12 20.224680
229.14 20.224680
229.16 20.224394
229.18 20.247511
229.20 20.593858
229.22 20.593858
229.24 20.593858
229.26 20.627368
229.28 20.934612
229.30 20.933817
229.32 21.014944
229.34 21.014944
229.36 21.275992
229.38 21.347874
229.40 21.347874
229.42 21.436837
229.44 21.436837
229.46 21.625103
229.48 21.682812
229.50 21.739804
229.52 21.739804
229.54 21.739804
229.56 21.799730
229.58 21.858261
229.60 21.954904
229.62 22.012379
229.64 22.012379
229.66 22.058197
229.68 22.122738
229.70 22.168895
229.72 22.257793
229.74 22.332662
229.76 22.332662
229.78 22.628549
229.80 22.672502
229.82 22.672502
229.84 23.013778
229.86 23.337516
229.88 23.461136
229.90 23.586985
229.92 23.586985
229.94 23.853744
229.96 23.988030
229.98 24.045296
230.00 24.045296
230.02 24.045296
230.04 24.268427
230.06 24.268427
230.08 24.546569
230.10 24.546569
230.12 24.546569
230.14 24.546569
230.16 24.600719
230.18 24.600719
230.20 24.600719
230.22 24.600719
230.24 24.625897
230.26 24.435023
230.28 24.406925
230.30 24.288390
230.32 24.344769
230.34 24.379934
230.36 24.371850
230.38 24.442833
230.40 24.411905
230.42 24.411905
230.44 24.207328
230.46 24.252690
230.48 24.450526
230.50 24.889670
230.52 24.889670
230.54 25.105226
230.56 25.669854
230.58 26.099375
230.60 27.155524
230.62 27.155524
230.64 28.073592
230.66 28.788491
230.68 29.176928
230.70 30.180791
230.72 30.180791
230.74 31.063564
230.76 31.960236
230.78 32.427804
230.80 33.798133
230.82 33.798133
230.84 34.428502
230.86 34.990040
230.88 35.194918
230.90 35.857832
230.92 36.226540
230.94 36.662359
230.96 36.921243
230.98 36.977544
231.00 37.020858
231.02 37.075856
231.04 37.089846
231.06 37.240091
231.08 37.682716
231.10 38.165618
231.12 38.561903
231.14 39.292110
231.16 40.047078
231.18 40.537411
231.20 41.339240
231.22 41.709226
231.24 42.595871
231.26 43.422982
231.28 43.871918
231.30 44.697972
231.32 45.307688
231.34 46.094457
231.36 46.805014
231.38 47.296574
231.40 48.088897
231.42 48.497895
231.44 49.258352
231.46 50.122935
231.48 50.457131
231.50 51.202397
231.52 51.323475
231.54 52.158982
231.56 52.689214
231.58 52.728995
231.60 52.984489
231.62 53.056593
231.64 53.122673
231.66 53.331840
231.68 53.423737
231.70 53.452252
231.72 53.484967
231.74 53.518241
231.76 53.466569
231.78 53.416735
231.80 53.401154
231.82 53.401154
231.84 53.464926
231.86 53.480168
231.88 53.722558
231.90 53.976891
231.92 53.942847
231.94 54.569865
231.96 55.001942
231.98 55.672510
232.00 55.971553
232.02 56.764280
232.04 57.400113
232.06 57.438081
232.08 57.981352
232.10 58.321493
232.12 58.682079
232.14 58.785658
232.16 58.778904
232.18 58.841229
232.20 58.859418
232.22 58.947286
232.24 59.110909
232.26 59.112108
232.28 59.215284
232.30 59.286410
232.32 59.274883
232.34 59.365946
232.36 59.468417
232.38 59.514835
232.40 59.599195
232.42 59.675446
232.44 59.739870
232.46 59.679501
232.48 59.621987
232.50 59.648104
232.52 59.653932
232.54 59.503283
232.56 59.454531
232.58 59.442822
232.60 59.371318
232.62 59.163963
232.64 59.254217
232.66 59.279421
232.68 59.316164
232.70 59.341042
232.72 59.467504
232.74 59.531446
232.76 59.578425
232.78 59.621570
232.80 59.701588
232.82 59.596340
232.84 59.724406
232.86 59.710376
232.88 59.748554
232.90 59.666801
232.92 59.803877
232.94 59.794737
232.96 59.790304
232.98 59.747680
233.00 59.805272
233.02 59.661742
233.04 59.663607
233.06 59.716700
233.08 59.771032
233.10 59.715840
233.12 59.782207
233.14 59.820254
233.16 59.803421
233.18 59.757290
233.20 59.715631
233.22 59.728683
233.24 59.703401
233.26 59.742869
233.28 59.767825
233.30 59.723363
233.32 59.718995
233.34 59.780577
233.36 59.771450
233.38 59.741682
233.40 59.697351
233.42 59.664063
233.44 59.548383
233.46 59.541238
233.48 59.578020
233.50 59.663972
233.52 59.588152
233.54 59.715162
233.56 59.777917
233.58 59.854102
233.60 59.919661
233.62 60.117158
233.64 60.098161
233.66 60.019576
233.68 60.008037
233.70 60.075604
233.72 59.997293
233.74 59.902971
233.76 59.907196
233.78 59.909647
233.80 59.863738
233.82 59.943326
233.84 59.932660
233.86 59.930092
233.88 59.880153
233.90 59.944838
233.92 59.931774
233.94 59.894613
233.96 59.890037
233.98 59.862290
234.00 59.872082
234.02 59.870883
234.04 59.847179
234.06 59.737927
234.08 59.621570
234.10 59.315995
234.12 58.971029
234.14 58.199725
234.16 57.856089
234.18 57.093168
234.20 56.010877
234.22 55.610811
234.24 54.342861
234.26 53.835604
234.28 52.833487
234.30 51.896591
234.32 51.424864
234.34 50.428811
234.36 49.967162
234.38 48.981983
234.40 48.020691
234.42 47.624223
234.44 46.651549
234.46 46.197045
234.48 45.211632
234.50 44.288922
234.52 43.708751
234.54 42.759377
234.56 42.269291
234.58 41.258634
234.60 40.289024
234.62 39.731619
234.64 38.805688
234.66 38.264869
234.68 37.253182
234.70 36.180357
234.72 35.734042
234.74 34.835532
234.76 34.408318
234.78 33.398262
234.80 32.522960
234.82 32.033670
234.84 30.964339
234.86 30.447850
234.88 29.483820
234.90 28.488406
234.92 27.962137
234.94 26.935130
234.96 26.548845
234.98 25.451495
235.00 24.474921
235.02 24.088193
235.04 23.578393
235.06 22.561791
235.08 21.815299
235.10 21.153636
235.12 20.889642
235.14 20.644709
235.16 20.579777
235.18 20.474880
235.20 20.430470
235.22 20.424003
235.24 20.414537
235.26 20.411538
235.28 20.405697
235.30 20.400155
235.32 20.398043
235.34 20.395813
235.36 20.391993
235.38 20.388342
235.40 20.384339
235.42 20.382410
235.44 20.379163
235.46 20.377611
235.48 20.374952
235.50 20.371105
235.52 20.369788
235.54 20.368289
235.56 20.365368
235.58 20.362343
235.60 20.360961
235.62 20.359279
235.64 20.358171
235.66 20.356319
235.68 20.353555
235.70 20.350126
235.72 20.348783
235.74 20.348144
235.76 20.345627
235.78 20.343932
235.80 20.341742
235.82 20.340764
235.84 20.339173
235.86 20.338834
235.88 20.337570
235.90 20.337048
235.92 20.336331
235.94 20.335314
235.96 20.334623
235.98 20.333606
236.00 20.332119
236.02 20.331637
236.04 20.329759
236.06 20.329394
236.08 20.327947
236.10 20.327099
236.12 20.326734
236.14 20.325900
236.16 20.324726
236.18 20.324296
236.20 20.322614
236.22 20.323957
236.24 20.323957
236.26 20.327830
236.28 20.336161
236.30 20.343672
236.32 20.347974
236.34 20.348744
236.36 20.348405
236.38 20.347766
236.40 20.350452
236.42 20.349839
236.44 20.349174
236.46 20.346905
236.48 20.345328
236.50 20.343841
236.52 20.343841
236.54 20.342603
236.56 20.341494
236.58 20.339786
236.60 20.337987
236.62 20.337387
236.64 20.336540
236.66 20.334844
236.68 20.333306
236.70 20.331337
236.72 20.330737
236.74 20.330203
236.76 20.329733
236.78 20.328221
236.80 20.326330
236.82 20.325730
236.84 20.324909
236.86 20.323188
236.88 20.321884
236.90 20.320385
236.92 20.320385
236.94 20.319042
236.96 20.317373
236.98 20.315717
237.00 20.313722
237.02 20.313722
237.04 20.312952
237.06 20.310710
237.08 20.309184
237.10 20.307150
237.12 20.306916
237.14 20.305859
237.16 20.303473
237.18 20.301922
237.20 20.301322
237.22 20.300318
237.24 20.299875
237.26 20.292625
237.28 20.283459
237.30 20.272428
237.32 20.272428
237.34 20.263497
237.36 20.258255
237.38 20.257029
237.40 20.256351
237.42 20.255361
237.44 20.255008
237.46 20.254070
237.48 20.253196
237.50 20.252349
237.52 20.252309
237.54 20.252153
237.56 20.251136
237.58 20.250249
237.60 20.250080
237.62 20.249858
237.64 20.249858
237.66 20.249154
237.68 20.249258
237.70 20.248998
237.72 20.248698
237.74 20.248346
237.76 20.246924
237.78 20.246064
237.80 20.245490
237.82 20.245660
237.84 20.245516
237.86 20.245125
237.88 20.243899
237.90 20.242791
237.92 20.242791
237.94 20.242413
237.96 20.241761
237.98 20.241579
238.00 20.241396
238.02 20.241214
238.04 20.241005
238.06 20.240835
238.08 20.239714
238.10 20.239518
238.12 20.239362
238.14 20.239440
238.16 20.239466
238.18 20.239792
238.20 20.239153
238.22 20.238814
238.24 20.238788
238.26 20.264787
238.28 20.323370
238.30 20.389959
238.32 20.422165
238.34 20.455048
238.36 20.494986
238.38 20.504426
238.40 20.504322
238.42 20.503813
238.44 20.503813
238.46 20.502679
238.48 20.504113
238.50 20.504674
238.52 20.504674
238.54 20.504934
238.56 20.504465
238.58 20.505286
238.60 20.505860
238.62 20.505417
238.64 20.506017
238.66 20.505639
238.68 20.504400
238.70 20.504061
238.72 20.503735
238.74 20.504687
238.76 20.504713
238.78 20.505938
238.80 20.505756
238.82 20.506538
238.84 20.506199
238.86 20.505860
238.88 20.506017
238.90 20.505456
238.92 20.505625
238.94 20.505378
238.96 20.505208
238.98 20.505730
239.00 20.505300
239.02 20.504921
239.04 20.505586
239.06 20.504882
239.08 20.504582
239.10 20.504974
239.12 20.504921
239.14 20.505143
239.16 20.505860
239.18 20.506421
239.20 20.506421
239.22 20.506695
239.24 20.502861
239.26 20.493591
239.28 20.475141
239.30 20.456587
239.32 20.396322
239.34 20.335757
239.36 20.275531
239.38 20.259090
239.40 20.243026
239.42 20.237328
239.44 20.236859
239.46 20.236194
239.48 20.236363
239.50 20.236285
239.52 20.236102
239.54 20.235933
239.56 20.234955
239.58 20.234642
239.60 20.234642
239.62 20.234016
239.64 20.233103
239.66 20.232595
239.68 20.232725
239.70 20.232686
239.72 20.232856
239.74 20.232491
239.76 20.232491
239.78 20.232191
239.80 20.231461
239.82 20.231330
239.84 20.230522
239.86 20.229635
239.88 20.229440
239.90 20.229427
239.92 20.229427
239.94 20.229074
239.96 20.228931
239.98 20.228788
240.00 20.229088
240.02 20.229088
240.04 20.228879
240.06 20.228879
240.08 20.229061
240.10 20.229035
240.12 20.228918
240.14 20.228788
240.16 20.227627
240.18 20.482795
240.20 20.482795
240.22 20.482743
240.24 20.513488
240.26 20.633131
240.28 20.633131
240.30 20.632792
240.32 20.632792
240.34 20.634109
240.36 20.633626
240.38 20.690775
240.40 20.690580
240.42 20.690580
240.44 20.918614
240.46 20.918809
240.48 20.999062
240.50 20.999062
240.52 20.998841
240.54 21.150794
240.56 21.168813
240.58 21.168813
240.60 21.234920
240.62 21.285849
240.64 21.285849
240.66 21.285744
240.68 21.475732
240.70 21.562178
240.72 21.728317
240.74 22.001830
240.76 22.063334
240.78 22.066659
240.80 22.219655
240.82 22.260127
240.84 22.587373
240.86 22.795079
240.88 22.795079
240.90 22.795079
240.92 22.852085
240.94 22.913419
240.96 22.969915
240.98 23.026764
241.00 23.082518
241.02 23.185915
241.04 23.253103
241.06 23.253103
241.08 23.633964
241.10 23.722979
241.12 23.846469
241.14 23.948510
241.16 24.003729
241.18 24.003729
241.20 24.049468
241.22 24.067514
241.24 24.135550
241.26 24.192438
241.28 24.044983
241.30 24.113723
241.32 24.303176
241.34 24.384667
241.36 24.455350
241.38 24.526815
241.40 24.612102
241.42 24.743193
241.44 24.794200
241.46 24.836237
241.48 24.866930
241.50 24.908706
241.52 24.808634
241.54 24.865678
241.56 24.938617
241.58 25.005858
241.60 25.060047
241.62 25.120090
241.64 25.177564
241.66 25.117925
241.68 25.157680
241.70 25.141578
241.72 25.159688
241.74 25.213590
241.76 25.023499
241.78 25.025272
241.80 24.859146
241.82 24.657268
241.84 24.657268
241.86 24.522930
241.88 24.672693
241.90 24.672693
241.92 24.719110
241.94 24.700517
241.96 24.699865
241.98 24.758096
242.00 24.758096
242.02 24.815884
242.04 24.817344
242.06 24.817527
242.08 24.646002
242.10 24.615987
242.12 24.622989
242.14 24.623237
242.16 24.624462
242.18 24.529228
242.20 24.818622
242.22 25.081626
242.24 25.337054
242.26 25.619316
242.28 26.197491
242.30 27.005044
242.32 27.774458
242.34 28.161147
242.36 28.496646
242.38 29.264248
242.40 30.084304
242.42 30.325468
242.44 31.104466
242.46 31.495536
242.48 32.350862
242.50 33.254510
242.52 33.680328
242.54 34.546568
242.56 35.080477
242.58 35.843111
242.60 36.770620
242.62 37.172525
242.64 38.031150
242.66 38.400210
242.68 39.236787
242.70 40.076780
242.72 40.076780
242.74 40.908219
242.76 42.075796
242.78 42.972299
242.80 43.786319
242.82 43.786319
242.84 45.449093
242.86 45.449093
242.88 46.246984
242.90 47.274317
242.92 47.274317
242.94 48.153099
242.96 49.083437
242.98 49.947578
243.00 49.947578
243.02 51.372239
243.04 51.372239
243.06 52.479004
243.08 53.644573
243.10 53.644573
243.12 54.507514
243.14 55.431633
243.16 56.201321
243.18 56.980058
243.20 56.980058
243.22 57.506874
243.24 57.970791
243.26 58.421357
243.28 58.541704
243.30 58.541704
243.32 58.621462
243.34 58.625491
243.36 58.675038
243.38 58.793833
243.40 58.793833
243.42 58.845089
243.44 58.915915
243.46 58.985776
243.48 58.950493
243.50 58.941940
243.52 58.950298
243.54 59.035727
243.56 59.018803
243.58 59.051830
243.60 59.085705
243.62 59.065364
243.64 59.077269
243.66 59.177341
243.68 59.237436
243.70 59.271845
243.72 59.334588
243.74 59.442874
243.76 59.449420
243.78 59.418557
243.80 59.442653
243.82 59.440462
243.84 59.326973
243.86 59.309280
243.88 59.361747
243.90 59.343441
243.92 59.338721
243.94 59.469056
243.96 59.547223
243.98 59.530612
244.00 59.514665
244.02 59.509658
244.04 59.409938
244.06 59.376286
244.08 59.446473
244.10 59.507833
244.12 59.472707
244.14 59.475145
244.16 59.575817
244.18 59.517560
244.20 59.451949
244.22 59.536479
244.24 59.740431
244.26 59.725345
244.28 59.750131
244.30 59.799535
244.32 59.799535
244.34 59.737953
244.36 59.778817
244.38 59.833201
244.40 59.827242
244.42 59.827242
244.44 60.009550
244.46 59.952297
244.48 59.927953
244.50 59.953392
244.52 59.953392
244.54 59.822209
244.56 59.868027
244.58 59.891015
244.60 59.914889
244.62 59.914889
244.64 59.978113
244.66 59.954617
244.68 59.887807
244.70 59.861912
244.72 59.861912
244.74 59.739401
244.76 59.733077
244.78 59.840294
244.80 59.823487
244.82 59.823487
244.84 59.879019
244.86 59.903740
244.88 59.887781
244.90 59.875890
244.92 59.875890
244.94 59.857088
244.96 59.748176
244.98 59.749349
245.00 59.807854
245.02 59.807854
245.04 59.835561
245.06 59.913089
245.08 59.929348
245.10 59.889176
245.12 59.889176
245.14 59.939753
245.16 59.951462
245.18 59.951462
245.20 60.003447
245.22 59.920978
245.24 59.975871
245.26 59.988049
245.28 59.974775
245.30 59.974775
245.32 59.963327
245.34 60.021610
245.36 59.995311
245.38 59.999040
245.40 59.999040
245.42 60.020763
245.44 59.993395
245.46 59.996498
245.48 59.941644
245.50 59.941644
245.52 59.771384
245.54 59.745151
245.56 59.733742
245.58 59.609574
245.60 59.609574
245.62 58.738771
245.64 57.949029
245.66 57.547541
245.68 57.102648
245.70 57.102648
245.72 55.095104
245.74 54.177439
245.76 53.682399
245.78 53.201583
245.80 53.201583
245.82 51.331767
245.84 50.467588
245.86 49.931632
245.88 49.464872
245.90 49.464872
245.92 47.416595
245.94 46.324173
245.96 45.833852
245.98 45.399076
246.00 45.399076
246.02 43.490640
246.04 42.534707
246.06 41.981944
246.08 41.485247
246.10 41.485247
246.12 39.602275
246.14 39.154395
246.16 38.132943
246.18 37.667018
246.20 37.667018
246.22 35.691145
246.24 35.270034
246.26 34.362839
246.28 33.923474
246.30 33.923474
246.32 32.487299
246.34 31.350180
246.36 30.194025
246.38 29.699845
246.40 29.699845
246.42 28.204201
246.44 27.329199
246.46 26.409918
246.48 25.973134
246.50 25.973134
246.52 24.486826
246.54 23.529341
246.56 22.569888
246.58 22.111512
246.60 22.111512
246.62 21.164354
246.64 20.816455
246.66 20.523136
246.68 20.480878
246.70 20.480878
246.72 20.437550
246.74 20.423090
246.76 20.416115
246.78 20.413716
246.80 20.413716
246.82 20.406922
246.84 20.401876
246.86 20.397665
246.88 20.395931
246.90 20.395931
246.92 20.388447
246.94 20.384718
246.96 20.380897
246.98 20.379333
247.00 20.379333
247.02 20.374925
247.04 20.371666
247.06 20.368497
247.08 20.367493
247.10 20.367493
247.12 20.364416
247.14 20.362004
247.16 20.360544
247.18 20.359801
247.20 20.359801
247.22 20.356371
247.24 20.353255
247.26 20.351260
247.28 20.350452
247.30 20.350452
247.32 20.347753
247.34 20.345471
247.36 20.343385
247.38 20.342681
247.40 20.340764
247.42 20.340099
247.44 20.339278
247.46 20.338978
247.48 20.338978
247.50 20.347466
247.52 20.355328
247.54 20.361300
247.56 20.364847
247.58 20.364847
247.60 20.365120
247.62 20.363204
247.64 20.362291
247.66 20.361652
247.68 20.361652
247.70 20.358210
247.72 20.355459
247.74 20.354781
247.76 20.354337
247.78 20.354337
247.80 20.351417
247.82 20.348196
247.84 20.347648
247.86 20.347088
247.88 20.347088
247.90 20.344754
247.92 20.343033
247.94 20.342850
247.96 20.342172
247.98 20.342172
248.00 20.339643
248.02 20.337296
248.04 20.336657
248.06 20.335822
248.08 20.335822
248.10 20.333541
248.12 20.330829
248.14 20.330894
248.16 20.329864
248.18 20.329864
248.20 20.326565
248.22 20.325535
248.24 20.324088
248.26 20.323410
248.28 20.323410
248.30 20.321036
248.32 20.319198
248.34 20.317725
248.36 20.316734
248.38 20.316734
248.40 20.314947
248.42 20.312627
248.44 20.312157
248.46 20.311114
248.48 20.311114
248.50 20.300122
248.52 20.291452
248.54 20.283133
248.56 20.278309
248.58 20.278309
248.60 20.267799
248.62 20.266926
248.64 20.265596
248.66 20.265257
248.68 20.265257
248.70 20.263379
248.72 20.262636
248.74 20.262141
248.76 20.261958
248.78 20.261958
248.80 20.260902
248.82 20.259676
248.84 20.259168
248.86 20.258842
248.88 20.258842
248.90 20.258294
248.92 20.256560
248.94 20.256378
248.96 20.256208
248.98 20.256208
249.00 20.254578
249.02 20.253196
249.04 20.253027
249.06 20.252870
249.08 20.252870
249.10 20.251762
249.12 20.251332
249.14 20.250914
249.16 20.250901
249.18 20.250901
249.20 20.249637
249.22 20.248893
249.24 20.248124
249.26 20.247798
249.28 20.247798
249.30 20.246951
249.32 20.246364
249.34 20.246064
249.36 20.246207
249.38 20.246207
249.40 20.246442
249.42 20.245947
249.44 20.245203
249.46 20.245360
249.48 20.244499
249.50 20.244486
249.52 20.244473
249.54 20.244812
249.56 20.244812
249.58 20.245151
249.60 20.244786
249.62 20.244838
249.64 20.244669
249.66 20.244669
249.68 20.244930
249.70 20.244330
249.72 20.244160
249.74 20.244160
249.76 20.244160
249.78 20.243952
249.80 20.243639
249.82 20.243965
249.84 20.244121
249.86 20.244121
249.88 20.244447
249.90 20.244943
249.92 20.244577
249.94 20.244408
249.96 20.244408
249.98 20.244069
250.00 20.243626
250.02 20.244082
250.04 20.244095
250.06 20.244095
250.08 20.244577
250.10 20.244682
250.12 20.244812
250.14 20.244643
250.16 20.244643
250.18 20.244786
250.20 20.244538
250.22 20.244212
250.24 20.244017
250.26 20.244017
250.28 20.244160
250.30 20.244760
250.32 20.244799
250.34 20.244812
250.36 20.244812
250.38 20.244695
250.40 20.245034
250.42 20.245282
250.44 20.245125
250.46 20.245125
250.48 20.244630
250.50 20.244265
250.52 20.243717
250.54 20.243404
250.56 20.243404
250.58 20.242335
250.60 20.242439
250.62 20.242191
250.64 20.241513
250.66 20.241513
250.68 20.240822
250.70 20.240549
250.72 20.239688
250.74 20.239518
250.76 20.239518
250.78 20.238514
250.80 20.238619
250.82 20.238854
250.84 20.238358
250.86 20.238358
250.88 20.236389
250.90 20.236050
250.92 20.235698
250.94 20.235711
250.96 20.235711
250.98 20.235946
251.00 20.235724
251.02 20.235203
251.04 20.235203
251.06 20.235203
251.08 20.234238
251.10 20.233899
251.12 20.234342
251.14 20.234342
251.16 20.234342
251.18 20.233325
251.20 20.233338
251.22 20.233273
251.24 20.233221
251.26 20.233638
251.28 20.233130
251.30 20.232269
251.32 20.231995
251.34 20.231878
251.36 20.231878
251.38 20.230704
251.40 20.230678
251.42 20.230105
251.44 20.230105
251.46 20.230613
251.48 20.231030
251.50 20.230991
251.52 20.230287
251.54 20.230639
251.56 20.229909
251.58 20.229818
251.60 20.229479
251.62 20.229296
251.64 20.229466
251.66 20.236115
251.68 20.602451
251.70 20.603781
251.72 20.603755
251.74 20.603377
251.76 20.603377
251.78 20.631358
251.80 20.747533
251.82 20.746933
251.84 20.746933
251.86 21.347796
251.88 21.726948
251.90 21.758828
251.92 21.758711
251.94 21.912137
251.96 21.912072
251.98 22.026304
252.00 22.025887
252.02 22.026121
252.04 22.026121
252.06 22.147395
252.08 22.260740
252.10 22.260427
252.12 22.259919
252.14 22.259919
252.16 22.373799
252.18 22.498318
252.20 22.498462
252.22 22.498018
252.24 22.588937
252.26 22.727695
252.28 23.040520
252.30 23.040585
252.32 23.070626
252.34 23.182642
252.36 23.183111
252.38 23.350294
252.40 23.350294
252.42 23.350489
252.44 23.350489
252.46 23.474657
252.48 23.661293
252.50 23.660941
252.52 23.660928
252.54 23.660928
252.56 23.789998
252.58 23.889327
252.60 23.935197
252.62 23.934532
252.64 23.934532
252.66 24.056040
252.68 24.056040
252.70 24.056040
252.72 24.056574
252.74 23.977338
252.76 23.977338
252.78 23.582291
252.80 23.602488
252.82 23.679678
252.84 23.679678
252.86 23.555275
252.88 23.578393
252.90 23.927191
252.92 24.209245
252.94 24.209245
252.96 24.900009
252.98 25.512164
253.00 26.244509
253.02 26.662517
253.04 26.662517
253.06 27.906032
253.08 28.728813
253.10 29.791559
253.12 30.249909
253.14 30.249909
253.16 31.506984
253.18 32.328696
253.20 33.187674
253.22 33.655268
253.24 33.655268
253.26 34.961668
253.28 35.718604
253.30 36.259763
253.32 36.679570
253.34 36.679570
253.36 38.002034
253.38 38.887245
253.40 39.930212
253.42 40.462608
253.44 40.462608
253.46 41.804109
253.48 42.642759
253.50 43.545741
253.52 43.915480
253.54 43.915480
253.56 45.272757
253.58 46.119934
253.60 46.986357
253.62 47.559916
253.64 47.559916
253.66 48.889747
253.68 49.740953
253.70 50.700629
253.72 51.079103
253.74 51.079103
253.76 52.447255
253.78 53.261470
253.80 54.204547
253.82 54.658711
253.84 54.658711
253.86 56.309725
253.88 56.309725
253.90 57.441028
253.92 57.614808
253.94 57.614808
253.96 58.248111
253.98 58.557246
254.00 58.660408
254.02 58.660408
254.04 58.644540
254.06 58.560675
254.08 58.684386
254.10 58.786988
254.12 58.786988
254.14 58.760767
254.16 59.031346
254.18 59.054973
254.20 59.004956
254.22 59.004956
254.24 59.179649
254.26 59.178293
254.28 59.163494
254.30 59.354120
254.32 59.354120
254.34 59.250697
254.36 59.245951
254.38 59.317729
254.40 59.283646
254.42 59.283646
254.44 59.358918
254.46 59.359426
254.48 59.325930
254.50 59.329229
254.52 59.383496
254.54 59.374812
254.56 59.306541
254.58 59.234111
254.60 59.290334
254.62 59.227175
254.64 59.161121
254.66 59.229717
254.68 59.276292
254.70 59.282107
254.72 59.261584
254.74 59.261284
254.76 59.219273
254.78 59.142528
254.80 59.173299
254.82 59.188672
254.84 59.080059
254.86 59.094284
254.88 59.090112
254.90 59.071532
254.92 59.013379
254.94 59.022480
254.96 59.019559
254.98 59.012127
255.00 59.048505
255.02 59.090099
255.04 59.072484
255.06 59.097661
255.08 59.102512
255.10 59.131614
255.12 59.106893
255.14 59.187641
255.16 59.202010
255.18 59.208282
255.20 59.186142
255.22 59.182152
255.24 59.155358
255.26 59.119410
255.28 59.091559
255.30 59.112421
255.32 59.098952
255.34 59.102668
255.36 59.301078
255.38 59.382127
255.40 59.280347
255.42 59.279812
255.44 59.322723
255.46 59.241935
255.48 59.167588
255.50 59.199089
255.52 59.218269
255.54 59.169700
255.56 59.252770
255.58 59.373391
255.60 59.336426
255.62 59.355293
255.64 59.412664
255.66 59.403380
255.68 59.371605
255.70 59.409469
255.72 59.471807
255.74 59.475823
255.76 59.523688
255.78 59.633226
255.80 59.666345
255.82 59.610422
255.84 59.713349
255.86 59.721877
255.88 59.705839
255.90 59.629171
255.92 59.689945
255.94 59.636603
255.96 59.557615
255.98 59.597513
256.00 59.642197
256.02 59.634530
256.04 59.752035
256.06 59.814973
256.08 59.859774
256.10 59.812039
256.12 59.812039
256.14 59.881249
256.16 59.810227
256.18 59.791647
256.20 59.791647
256.22 59.802756
256.24 59.804698
256.26 59.780655
256.28 59.849043
256.30 59.747041
256.32 59.384031
256.34 58.833588
256.36 58.234642
256.38 57.817208
256.40 57.359471
256.42 56.456619
256.44 55.447566
256.46 54.430873
256.48 53.938675
256.50 53.517733
256.52 52.503960
256.54 51.584405
256.56 50.671982
256.58 50.155532
256.60 49.646710
256.62 48.718158
256.64 47.765732
256.66 46.701943
256.68 46.245263
256.70 45.821478
256.72 44.863942
256.74 43.817664
256.76 42.914159
256.78 42.362713
256.80 41.842051
256.82 40.893394
256.84 40.328909
256.86 38.860868
256.88 38.442378
256.90 37.962996
256.92 36.987727
256.94 36.551504
256.96 35.221243
256.98 34.642298
257.00 34.210000
257.02 33.184623
257.04 32.626709
257.06 30.930230
257.08 30.440861
257.10 29.983346
257.12 29.019589
257.14 28.591724
257.16 27.328391
257.18 26.821185
257.20 26.305413
257.22 25.195688
257.24 24.710414
257.26 23.245671
257.28 22.831457
257.30 22.436176
257.32 21.817724
257.34 21.496698
257.36 20.745629
257.38 20.582697
257.40 20.499901
257.42 20.447981
257.44 20.432648
257.46 20.416636
257.48 20.413077
257.50 20.410612
257.52 20.407222
257.54 20.404784
257.56 20.398656
257.58 20.395514
257.60 20.393766
257.62 20.389529
257.64 20.387364
257.66 20.382005
257.68 20.380558
257.70 20.379398
257.72 20.376894
257.74 20.374939
257.76 20.371092
257.78 20.369410
257.80 20.368302
257.82 20.366359
257.84 20.365851
257.86 20.362056
257.88 20.359983
257.90 20.359501
257.92 20.357884
257.94 20.356215
257.96 20.353099
257.98 20.351690
258.00 20.350804
258.02 20.348965
258.04 20.348353
258.06 20.345797
258.08 20.344571
258.10 20.343802
258.12 20.341638
258.14 20.340934
258.16 20.337804
258.18 20.336839
258.20 20.338052
258.22 20.344219
258.24 20.347609
258.26 20.358119
258.28 20.359579
258.30 20.361456
258.32 20.359396
258.34 20.359396
258.36 20.357075
258.38 20.356306
258.40 20.355302
258.42 20.354637
258.44 20.352721
258.46 20.352395
258.48 20.351886
258.50 20.349083
258.52 20.348783
258.54 20.345536
258.56 20.345119
258.58 20.344115
258.60 20.342003
258.62 20.341233
258.64 20.339121
258.66 20.339186
258.68 20.338834
258.70 20.337283
258.72 20.336422
258.74 20.334232
258.76 20.334127
258.78 20.333319
258.80 20.331624
258.82 20.330555
258.84 20.328299
258.86 20.328299
258.88 20.327452
258.90 20.325274
258.92 20.324400
258.94 20.322640
258.96 20.322471
258.98 20.321962
259.00 20.320319
259.02 20.319302
259.04 20.316538
259.06 20.316369
259.08 20.315560
259.10 20.314126
259.12 20.313239
259.14 20.311557
259.16 20.311297
259.18 20.310293
259.20 20.303904
259.22 20.300996
259.24 20.286145
259.26 20.283407
259.28 20.278804
259.30 20.275075
259.32 20.272532
259.34 20.271372
259.36 20.271124
259.38 20.270811
259.40 20.269755
259.42 20.269390
259.44 20.268308
259.46 20.267956
259.48 20.267943
259.50 20.267708
259.52 20.266965
259.54 20.265687
259.56 20.265844
259.58 20.265518
259.60 20.265205
259.62 20.265035
259.64 20.264214
259.66 20.264057
259.68 20.263875
259.70 20.262401
259.72 20.262232
259.74 20.261567
259.76 20.260876
259.78 20.260341
259.80 20.260146
259.82 20.260146
259.84 20.259077
259.86 20.258907
259.88 20.258568
259.90 20.258738
259.92 20.258242
259.94 20.257069
259.96 20.256743
259.98 20.256430
260.00 20.256664
260.02 20.256521
260.04 20.256065
260.06 20.256065
260.08 20.256065
260.10 20.255765
260.12 20.255595
260.14 20.255113
260.16 20.254774
260.18 20.254787
260.20 20.253796
260.22 20.253522
260.24 20.252635
260.26 20.252101
260.28 20.251762
260.30 20.252270
260.32 20.252127
260.34 20.251736
260.36 20.251762
260.38 20.251618
260.40 20.251279
260.42 20.250784
260.44 20.249558
260.46 20.249219
260.48 20.249050
260.50 20.248294
260.52 20.248294
260.54 20.247655
260.56 20.247277
260.58 20.247277
260.60 20.246872
260.62 20.247016
260.64 20.246429
260.66 20.246429
260.68 20.246286
260.70 20.246116
260.72 20.245842
260.74 20.246520
260.76 20.246820
260.78 20.246951
260.80 20.246598
260.82 20.246533
260.84 20.246364
260.86 20.246559
260.88 20.246142
260.90 20.246768
260.92 20.246364
260.94 20.246129
260.96 20.245960
260.98 20.245686
261.00 20.245008
261.02 20.245203
261.04 20.245034
261.06 20.244969
261.08 20.244747
261.10 20.244890
261.12 20.245060
261.14 20.244538
261.16 20.244564
261.18 20.244512
261.20 20.244173
261.22 20.243313
261.24 20.243534
261.26 20.243508
261.28 20.243495
261.30 20.243456
261.32 20.243652
261.34 20.243430
261.36 20.243287
261.38 20.242961
261.40 20.242791
261.42 20.242387
261.44 20.242035
261.46 20.241839
261.48 20.241566
261.50 20.241579
261.52 20.240914
261.54 20.240914
261.56 20.240770
261.58 20.240275
261.60 20.239936
261.62 20.239401
261.64 20.239232
261.66 20.239375
261.68 20.239310
261.70 20.238984
261.72 20.238697
261.74 20.238006
261.76 20.237693
261.78 20.237511
261.80 20.237145
261.82 20.236220
261.84 20.236050
261.86 20.234746
261.88 20.234746
261.90 20.234746
261.92 20.234746
261.94 20.234499
261.96 20.234199
261.98 20.234199
262.00 20.233169
262.02 20.233038
262.04 20.233377
262.06 20.233377
262.08 20.232425
262.10 20.232425
262.12 20.232086
262.14 20.232086
262.16 20.232086
262.18 20.232543
262.20 20.232399
262.22 20.232399
262.24 20.232321
262.26 20.232086
262.28 20.230991
262.30 20.230170
262.32 20.230131
262.34 20.229935
262.36 20.230287
262.38 20.230561
262.40 20.344936
262.42 20.345249
262.44 20.345862
262.46 20.345901
262.48 20.660956
262.50 20.660956
262.52 21.221855
262.54 21.221868
262.56 21.221555
262.58 21.380875
262.60 21.387160
262.62 21.541538
262.64 21.541029
262.66 21.541029
262.68 21.634191
262.70 21.682304
262.72 21.953170
262.74 21.980708
262.76 22.009849
262.78 22.363537
262.80 22.362520
262.82 22.648798
262.84 22.652032
262.86 22.652032
262.88 22.709767
262.90 22.848577
262.92 22.848747
262.94 22.848238
262.96 22.982693
262.98 22.982954
263.00 23.144478
263.02 23.144478
263.04 23.280797
263.06 23.462609
263.08 23.462609
263.10 23.462609
263.12 23.463144
263.14 23.462387
263.16 23.577076
263.18 23.691060
263.20 23.760048
263.22 23.873654
263.24 23.873654
263.26 23.873654
263.28 24.033287
263.30 24.145342
263.32 24.145342
263.34 24.145342
263.36 24.145342
263.38 24.297295
263.40 24.297295
263.42 24.297295
263.44 24.297295
263.46 24.199635
263.48 24.199635
263.50 23.865492
263.52 23.886237
263.54 23.886628
263.56 23.791393
263.58 23.887162
263.60 23.844891
263.62 24.242885
263.64 24.576128
263.66 24.771487
263.68 25.473491
263.70 26.526262
263.72 26.998225
263.74 27.422530
263.76 27.588787
263.78 28.446069
263.80 29.265852
263.82 29.702648
263.84 30.155887
263.86 30.513252
263.88 31.466916
263.90 32.344408
263.92 33.140891
263.94 33.579004
263.96 33.898479
263.98 34.855194
264.00 35.609027
264.02 36.397530
264.04 36.901554
264.06 36.901554
264.08 38.063016
264.10 39.210553
264.12 39.706637
264.14 40.144581
264.16 40.548168
264.18 41.561172
264.20 42.521173
264.22 43.490053
264.24 43.927110
264.26 44.402019
264.28 45.291038
264.30 46.088707
264.32 46.987439
264.34 47.545313
264.36 47.934114
264.38 48.925121
264.40 49.746026
264.42 50.596032
264.44 50.953110
264.46 50.953110
264.48 52.129906
264.50 53.348582
264.52 53.847495
264.54 54.337555
264.56 54.897137
264.58 55.624071
264.60 56.407945
264.62 56.829578
264.64 56.955401
264.66 56.955401
264.68 57.376421
264.70 57.660522
264.72 57.774884
264.74 57.750919
264.76 57.843272
264.78 57.929523
264.80 58.020820
264.82 58.111935
264.84 58.166424
264.86 58.166424
264.88 58.239701
264.90 58.319811
264.92 58.319811
264.94 58.393532
264.96 58.484047
264.98 58.592451
265.00 58.587600
265.02 58.633601
265.04 58.617133
265.06 58.668623
265.08 58.626416
265.10 58.605646
265.12 58.598839
265.14 58.598839
265.16 58.591042
265.18 58.570337
265.20 58.622140
265.22 58.657801
265.24 58.707947
265.26 58.758759
265.28 58.784263
265.30 58.756138
265.32 58.737545
265.34 58.737545
265.36 58.711194
265.38 58.695091
265.40 58.690123
265.42 58.806624
265.44 58.806624
265.46 58.867554
265.48 58.981891
265.50 58.986298
265.52 58.983168
265.54 58.983168
265.56 59.073083
265.58 59.059797
265.60 59.052600
265.62 59.166310
265.64 59.166310
265.66 59.172060
265.68 59.191905
265.70 59.240866
265.72 59.247698
265.74 59.247698
265.76 59.411047
265.78 59.326204
265.80 59.309632
265.82 59.409195
265.84 59.409195
265.86 59.420969
265.88 59.501522
265.90 59.514678
265.92 59.543976
265.94 59.543976
265.96 59.550261
265.98 59.552308
266.00 59.588138
266.02 59.643005
266.04 59.643005
266.06 59.556272
266.08 59.571449
266.10 59.635456
266.12 59.629184
266.14 59.629184
266.16 59.676397
266.18 59.835613
266.20 59.831037
266.22 59.938045
266.24 59.938045
266.26 59.902163
266.28 59.827490
266.30 59.786301
266.32 59.806080
266.34 59.806080
266.36 59.793172
266.38 59.923181
266.40 59.958868
266.42 59.842054
266.44 59.842054
266.46 59.858874
266.48 59.727574
266.50 59.721368
266.52 59.804659
266.54 59.804659
266.56 59.710337
266.58 59.883152
266.60 59.885030
266.62 59.834049
266.64 59.834049
266.66 59.866828
266.68 59.826499
266.70 59.751813
266.72 59.803668
266.74 59.803668
266.76 59.746780
266.78 59.802677
266.80 59.885525
266.82 59.844845
266.84 59.844845
266.86 59.849512
266.88 59.878784
266.90 59.882748
266.92 59.920260
266.94 59.920260
266.96 59.926806
266.98 59.839903
267.00 59.825013
267.02 59.751435
267.04 59.751435
267.06 59.474558
267.08 58.721860
267.10 58.470656
267.12 57.597467
267.14 57.142611
267.16 56.718449
267.18 55.304232
267.20 54.773752
267.22 53.816332
267.24 53.408012
267.26 52.581201
267.28 51.648334
267.30 50.896822
267.32 50.896822
267.34 49.979966
267.36 48.704441
267.38 47.798812
267.40 46.794622
267.42 46.794622
267.44 45.771644
267.46 44.750635
267.48 43.721712
267.50 43.227049
267.52 42.767435
267.54 41.850240
267.56 40.421341
267.58 39.920667
267.60 39.470767
267.62 38.972688
267.64 38.007237
267.66 36.919170
267.68 35.944709
267.70 35.412651
267.72 34.955344
267.74 33.972943
267.76 32.565545
267.78 32.059434
267.80 31.540533
267.82 31.050903
267.84 30.096991
267.86 28.679084
267.88 28.260906
267.90 27.777157
267.92 27.348522
267.94 26.398314
267.96 25.336480
267.98 24.311377
268.00 23.922550
268.02 23.450261
268.04 22.501513
268.06 21.799965
268.08 21.112186
268.10 20.829429
268.12 20.667384
268.14 20.538965
268.16 20.481804
268.18 20.431448
268.20 20.425307
268.22 20.422243
268.24 20.416467
268.26 20.411069
268.28 20.406075
268.30 20.403806
268.32 20.405932
268.34 20.431057
268.36 20.486302
268.38 20.545876
268.40 20.575591
268.42 20.601838
268.44 20.633066
268.46 20.635973
268.48 20.634252
268.50 20.633001
268.52 20.632231
268.54 20.629976
268.56 20.628137
268.58 20.626403
268.60 20.624904
268.62 20.623352
268.64 20.621161
268.66 20.617485
268.68 20.615268
268.70 20.613273
268.72 20.612269
268.74 20.610991
268.76 20.609713
268.78 20.607484
268.80 20.606154
268.82 20.606089
268.84 20.604263
268.86 20.603012
268.88 20.602699
268.90 20.601760
268.92 20.602477
268.94 20.607471
268.96 20.614407
268.98 20.622596
269.00 20.624030
269.02 20.627277
269.04 20.626729
269.06 20.625516
269.08 20.622948
269.10 20.622830
269.12 20.621644
269.14 20.620027
269.16 20.617485
269.18 20.616389
269.20 20.615138
269.22 20.613612
269.24 20.612504
269.26 20.610470
269.28 20.608071
269.30 20.607940
269.32 20.594654
269.34 20.567833
269.36 20.537609
269.38 20.474776
269.40 20.442414
269.42 20.410365
269.44 20.372018
269.46 20.365459
269.48 20.364768
269.50 20.363777
269.52 20.335744
269.54 20.334975
269.56 20.333071
269.58 20.332980
269.60 20.332511
269.62 20.331155
269.64 20.329864
269.66 20.328143
269.68 20.328038
269.70 20.327543
269.72 20.326408
269.74 20.325026
269.76 20.323110
269.78 20.322953
269.80 20.322249
269.82 20.320176
269.84 20.317803
269.86 20.316043
269.88 20.315795
269.90 20.314765
269.92 20.312092
269.94 20.306746
269.96 20.296498
269.98 20.293590
270.00 20.288792
270.02 20.281021
270.04 20.274906
270.06 20.272950
270.08 20.272441
270.10 20.272102
270.12 20.271868
270.14 20.272220
270.16 20.271463
270.18 20.270955
270.20 20.271150
270.22 20.270890
270.24 20.270029
270.26 20.269208
270.28 20.268517
270.30 20.268321
270.32 20.267839
270.34 20.267395
270.36 20.266469
270.38 20.266130
270.40 20.265974
270.42 20.264970
270.44 20.264253
270.46 20.263445
270.48 20.263092
270.50 20.262923
270.52 20.262180
270.54 20.261371
270.56 20.261267
270.58 20.260954
270.60 20.260615
270.62 20.259820
270.64 20.259585
270.66 20.258594
270.68 20.258242
270.70 20.257903
270.72 20.257421
270.74 20.256234
270.76 20.255530
270.78 20.255165
270.80 20.254826
270.82 20.254422
270.84 20.253757
270.86 20.253679
270.88 20.253366
270.90 20.253209
270.92 20.253287
270.94 20.252401
270.96 20.252388
270.98 20.251840
271.00 20.251788
271.02 20.251475
271.04 20.250953
271.06 20.250836
271.08 20.250497
271.10 20.250354
271.12 20.249219
271.14 20.248633
271.16 20.248606
271.18 20.248593
271.20 20.248593
271.22 20.248528
271.24 20.247772
271.26 20.247563
271.28 20.247746
271.30 20.247381
271.32 20.246755
271.34 20.246246
271.36 20.245816
271.38 20.245686
271.40 20.245334
271.42 20.245060
271.44 20.244838
271.46 20.244825
271.48 20.244773
271.50 20.244604
271.52 20.244591
271.54 20.244304
271.56 20.243860
271.58 20.243691
271.60 20.243717
271.62 20.243300
271.64 20.243156
271.66 20.243156
271.68 20.243130
271.70 20.243248
271.72 20.243587
271.74 20.244108
271.76 20.244356
271.78 20.244695
271.80 20.244460
271.82 20.244304
271.84 20.243808
271.86 20.243808
271.88 20.243834
271.90 20.242935
271.92 20.242791
271.94 20.242739
271.96 20.242739
271.98 20.242570
272.00 20.243000
272.02 20.242596
272.04 20.241892
272.06 20.242231
272.08 20.242400
272.10 20.241800
272.12 20.241696
272.14 20.241839
272.16 20.241253
272.18 20.241253
272.20 20.241435
272.22 20.241240
272.24 20.241292
272.26 20.241174
272.28 20.241031
272.30 20.241135
272.32 20.240914
272.34 20.240692
272.36 20.240301
272.38 20.240640
272.40 20.240196
272.42 20.239910
272.44 20.240236
272.46 20.240066
272.48 20.239857
272.50 20.240131
272.52 20.240496
272.54 20.240679
272.56 20.240327
272.58 20.240340
272.60 20.240027
272.62 20.239492
272.64 20.239492
272.66 20.239492
272.68 20.239492
272.70 20.239023
272.72 20.237419
272.74 20.237419
272.76 20.236924
272.78 20.236650
272.80 20.236141
272.82 20.236141
272.84 20.235711
272.86 20.235789
272.88 20.235920
272.90 20.235920
272.92 20.235920
272.94 20.236259
272.96 20.235946
272.98 20.235294
273.00 20.234981
273.02 20.234981
273.04 20.234420
273.06 20.234133
273.08 20.234133
273.10 20.234694
273.12 20.318729
273.14 20.416115
273.16 20.415958
273.18 20.415958
273.20 20.447264
273.22 20.751105
273.24 21.047736
273.26 21.048023
273.28 21.048023
273.30 21.322983
273.32 21.372256
273.34 21.494885
273.36 21.495146
273.38 21.495198
273.40 21.649798
273.42 21.716270
273.44 21.774500
273.46 21.802338
273.48 22.125489
273.50 22.125489
273.52 22.172781
273.54 22.314342
273.56 22.315294
273.58 22.443125
273.60 22.443125
273.62 22.499557
273.64 22.858500
273.66 22.858839
273.68 22.878579
273.70 22.975431
273.72 23.031980
273.74 23.157686
273.76 23.158364
273.78 23.158364
273.80 23.285674
273.82 23.367061
273.84 23.490329
273.86 23.490329
273.88 23.794914
273.90 23.852127
273.92 23.976230
273.94 24.064293
273.96 24.064293
273.98 24.233092
274.00 24.397758
274.02 24.580770
274.04 24.907780
274.06 24.987995
274.08 25.129152
274.10 25.173979
274.12 25.245353
274.14 25.306400
274.16 25.363079
274.18 25.478172
274.20 25.199704
274.22 24.981436
274.24 25.037972
274.26 25.094599
274.28 25.094990
274.30 25.159532
274.32 25.168972
274.34 25.234596
274.36 25.310468
274.38 25.386171
274.40 25.999864
274.42 26.563631
274.44 26.919914
274.46 27.303161
274.48 27.766896
274.50 28.556572
274.52 29.375103
274.54 29.801025
274.56 30.317345
274.58 31.170103
274.60 31.948253
274.62 32.444259
274.64 32.950160
274.66 33.371141
274.68 34.191511
274.70 35.254152
274.72 36.122387
274.74 36.589577
274.76 37.019202
274.78 37.812817
274.80 38.540038
274.82 39.265381
274.84 39.717498
274.86 39.972874
274.88 40.827588
274.90 41.251385
274.92 42.656540
274.94 43.163329
274.96 43.580646
274.98 44.390024
275.00 44.690670
275.02 45.763613
275.04 45.909138
275.06 46.253399
275.08 47.063089
275.10 47.576710
275.12 49.040384
275.14 49.456514
275.16 49.903872
275.18 50.769251
275.20 51.150477
275.22 52.525552
275.24 52.949323
275.26 53.289386
275.28 54.139106
275.30 54.607938
275.32 55.749673
275.34 56.162987
275.36 56.589822
275.38 57.174895
275.40 57.396292
275.42 57.891398
275.44 57.999228
275.46 58.059689
275.48 58.308728
275.50 58.435634
275.52 58.575696
275.54 58.655649
275.56 58.649912
275.58 58.668505
275.60 58.674268
275.62 58.867215
275.64 58.887921
275.66 58.899030
275.68 58.919683
275.70 58.870019
275.72 58.862495
275.74 58.847188
275.76 58.914181
275.78 59.027983
275.80 59.038466
275.82 59.120662
275.84 59.196873
275.86 59.188046
275.88 59.174003
275.90 59.232534
275.92 59.246629
275.94 59.183195
275.96 59.124886
275.98 59.136243
276.00 59.165854
276.02 59.136373
276.04 59.123947
276.06 59.158761
276.08 59.096579
276.10 59.099487
276.12 59.110048
276.14 59.095419
276.16 59.113738
276.18 59.126060
276.20 59.092602
276.22 59.094702
276.24 59.037592
276.26 59.084584
276.28 59.081376
276.30 59.091716
276.32 59.036601
276.34 59.051139
276.36 58.963206
276.38 58.979348
276.40 59.049549
276.42 59.076200
276.44 59.120140
276.46 59.166102
276.48 59.163572
276.50 59.124430
276.52 59.084192
276.54 59.148304
276.56 59.161355
276.58 59.121731
276.60 59.076395
276.62 59.120701
276.64 59.110361
276.66 59.059328
276.68 59.116854
276.70 59.100752
276.72 59.089225
276.74 59.046980
276.76 59.182413
276.78 59.149008
276.80 59.080789
276.82 59.137508
276.84 59.139190
276.86 59.051309
276.88 59.092707
276.90 59.146139
276.92 59.132501
276.94 59.107975
276.96 59.192257
276.98 59.174616
277.00 59.116033
277.02 59.153037
277.04 59.234216
277.06 59.169322
277.08 59.180249
277.10 59.291469
277.12 59.355072
277.14 59.320741
277.16 59.401854
277.18 59.407878
277.20 59.351747
277.22 59.326712
277.24 59.379949
277.26 59.374434
277.28 59.345201
277.30 59.331067
277.32 59.454844
277.34 59.468769
277.36 59.472511
277.38 59.551187
277.40 59.565321
277.42 59.592194
277.44 59.592194
277.46 59.646878
277.48 59.579285
277.50 59.633552
277.52 59.689853
277.54 59.689853
277.56 59.609026
277.58 59.669865
277.60 59.769363
277.62 59.683869
277.64 59.683869
277.66 59.807476
277.68 59.807476
277.70 59.727535
277.72 59.681926
277.74 59.681926
277.76 59.429327
277.78 59.259094
277.80 58.851647
277.82 58.240562
277.84 58.240562
277.86 56.927042
277.88 56.927042
277.90 55.567301
277.92 54.530971
277.94 54.530971
277.96 53.225079
277.98 53.225079
278.00 51.797653
278.02 50.855411
278.04 50.855411
278.06 49.235860
278.08 49.235860
278.10 47.697331
278.12 46.622290
278.14 46.622290
278.16 45.259575
278.18 44.283771
278.20 43.851981
278.22 42.940641
278.24 42.940641
278.26 41.607446
278.28 41.607446
278.30 40.246883
278.32 40.246883
278.34 39.416956
278.36 39.416956
278.38 38.641127
278.40 36.454144
278.42 36.454144
278.44 34.611514
278.46 34.611514
278.48 33.683875
278.50 32.098824
278.52 32.098824
278.54 30.591354
278.56 30.591354
278.58 29.561635
278.60 28.017917
278.62 28.017917
278.64 26.507773
278.66 26.507773
278.68 25.500690
278.70 24.155121
278.72 24.155121
278.74 22.752795
278.76 22.752795
278.78 21.991126
278.80 21.031346
278.82 21.031346
278.84 20.592685
278.86 20.592685
278.88 20.482677
278.90 20.431253
278.92 20.431253
278.94 20.421056
278.96 20.421056
278.98 20.414902
279.00 20.407887
279.02 20.407887
279.04 20.402411
279.06 20.402411
279.08 20.397548
279.10 20.392045
279.12 20.392045
279.14 20.387612
279.16 20.387612
279.18 20.384352
279.20 20.379971
279.22 20.379971
279.24 20.375382
279.26 20.375382
279.28 20.372096
279.30 20.367676
279.32 20.367676
279.34 20.364820
279.36 20.364820
279.38 20.362434
279.40 20.359136
279.42 20.359136
279.44 20.356124
279.46 20.356124
279.48 20.353920
279.50 20.351338
279.52 20.351338
279.54 20.349722
279.56 20.349722
279.58 20.348405
279.60 20.346566
279.62 20.346566
279.64 20.345380
279.66 20.344897
279.68 20.342837
279.70 20.341416
279.72 20.341416
279.74 20.340256
279.76 20.339708
279.78 20.338013
279.80 20.336513
279.82 20.336513
279.84 20.335366
279.86 20.334897
279.88 20.333449
279.90 20.332093
279.92 20.332093
279.94 20.330972
279.96 20.330594
279.98 20.329812
280.00 20.329316
280.02 20.329316
280.04 20.333619
280.06 20.335418
280.08 20.343633
280.10 20.353229
280.12 20.353229
280.14 20.355980
280.16 20.355641
280.18 20.353933
280.20 20.351078
280.22 20.351078
280.24 20.349357
280.26 20.348405
280.28 20.345888
280.30 20.344258
280.32 20.344258
280.34 20.342837
280.36 20.342211
280.38 20.339930
280.40 20.338808
280.42 20.338808
280.44 20.337439
280.46 20.336774
280.48 20.333958
280.50 20.333710
280.52 20.333710
280.54 20.332954
280.56 20.331793
280.58 20.330242
280.60 20.329616
280.62 20.327947
280.64 20.326578
280.66 20.325352
280.68 20.323631
280.70 20.323462
280.72 20.321128
280.74 20.320176
280.76 20.318937
280.78 20.318168
280.80 20.317816
280.82 20.316655
280.84 20.316316
280.86 20.314987
280.88 20.313500
280.90 20.313617
280.92 20.313070
280.94 20.311870
280.96 20.310592
280.98 20.309276
281.00 20.309015
281.02 20.307385
281.04 20.306381
281.06 20.299627
281.08 20.291060
281.10 20.287384
281.12 20.277396
281.14 20.273889
281.16 20.270094
281.18 20.268165
281.20 20.267995
281.22 20.266835
281.24 20.266900
281.26 20.265609
281.28 20.265283
281.30 20.265100
281.32 20.264488
281.34 20.264488
281.36 20.264149
281.38 20.263366
281.40 20.262819
281.42 20.262910
281.44 20.262232
281.46 20.262062
281.48 20.261541
281.50 20.261189
281.52 20.260341
281.54 20.259937
281.56 20.259090
281.58 20.258281
281.60 20.258112
281.62 20.257681
281.64 20.257251
281.66 20.256156
281.68 20.255556
281.70 20.255387
281.72 20.255413
281.74 20.255752
281.76 20.254995
281.78 20.254304
281.80 20.254304
281.82 20.252675
281.84 20.252336
281.86 20.252414
281.88 20.252244
281.90 20.251931
281.92 20.251384
281.94 20.250953
281.96 20.251136
281.98 20.251019
282.00 20.250862
282.02 20.250393
282.04 20.249976
282.06 20.249258
282.08 20.247941
282.10 20.247915
282.12 20.247550
282.14 20.247211
282.16 20.246429
282.18 20.246768
282.20 20.246585
282.22 20.246729
282.24 20.246455
282.26 20.245751
282.28 20.245790
282.30 20.245842
282.32 20.245673
282.34 20.245282
282.36 20.245269
282.38 20.245347
282.40 20.245321
282.42 20.245295
282.44 20.245125
282.46 20.244708
282.48 20.245151
282.50 20.244838
282.52 20.244864
282.54 20.243808
282.56 20.243743
282.58 20.243795
282.60 20.243508
282.62 20.243495
282.64 20.243834
282.66 20.243691
282.68 20.243495
282.70 20.243678
282.72 20.243169
282.74 20.243391
282.76 20.243417
282.78 20.242843
282.80 20.242713
282.82 20.242752
282.84 20.242556
282.86 20.241709
282.88 20.241735
282.90 20.241722
282.92 20.242061
282.94 20.241566
282.96 20.240940
282.98 20.240601
283.00 20.240483
283.02 20.240770
283.04 20.240210
283.06 20.239818
283.08 20.239936
283.10 20.238867
283.12 20.239414
283.14 20.239662
283.16 20.240183
283.18 20.240288
283.20 20.240692
283.22 20.240861
283.24 20.240692
283.26 20.240496
283.28 20.240210
283.30 20.239805
283.32 20.239805
283.34 20.246716
283.36 20.271359
283.38 20.292260
283.40 20.353568
283.42 20.387338
283.44 20.444969
283.46 20.484138
283.48 20.493917
283.50 20.495195
283.52 20.495351
283.54 20.494999
283.56 20.494882
283.58 20.495586
283.60 20.495586
283.62 20.497072
283.64 20.497072
283.66 20.497202
283.68 20.497333
283.70 20.497528
283.72 20.497528
283.74 20.494999
283.76 20.495025
283.78 20.494543
283.80 20.494543
283.82 20.494334
283.84 20.494334
283.86 20.495012
283.88 20.493825
283.90 20.493825
283.92 20.494177
283.94 20.494177
283.96 20.493317
283.98 20.493317
284.00 20.493291
284.02 20.493121
284.04 20.493121
284.06 20.498911
284.08 20.498911
284.10 20.499784
284.12 20.499784
284.14 20.923425
284.16 20.954613
284.18 20.954522
284.20 20.953975
284.22 20.952971
284.24 21.207434
284.26 21.277387
284.28 21.277752
284.30 21.563534
284.32 21.621987
284.34 21.705030
284.36 21.717847
284.38 21.717847
284.40 21.690766
284.42 21.750861
284.44 21.742882
284.46 21.782311
284.48 21.735802
284.50 21.729334
284.52 22.019107
284.54 22.082384
284.56 22.169873
284.58 22.202848
284.60 22.208755
284.62 22.380853
284.64 22.426723
284.66 22.858017
284.68 22.857287
284.70 22.883482
284.72 22.985770
284.74 23.055032
284.76 23.171142
284.78 23.171142
284.80 23.284240
284.82 23.284240
284.84 23.369487
284.86 23.427496
284.88 23.427339
284.90 23.529472
284.92 23.529472
284.94 23.585264
284.96 23.686901
284.98 23.731924
285.00 23.798786
285.02 23.798786
285.04 23.888219
285.06 23.888779
285.08 23.888049
285.10 23.992802
285.12 24.033379
285.14 23.905508
285.16 23.914674
285.18 24.212231
285.20 24.366361
285.22 24.489655
285.24 24.478533
285.26 24.496005
285.28 24.563167
285.30 24.562385
285.32 24.611032
285.34 24.629978
285.36 24.630903
285.38 24.695158
285.40 24.524077
285.42 24.591344
285.44 24.641100
285.46 24.640005
285.48 24.686227
285.50 24.649353
285.52 24.698561
285.54 24.698431
285.56 24.725408
285.58 24.780549
285.60 24.600119
285.62 24.656798
285.64 24.637827
285.66 24.343413
285.68 24.366909
285.70 24.367652
285.72 24.438009
285.74 24.433758
285.76 24.410732
285.78 24.464869
285.80 24.466029
285.82 24.524912
285.84 24.524586
285.86 24.524690
285.88 24.579361
285.90 24.579596
285.92 24.623537
285.94 24.622728
285.96 24.678756
285.98 24.678756
286.00 24.678651
286.02 24.735435
286.04 24.734431
286.06 24.803380
286.08 24.805322
286.10 24.805322
286.12 24.843122
286.14 24.825545
286.16 24.825545
286.18 24.619664
286.20 24.597942
286.22 24.330505
286.24 24.315132
286.26 24.295848
286.28 24.242324
286.30 24.234996
286.32 24.245818
286.34 24.255845
286.36 24.731406
286.38 24.925552
286.40 25.524668
286.42 26.187738
286.44 26.583972
286.46 27.397731
286.48 27.737389
286.50 28.432417
286.52 29.147538
286.54 29.576903
286.56 30.380609
286.58 30.783740
286.60 31.587407
286.62 32.467846
286.64 32.873675
286.66 33.708948
286.68 34.097802
286.70 35.073436
286.72 35.945321
286.74 36.399994
286.76 37.393440
286.78 37.829050
286.80 38.571122
286.82 39.393890
286.84 39.723157
286.86 40.627131
286.88 40.967258
286.90 41.955645
286.92 42.896818
286.94 43.401142
286.96 44.345471
286.98 44.865532
287.00 45.634334
287.02 46.395742
287.04 46.844026
287.06 47.713239
287.08 49.068091
287.10 49.926898
287.12 49.926898
287.14 50.267861
287.16 51.224094
287.18 51.660251
287.20 52.455169
287.22 53.203265
287.24 53.836529
287.26 54.182603
287.28 54.857969
287.30 55.463591
287.32 56.129856
287.34 56.729297
287.36 57.014584
287.38 57.378886
287.40 57.818460
287.42 57.973008
287.44 58.119510
287.46 58.152772
287.48 58.336879
287.50 58.335849
287.52 58.372227
287.54 58.458804
287.56 58.509264
287.58 58.462063
287.60 58.491661
287.62 58.487789
287.64 58.523671
287.66 58.547871
287.68 58.542838
287.70 58.492665
287.72 58.464971
287.74 58.439089
287.76 58.437199
287.78 58.475819
287.80 58.443157
287.82 58.473107
287.84 58.512954
287.86 58.452715
287.88 58.400025
287.90 58.377025
287.92 58.329355
287.94 58.289640
287.96 58.287332
287.98 58.302991
288.00 58.281777
288.02 58.334323
288.04 58.331011
288.06 58.388903
288.08 58.369124
288.10 58.379476
288.12 58.439037
288.14 58.409204
288.16 58.399008
288.18 58.449950
288.20 58.480878
288.22 58.526892
288.24 58.572254
288.26 58.669170
288.28 58.678767
288.30 58.680188
288.32 58.854359
288.34 58.961537
288.36 58.968278
288.38 59.113308
288.40 59.111795
288.42 59.019807
288.44 59.005791
288.46 58.982099
288.48 59.029104
288.50 59.072875
288.52 59.148956
288.54 59.183756
288.56 59.183756
288.58 59.108966
288.60 59.115290
288.62 59.118445
288.64 59.102134
288.66 59.087856
288.68 59.122800
288.70 59.105146
288.72 59.081871
288.74 59.053134
288.76 59.141980
288.78 59.030577
288.80 58.979139
288.82 59.008803
288.84 59.018934
288.86 59.012988
288.88 59.153767
288.90 59.204305
288.92 59.223654
288.94 59.200706
288.96 59.194708
288.98 59.312722
289.00 59.251544
289.02 59.247098
289.04 59.231204
289.06 59.207943
289.08 59.065443
289.10 59.077412
289.12 59.076408
289.14 59.075404
289.16 59.020759
289.18 59.022702
289.20 58.983729
289.22 58.957443
289.24 58.949268
289.26 58.995555
289.28 58.947195
289.30 58.972425
289.32 58.883344
289.34 58.883344
289.36 58.848218
289.38 58.877633
289.40 58.881154
289.42 58.860670
289.44 58.863786
289.46 58.904623
289.48 58.955122
289.50 58.983077
289.52 59.069498
289.54 59.069498
289.56 59.004682
289.58 59.071427
289.60 59.203679
289.62 59.172204
289.64 59.198959
289.66 59.294820
289.68 59.297662
289.70 59.305524
289.72 59.317207
289.74 59.274205
289.76 59.177211
289.78 59.080555
289.80 58.846784
289.82 58.685430
289.84 58.402098
289.86 57.114604
289.88 56.687169
289.90 55.681924
289.92 55.130386
289.94 54.634198
289.96 53.208324
289.98 52.723923
290.00 51.718574
290.02 51.318976
290.04 50.864434
290.06 49.495630
290.08 48.999129
290.10 48.098480
290.12 47.522313
290.14 47.075398
290.16 45.601972
290.18 45.171564
290.20 44.266586
290.22 43.874134
290.24 43.374804
290.26 41.960247
290.28 41.520178
290.30 40.482310
290.32 40.009774
290.34 39.548490
290.36 38.076251
290.38 37.599464
290.40 37.152615
290.42 36.096505
290.44 35.649864
290.46 34.233378
290.48 33.733044
290.50 33.181611
290.52 32.195258
290.54 31.711705
290.56 30.297226
290.58 29.846205
290.60 29.392497
290.62 28.452706
290.64 27.935069
290.66 26.599931
290.68 26.022799
290.70 25.524629
290.72 24.525420
290.74 24.002242
290.76 22.503117
290.78 22.181999
290.80 21.797722
290.82 21.104898
290.84 20.893840
290.86 20.527674
290.88 20.485624
290.90 20.454162
290.92 20.421956
290.94 20.418123
290.96 20.408956
290.98 20.406244
291.00 20.403454
291.02 20.398708
291.04 20.396505
291.06 20.390598
291.08 20.388746
291.10 20.386960
291.12 20.382710
291.14 20.381184
291.16 20.376542
291.18 20.374756
291.20 20.373139
291.22 20.370401
291.24 20.369136
291.26 20.364820
291.28 20.363973
291.30 20.362734
291.32 20.360635
291.34 20.359631
291.36 20.356384
291.38 20.355002
291.40 20.354481
291.42 20.352721
291.44 20.352082
291.46 20.349422
291.48 20.348913
291.50 20.347805
291.52 20.345771
291.54 20.343945
291.56 20.343294
291.58 20.342407
291.60 20.342211
291.62 20.340673
291.64 20.339708
291.66 20.341977
291.68 20.341977
291.70 20.348079
291.72 20.352460
291.74 20.360322
291.76 20.364169
291.78 20.367676
291.80 20.367154
291.82 20.365577
291.84 20.363021
291.86 20.362278
291.88 20.361209
291.90 20.359488
291.92 20.358588
291.94 20.355811
291.96 20.355524
291.98 20.353659
292.00 20.352799
292.02 20.351951
292.04 20.349513
292.06 20.348457
292.08 20.347166
292.10 20.346332
292.12 20.345549
292.14 20.342563
292.16 20.341742
292.18 20.340308
292.20 20.339969
292.22 20.338900
292.24 20.336735
292.26 20.335549
292.28 20.334662
292.30 20.333006
292.32 20.331937
292.34 20.329459
292.36 20.328755
292.38 20.327360
292.40 20.326839
292.42 20.326448
292.44 20.323892
292.46 20.323018
292.48 20.321675
292.50 20.320437
292.52 20.319785
292.54 20.316238
292.56 20.315273
292.58 20.313904
292.60 20.312874
292.62 20.311466
292.64 20.309249
292.66 20.304086
292.68 20.301817
292.70 20.293877
292.72 20.288609
292.74 20.274267
292.76 20.271333
292.78 20.267252
292.80 20.264827
292.82 20.264305
292.84 20.263471
292.86 20.262936
292.88 20.262610
292.90 20.262323
292.92 20.261424
292.94 20.260028
292.96 20.259559
292.98 20.258881
293.00 20.258320
293.02 20.257838
293.04 20.256717
293.06 20.256156
293.08 20.255973
293.10 20.255361
293.12 20.255361
293.14 20.254696
293.16 20.254252
293.18 20.254252
293.20 20.254252
293.22 20.253874
293.24 20.252257
293.26 20.252192
293.28 20.251684
293.30 20.250901
293.32 20.250419
293.34 20.249897
293.36 20.249480
293.38 20.249637
293.40 20.249037
293.42 20.248463
293.44 20.247133
293.46 20.246468
293.48 20.246638
293.50 20.246403
293.52 20.246207
293.54 20.245477
293.56 20.245216
293.58 20.245190
293.60 20.244577
293.62 20.244395
293.64 20.244851
293.66 20.244617
293.68 20.244434
293.70 20.244121
293.72 20.243939
293.74 20.242791
293.76 20.242348
293.78 20.242348
293.80 20.242165
293.82 20.242361
293.84 20.242400
293.86 20.242178
293.88 20.242022
293.90 20.242022
293.92 20.241787
293.94 20.241513
293.96 20.241331
293.98 20.241187
294.00 20.241200
294.02 20.240888
294.04 20.241083
294.06 20.240927
294.08 20.240966
294.10 20.241109
294.12 20.242204
294.14 20.242139
294.16 20.241970
294.18 20.241279
294.20 20.241279
294.22 20.241357
294.24 20.240392
294.26 20.240405
294.28 20.240444
294.30 20.240288
294.32 20.241344
294.34 20.241448
294.36 20.241253
294.38 20.241044
294.40 20.241422
294.42 20.242087
294.44 20.242322
294.46 20.242335
294.48 20.242074
294.50 20.242074
294.52 20.242113
294.54 20.242048
294.56 20.242231
294.58 20.242400
294.60 20.241865
294.62 20.242165
294.64 20.242165
294.66 20.242752
294.68 20.242504
294.70 20.243039
294.72 20.242596
294.74 20.242687
294.76 20.242687
294.78 20.242413
294.80 20.242244
294.82 20.241214
294.84 20.241174
294.86 20.240822
294.88 20.240692
294.90 20.240327
294.92 20.240457
294.94 20.240223
294.96 20.240066
294.98 20.240014
295.00 20.239466
295.02 20.238110
295.04 20.237589
295.06 20.237419
295.08 20.237028
295.10 20.236872
295.12 20.236767
295.14 20.236650
295.16 20.236819
295.18 20.236780
295.20 20.236793
295.22 20.237393
295.24 20.237550
295.26 20.237015
295.28 20.236898
295.30 20.236898
295.32 20.236441
295.34 20.236272
295.36 20.236128
295.38 20.235529
295.40 20.235529
295.42 20.234512
295.44 20.234459
295.46 20.234499
295.48 20.234407
295.50 20.234120
295.52 20.233690
295.54 20.233534
295.56 20.232999
295.58 20.427367
295.60 20.453536
295.62 20.453236
295.64 20.452923
295.66 20.452415
295.68 20.612126
295.70 20.612126
295.72 20.612021
295.74 20.660812
295.76 20.660812
295.78 20.660278
295.80 20.660278
295.82 20.659365
295.84 20.659560
295.86 20.659404
295.88 20.714297
295.90 20.714884
295.92 20.715197
295.94 20.924338
295.96 21.007498
295.98 21.039104
296.00 21.039104
296.02 21.451167
296.04 21.483242
296.06 21.555242
296.08 21.555242
296.10 21.602676
296.12 21.602676
296.14 21.634986
296.16 21.634986
296.18 21.634986
296.20 21.861156
296.22 21.860243
296.24 21.916140
296.26 21.915527
296.28 21.972037
296.30 22.018833
296.32 22.018963
296.34 22.074013
296.36 22.075160
296.38 22.075160
296.40 22.188884
296.42 22.188884
296.44 22.188493
296.46 22.244650
296.48 22.243568
296.50 22.310235
296.52 22.367918
296.54 22.367749
296.56 22.401454
296.58 22.423424
296.60 22.662437
296.62 22.992890
296.64 23.028238
296.66 23.028942
296.68 23.367127
296.70 23.684802
296.72 23.933711
296.74 23.973609
296.76 24.180599
296.78 24.263342
296.80 24.386467
296.82 24.486539
296.84 24.487843
296.86 24.546152
296.88 24.593222
296.90 24.698666
296.92 24.757444
296.94 24.756166
296.96 24.797512
296.98 24.862549
297.00 24.645103
297.02 24.674870
297.04 24.676043
297.06 24.705511
297.08 24.761082
297.10 24.600041
297.12 24.596977
297.14 24.636549
297.16 24.704337
297.18 24.762451
297.20 24.819352
297.22 24.824515
297.24 25.195336
297.26 25.249942
297.28 25.614231
297.30 26.154359
297.32 26.457131
297.34 27.318729
297.36 27.712472
297.38 28.655027
297.40 29.433060
297.42 29.825603
297.44 30.748679
297.46 31.123346
297.48 32.017554
297.50 32.515645
297.52 33.377648
297.54 34.343881
297.56 34.775867
297.58 35.678484
297.60 35.996876
297.62 36.873743
297.64 37.384664
297.66 37.795110
297.68 38.212114
297.70 38.468651
297.72 39.291497
297.74 40.143016
297.76 40.483027
297.78 41.147310
297.80 41.562254
297.82 42.323206
297.84 43.219291
297.86 43.598066
297.88 44.546436
297.90 44.952735
297.92 45.761357
297.94 46.608599
297.96 47.060834
297.98 47.493210
298.00 48.419024
298.02 49.381724
298.04 50.302283
298.06 50.805720
298.08 51.270903
298.10 52.109278
298.12 52.957355
298.14 53.854223
298.16 54.224470
298.18 54.671828
298.20 56.427842
298.22 57.079426
298.24 57.436999
298.26 57.436999
298.28 57.436999
298.30 58.207391
298.32 58.420248
298.34 58.569098
298.36 58.569098
298.38 58.624956
298.40 58.725054
298.42 58.763245
298.44 58.894323
298.46 58.894323
298.48 58.946178
298.50 59.025883
298.52 59.043212
298.54 58.990196
298.56 58.990196
298.58 59.119710
298.60 59.103112
298.62 59.066460
298.64 59.058311
298.66 59.058311
298.68 59.011554
298.70 58.985515
298.72 59.098600
298.74 59.128759
298.76 59.128759
298.78 59.092446
298.80 59.303608
298.82 59.271963
298.84 59.289943
298.86 59.289943
298.88 59.290556
298.90 59.257829
298.92 59.301965
298.94 59.361148
298.96 59.361148
298.98 59.306959
299.00 59.432326
299.02 59.423955
299.04 59.354224
299.06 59.354224
299.08 59.439810
299.10 59.246576
299.12 59.275744
299.14 59.318589
299.16 59.318589
299.18 59.141915
299.20 59.254869
299.22 59.350821
299.24 59.317233
299.26 59.317233
299.28 59.383248
299.30 59.368202
299.32 59.215101
299.34 59.193691
299.36 59.193691
299.38 59.141132
299.40 59.039170
299.42 59.147782
299.44 59.133622
299.46 59.133622
299.48 59.106306
299.50 59.340116
299.52 59.356049
299.54 59.338447
299.56 59.338447
299.58 59.289839
299.60 59.138368
299.62 59.191084
299.64 59.254739
299.66 59.254739
299.68 59.273306
299.70 59.379832
299.72 59.409365
299.74 59.397030
299.76 59.397030
299.78 59.375047
299.80 59.297923
299.82 59.272237
299.84 59.343597
299.86 59.343597
299.88 59.329229
299.90 59.378646
299.92 59.415871
299.94 59.385765
299.96 59.385765
299.98 59.461741
300.00 59.513257
300.02 59.494051
300.04 59.612664
300.06 59.612664
300.08 59.617215
300.10 59.581045
300.12 59.635039
300.14 59.580120
300.16 59.580120
300.18 59.608505
300.20 59.757629
300.22 59.706999
300.24 59.772102
300.26 59.772102
300.28 59.705748
300.30 59.545215
300.32 59.619810
300.34 59.645978
300.36 59.645978
300.38 59.668913
300.40 59.841011
300.42 59.762388
300.44 59.762388
300.46 59.740248
300.48 59.680387
300.50 59.629810
300.52 59.567172
300.54 59.661455
300.56 59.661455
300.58 59.617658
300.60 59.621179
300.62 59.440997
300.64 59.440997
300.66 59.368188
300.68 58.716788
300.70 58.166332
300.72 57.303926
300.74 57.303926
300.76 56.883167
300.78 55.546686
300.80 54.562577
300.82 53.637011
300.84 53.637011
300.86 53.158569
300.88 51.588069
300.90 50.667145
300.92 49.611479
300.94 49.611479
300.96 48.964329
300.98 47.481058
301.00 46.406460
301.02 45.445638
301.04 45.445638
301.06 44.969568
301.08 43.554803
301.10 42.696960
301.12 41.684909
301.14 41.684909
301.16 41.684909
301.18 39.715660
301.20 38.624215
301.22 37.649337
301.24 37.649337
301.26 37.649337
301.28 35.681979
301.30 34.860031
301.32 33.932145
301.34 33.932145
301.36 33.932145
301.38 32.036277
301.40 31.115080
301.42 30.180152
301.44 30.180152
301.46 30.180152
301.48 28.216887
301.50 27.265648
301.52 26.332585
301.54 26.332585
301.56 26.332585
301.58 24.492472
301.60 23.451852
301.62 22.409864
301.64 22.409864
301.66 22.409864
301.68 21.138850
301.70 20.709316
301.72 20.519838
301.74 20.519838
301.76 20.519838
301.78 20.437707
301.80 20.421148
301.82 20.415359
301.84 20.415359
301.86 20.415359
301.88 20.405566
301.90 20.401133
301.92 20.397600
301.94 20.397600
301.96 20.397600
301.98 20.389946
302.00 20.387299
302.02 20.383570
302.04 20.383570
302.06 20.383570
302.08 20.376920
302.10 20.374169
302.12 20.371731
302.14 20.371731
302.16 20.371731
302.18 20.367024
302.20 20.365459
302.22 20.363138
302.24 20.363138
302.26 20.363138
302.28 20.358679
302.30 20.356789
302.32 20.355015
302.34 20.355015
302.36 20.355015
302.38 20.350543
302.40 20.349617
302.42 20.348718
302.44 20.348718
302.46 20.348718
302.48 20.346188
302.50 20.345067
302.52 20.344480
302.54 20.344480
302.56 20.344480
302.58 20.341286
302.60 20.340086
302.62 20.338626
302.64 20.338626
302.66 20.337309
302.68 20.335966
302.70 20.335027
302.72 20.333762
302.74 20.333762
302.76 20.332941
302.78 20.332771
302.80 20.333254
302.82 20.333254
302.84 20.337609
302.86 20.346123
302.88 20.354455
302.90 20.361000
302.92 20.361000
302.94 20.360596
302.96 20.359774
302.98 20.357401
303.00 20.356567
303.02 20.356567
303.04 20.355706
303.06 20.353803
303.08 20.351690
303.10 20.350282
303.12 20.350282
303.14 20.350282
303.16 20.347505
303.18 20.346188
303.20 20.344441
303.22 20.344441
303.24 20.343893
303.26 20.342459
303.28 20.340490
303.30 20.338508
303.32 20.338508
303.34 20.338508
303.36 20.334505
303.38 20.332484
303.40 20.330659
303.42 20.330659
303.44 20.330424
303.46 20.328742
303.48 20.326708
303.50 20.324661
303.52 20.324661
303.54 20.324048
303.56 20.321597
303.58 20.320137
303.60 20.319081
303.62 20.319081
303.64 20.319081
303.66 20.316460
303.68 20.314713
303.70 20.312913
303.72 20.312913
303.74 20.312131
303.76 20.309875
303.78 20.307828
303.80 20.306198
303.82 20.306198
303.84 20.302613
303.86 20.290396
303.88 20.279456
303.90 20.269390
303.92 20.269390
303.94 20.266378
303.96 20.262962
303.98 20.261802
304.00 20.261319
304.02 20.260693
304.04 20.260693
304.06 20.259376
304.08 20.258451
304.10 20.257486
304.12 20.257486
304.14 20.257251
304.16 20.255700
304.18 20.255087
304.20 20.254578
304.22 20.254578
304.24 20.254578
304.26 20.252987
304.28 20.252166
304.30 20.251866
304.32 20.252114
304.34 20.252114
304.36 20.251879
304.38 20.251697
304.40 20.251319
304.42 20.251319
304.44 20.250980
304.46 20.250810
304.48 20.250341
304.50 20.249676
304.52 20.249676
304.54 20.249311
304.56 20.249623
304.58 20.249141
304.60 20.248633
304.62 20.248633
304.64 20.248789
304.66 20.247811
304.68 20.248111
304.70 20.248111
304.72 20.248137
304.74 20.247589
304.76 20.247472
304.78 20.247329
304.80 20.247589
304.82 20.247589
304.84 20.247968
304.86 20.247733
304.88 20.247746
304.90 20.247994
304.92 20.248072
304.94 20.248267
304.96 20.248137
304.98 20.247277
305.00 20.246781
305.02 20.246872
305.04 20.246872
305.06 20.246833
305.08 20.247094
305.10 20.247094
305.12 20.247094
305.14 20.247290
305.16 20.247694
305.18 20.247668
305.20 20.247668
305.22 20.247668
305.24 20.247655
305.26 20.247459
305.28 20.247459
305.30 20.247290
305.32 20.247511
305.34 20.246938
305.36 20.246990
305.38 20.246964
305.40 20.246872
305.42 20.246872
305.44 20.245934
305.46 20.245764
305.48 20.245960
305.50 20.245960
305.52 20.245960
305.54 20.245295
305.56 20.244917
305.58 20.244747
305.60 20.244238
305.62 20.244238
305.64 20.243730
305.66 20.243678
305.68 20.243704
305.70 20.243508
305.72 20.243508
305.74 20.243235
305.76 20.243287
305.78 20.243091
305.80 20.243013
305.82 20.243169
305.84 20.243039
305.86 20.243378
305.88 20.243039
305.90 20.242700
305.92 20.242700
305.94 20.242439
305.96 20.242948
305.98 20.243052
306.00 20.243378
306.02 20.243378
306.04 20.243039
306.06 20.242543
306.08 20.241709
306.10 20.241618
306.12 20.241448
306.14 20.240875
306.16 20.240666
306.18 20.240809
306.20 20.240875
306.22 20.240614
306.24 20.239727
306.26 20.239401
306.28 20.238906
306.30 20.238906
306.32 20.238906
306.34 20.238032
306.36 20.237863
306.38 20.237693
306.40 20.237693
306.42 20.237680
306.44 20.236350
306.46 20.235685
306.48 20.235750
306.50 20.235750
306.52 20.236076
306.54 20.235542
306.56 20.235320
306.58 20.234968
306.60 20.234798
306.62 20.234798
306.64 20.234147
306.66 20.233977
306.68 20.405423
306.70 20.405423
306.72 20.434734
306.74 20.433378
306.76 20.433430
306.78 20.433300
306.80 20.629493
306.82 20.631501
306.84 20.631501
306.86 20.630941
306.88 20.630432
306.90 20.688637
306.92 20.688637
306.94 20.688324
306.96 20.688102
306.98 20.745134
307.00 20.745134
307.02 20.745134
307.04 20.744560
307.06 20.875651
307.08 20.921378
307.10 20.921378
307.12 20.921378
307.14 20.922186
307.16 21.184812
307.18 21.266460
307.20 21.266460
307.22 21.267125
307.24 21.285992
307.26 21.401659
307.28 21.401659
307.30 21.400824
307.32 21.757498
307.34 22.187854
307.36 22.220177
307.38 22.278108
307.40 22.278108
307.42 22.750031
307.44 22.750031
307.46 22.845552
307.48 22.845552
307.50 22.845552
307.52 23.076768
307.54 23.197441
307.56 23.254381
307.58 23.254381
307.60 23.254381
307.62 23.371429
307.64 23.499704
307.66 23.501595
307.68 23.531271
307.70 23.531271
307.72 23.914635
307.74 24.089967
307.76 24.121116
307.78 24.121116
307.80 23.905469
307.82 24.116878
307.84 24.204473
307.86 24.202491
307.88 24.193259
307.90 24.193259
307.92 24.359868
307.94 24.487439
307.96 24.487960
307.98 24.487960
308.00 24.545891
308.02 24.671310
308.04 24.717624
308.06 24.717793
308.08 24.717793
308.10 24.717793
308.12 24.898001
308.14 24.711652
308.16 24.680503
308.18 24.679994
308.20 24.679994
308.22 25.186235
308.24 25.285903
308.26 25.316062
308.28 25.348984
308.30 25.348984
308.32 25.328618
308.34 25.073620
308.36 25.397710
308.38 25.498395
308.40 25.498395
308.42 26.728089
308.44 27.325001
308.46 27.720856
308.48 28.107727
308.50 28.107727
308.52 29.296740
308.54 30.100694
308.56 30.544440
308.58 30.892078
308.60 30.892078
308.62 32.711630
308.64 33.559446
308.66 34.009256
308.68 34.423313
308.70 34.423313
308.72 35.923286
308.74 36.590711
308.76 36.939106
308.78 37.303681
308.80 37.303681
308.82 38.836551
308.84 39.697053
308.86 39.697053
308.88 40.625553
308.90 40.625553
308.92 42.205140
308.94 43.064261
308.96 43.064261
308.98 44.081215
309.00 44.081215
309.02 45.987670
309.04 46.749482
309.06 46.749482
309.08 47.681750
309.10 47.681750
309.12 49.330143
309.14 50.329886
309.16 50.329886
309.18 51.078308
309.20 51.078308
309.22 52.588790
309.24 53.269006
309.26 53.269006
309.28 54.143891
309.30 54.143891
309.32 56.429694
309.34 56.429694
309.36 56.577748
309.38 56.886036
309.40 56.886036
309.42 57.407845
309.44 57.528700
309.46 57.693340
309.48 57.693340
309.50 58.069324
309.52 58.069324
309.54 58.072623
309.56 58.056377
309.58 58.056377
309.60 58.004770
309.62 57.864656
309.64 57.791652
309.66 57.851552
309.68 57.851552
309.70 57.806594
309.72 57.819268
309.74 57.879025
309.76 57.961129
309.78 57.961129
309.80 58.143019
309.82 58.194613
309.84 58.240510
309.86 58.252440
309.88 58.252440
309.90 58.350791
309.92 58.367468
309.94 58.395005
309.96 58.432309
309.98 58.432309
310.00 58.473264
310.02 58.472690
310.04 58.477619
310.06 58.496134
310.08 58.496134
310.10 58.514727
310.12 58.389229
310.14 58.324205
310.16 58.303760
310.18 58.303760
310.20 58.472873
310.22 58.642845
310.24 58.657514
310.26 58.696812
310.28 58.696812
310.30 58.646418
310.32 58.563048
310.34 58.550062
310.36 58.613456
310.38 58.613456
310.40 58.671400
310.42 58.693070
310.44 58.701519
310.46 58.683721
310.48 58.683721
310.50 58.680058
310.52 58.708795
310.54 58.754274
310.56 58.866837
310.58 58.866837
310.60 58.944952
310.62 59.145879
310.64 59.272054
310.66 59.282954
310.68 59.282954
310.70 59.403224
310.72 59.464075
310.74 59.425702
310.76 59.431465
310.78 59.431465
310.80 59.311014
310.82 59.313230
310.84 59.334210
310.86 59.337782
310.88 59.337782
310.90 59.493204
310.92 59.518486
310.94 59.600369
310.96 59.578138
310.98 59.578138
311.00 59.605167
311.02 59.547001
311.04 59.485420
311.06 59.540860
311.08 59.540860
311.10 59.446499
311.12 59.476345
311.14 59.571762
311.16 59.512331
311.18 59.512331
311.20 59.606771
311.22 59.562178
311.24 59.500140
311.26 59.600291
311.28 59.600291
311.30 59.562231
311.32 59.583288
311.34 59.761214
311.36 59.733820
311.38 59.733820
311.40 59.882500
311.42 59.931043
311.44 59.872356
311.46 59.877859
311.48 59.877859
311.50 59.733872
311.52 59.699280
311.54 59.796758
311.56 59.796758
311.58 59.791164
311.60 59.930965
311.62 59.908578
311.64 59.885982
311.66 59.870244
311.68 59.870022
311.70 59.845131
311.72 59.829707
311.74 59.809770
311.76 59.809770
311.78 59.530938
311.80 59.359909
311.82 59.044894
311.84 58.400260
311.86 58.400260
311.88 57.185183
311.90 56.769039
311.92 55.832534
311.94 54.897437
311.96 54.897437
311.98 53.213644
312.00 52.680035
312.02 51.595045
312.04 50.582433
312.06 50.582433
312.08 49.320690
312.10 48.905303
312.12 48.054514
312.14 47.145259
312.16 47.145259
312.18 45.650319
312.20 45.138146
312.22 44.124490
312.24 43.154371
312.26 43.154371
312.28 41.421579
312.30 40.942511
312.32 39.948714
312.34 38.915383
312.36 38.915383
312.38 37.599308
312.40 37.097552
312.42 36.052773
312.44 35.082524
312.46 35.082524
312.48 33.561024
312.50 33.102844
312.52 32.284808
312.54 31.358851
312.56 31.358851
312.58 29.997323
312.60 29.411559
312.62 28.456708
312.64 27.476550
312.66 27.476550
312.68 25.754384
312.70 25.352948
312.72 24.339827
312.74 23.483510
312.76 23.483510
312.78 22.299452
312.80 21.914080
312.82 21.234424
312.84 20.704531
312.86 20.704531
312.88 20.521650
312.90 20.491726
312.92 20.435660
312.94 20.421656
312.96 20.421656
312.98 20.413311
313.00 20.410834
313.02 20.406271
313.04 20.402137
313.06 20.402137
313.08 20.396400
313.10 20.394679
313.12 20.391367
313.14 20.387756
313.16 20.387756
313.18 20.381953
313.20 20.380297
313.22 20.377846
313.24 20.375395
313.26 20.375395
313.28 20.371288
313.30 20.370075
313.32 20.368015
313.34 20.365512
313.36 20.365512
313.38 20.361613
313.40 20.365681
313.42 20.376660
313.44 20.423768
313.46 20.423768
313.48 20.518443
313.50 20.546202
313.52 20.596883
313.54 20.610783
313.56 20.610783
313.58 20.609179
313.60 20.608201
313.62 20.607706
313.64 20.607523
313.66 20.607523
313.68 20.604928
313.70 20.604563
313.72 20.602816
313.74 20.601564
313.76 20.601564
313.78 20.599843
313.80 20.598500
313.82 20.598031
313.84 20.596127
313.86 20.595384
313.88 20.595866
313.90 20.595762
313.92 20.594928
313.94 20.594928
313.96 20.593819
313.98 20.592685
314.00 20.592111
314.02 20.593885
314.04 20.593885
314.06 20.601629
314.08 20.610235
314.10 20.613612
314.12 20.620836
314.14 20.620836
314.16 20.620418
314.18 20.619910
314.20 20.618580
314.22 20.615972
314.24 20.615972
314.26 20.615020
314.28 20.615059
314.30 20.614290
314.32 20.611604
314.34 20.611604
314.36 20.608410
314.38 20.607484
314.40 20.606415
314.42 20.601017
314.44 20.601017
314.46 20.516891
314.48 20.449376
314.50 20.417588
314.52 20.355328
314.54 20.355328
314.56 20.336735
314.58 20.334688
314.60 20.331324
314.62 20.328795
314.64 20.328795
314.66 20.327373
314.68 20.326069
314.70 20.325404
314.72 20.323709
314.74 20.323709
314.76 20.321545
314.78 20.320319
314.80 20.318781
314.82 20.317073
314.84 20.317073
314.86 20.314908
314.88 20.313005
314.90 20.311975
314.92 20.310280
314.94 20.310280
314.96 20.308845
314.98 20.308063
315.00 20.306146
315.02 20.304751
315.04 20.304751
315.06 20.294281
315.08 20.283980
315.10 20.279052
315.12 20.267487
315.14 20.267487
315.16 20.264592
315.18 20.263914
315.20 20.262532
315.22 20.262662
315.24 20.262271
315.26 20.260537
315.28 20.260237
315.30 20.259520
315.32 20.258594
315.34 20.258594
315.36 20.257734
315.38 20.257395
315.40 20.256677
315.42 20.256404
315.44 20.256404
315.46 20.257016
315.48 20.256312
315.50 20.256312
315.52 20.255947
315.54 20.255947
315.56 20.255087
315.58 20.255087
315.60 20.254422
315.62 20.254304
315.64 20.254304
315.66 20.254200
315.68 20.253796
315.70 20.253235
315.72 20.253157
315.74 20.253157
315.76 20.252309
315.78 20.252218
315.80 20.251358
315.82 20.250510
315.84 20.250510
315.86 20.249910
315.88 20.249910
315.90 20.248698
315.92 20.248698
315.94 20.248633
315.96 20.248411
315.98 20.247824
316.00 20.248189
316.02 20.248007
316.04 20.248176
316.06 20.248046
316.08 20.247876
316.10 20.247955
316.12 20.247955
316.14 20.247224
316.16 20.247263
316.18 20.247811
316.20 20.248072
316.22 20.248072
316.24 20.248215
316.26 20.247876
316.28 20.247902
316.30 20.247381
316.32 20.247381
316.34 20.247172
316.36 20.246846
316.38 20.246273
316.40 20.245699
316.42 20.245699
316.44 20.245542
316.46 20.245373
316.48 20.245542
316.50 20.245907
316.52 20.245907
316.54 20.245542
316.56 20.245099
316.58 20.245073
316.60 20.244760
316.62 20.244760
316.64 20.244173
316.66 20.243952
316.68 20.243639
316.70 20.243574
316.72 20.243574
316.74 20.243600
316.76 20.243482
316.78 20.243469
316.80 20.243652
316.82 20.243652
316.84 20.243274
316.86 20.243274
316.88 20.244186
316.90 20.243847
316.92 20.243847
316.94 20.243730
316.96 20.243730
316.98 20.243560
317.00 20.243143
317.02 20.243143
317.04 20.242231
317.06 20.241839
317.08 20.241409
317.10 20.240653
317.12 20.240653
317.14 20.240014
317.16 20.239479
317.18 20.239297
317.20 20.239036
317.22 20.239036
317.24 20.238997
317.26 20.238997
317.28 20.239036
317.30 20.238228
317.32 20.238228
317.34 20.237889
317.36 20.237550
317.38 20.237211
317.40 20.237393
317.42 20.237393
317.44 20.237419
317.46 20.237589
317.48 20.237354
317.50 20.236819
317.52 20.236819
317.54 20.236233
317.56 20.236376
317.58 20.236611
317.60 20.236102
317.62 20.235555
317.64 20.235555
317.66 20.235920
317.68 20.236259
317.70 20.236207
317.72 20.236207
317.74 20.235685
317.76 20.235646
317.78 20.235255
317.80 20.234968
317.82 20.234968
317.84 20.234525
317.86 20.234303
317.88 20.233951
317.90 20.233612
317.92 20.233612
317.94 20.233143
317.96 20.233012
317.98 20.233351
318.00 20.233234
318.02 20.262036
318.04 20.261697
318.06 20.261867
318.08 20.273276
318.10 20.574405
318.12 20.574405
318.14 20.596231
318.16 20.864281
318.18 20.915458
318.20 20.977874
318.22 20.977874
318.24 21.039991
318.26 21.150846
318.28 21.221998
318.30 21.221998
318.32 21.475040
318.34 21.475588
318.36 21.533702
318.38 21.608413
318.40 21.608413
318.42 21.816381
318.44 21.877780
318.46 21.877376
318.48 21.876528
318.50 21.921616
318.52 22.230151
318.54 22.297561
318.56 22.297561
318.58 22.365858
318.60 22.365858
318.62 22.488279
318.64 22.546483
318.66 22.546053
318.68 22.545466
318.70 22.545466
318.72 22.645669
318.74 22.702570
318.76 22.835226
318.78 22.840128
318.80 22.910224
318.82 22.956681
318.84 23.014234
318.86 23.519236
318.88 23.567714
318.90 23.640431
318.92 23.708467
318.94 24.180833
318.96 24.195189
318.98 24.244084
319.00 24.244084
319.02 24.288103
319.04 24.330100
319.06 24.485509
319.08 24.483736
319.10 24.349958
319.12 24.406194
319.14 24.462430
319.16 24.502238
319.18 24.487999
319.20 24.370886
319.22 24.428882
319.24 24.418555
319.26 24.349372
319.28 24.646889
319.30 24.626079
319.32 24.726673
319.34 24.562150
319.36 24.643812
319.38 24.700582
319.40 24.690477
319.42 24.659719
319.44 24.651244
319.46 24.764185
319.48 24.831035
319.50 24.831752
319.52 24.596116
319.54 24.567301
319.56 24.692837
319.58 24.739725
319.60 24.738955
319.62 24.737795
319.64 24.736634
319.66 24.866578
319.68 24.935136
319.70 24.935044
319.72 24.935866
319.74 24.935266
319.76 24.945501
319.78 24.990276
319.80 24.990342
319.82 24.990263
319.84 24.990342
319.86 24.679225
319.88 24.698548
319.90 24.691273
319.92 24.660215
319.94 24.660215
319.96 24.486330
319.98 24.467489
320.00 24.467489
320.02 24.467137
320.04 24.467542
320.06 24.466003
320.08 24.508666
320.10 24.508405
320.12 24.508053
320.14 24.507505
320.16 24.506266
320.18 24.562959
320.20 24.562724
320.22 24.561342
320.24 24.560612
320.26 24.559347
320.28 24.353023
320.30 24.352918
320.32 24.324598
320.34 24.293214
320.36 24.270175
320.38 24.228190
320.40 24.228020
320.42 24.227577
320.44 24.227447
320.46 24.227955
320.48 24.228711
320.50 24.228711
320.52 24.227538
320.54 24.227082
320.56 24.227225
320.58 24.227225
320.60 24.227368
320.62 24.228046
320.64 24.228307
320.66 24.228151
320.68 24.228542
320.70 24.235622
320.72 24.514168
320.74 24.686579
320.76 24.806352
320.78 24.949765
320.80 25.260373
320.82 25.989250
320.84 27.053822
320.86 27.505104
320.88 27.931457
320.90 28.293359
320.92 29.158152
320.94 30.265973
320.96 30.602841
320.98 31.018215
321.00 31.479564
321.02 32.379287
321.04 33.609072
321.06 33.980245
321.08 34.347023
321.10 34.797928
321.12 35.661130
321.14 36.988288
321.16 37.424824
321.18 37.925966
321.20 38.346634
321.22 38.790563
321.24 40.631968
321.26 41.029166
321.28 41.502523
321.30 41.929385
321.32 42.378998
321.34 44.037301
321.36 44.461658
321.38 44.827798
321.40 45.226939
321.42 45.570223
321.44 47.457537
321.46 47.898649
321.48 48.374666
321.50 48.762085
321.52 49.285824
321.54 50.813113
321.56 51.262154
321.58 51.711155
321.60 52.113894
321.62 52.535110
321.64 54.312885
321.66 54.790402
321.68 55.203625
321.70 55.535512
321.72 56.012194
321.74 57.387400
321.76 57.696000
321.78 57.906236
321.80 58.116173
321.82 58.244500
321.84 58.420965
321.86 58.425164
321.88 58.412386
321.90 58.430249
321.92 58.471321
321.94 58.836613
321.96 58.923673
321.98 58.939384
322.00 58.985398
322.02 58.981278
322.04 58.927845
322.06 58.964093
322.08 58.978709
322.10 58.932865
322.12 58.975619
322.14 59.095106
322.16 59.106619
322.18 59.020251
322.20 58.968096
322.22 58.962411
322.24 58.818307
322.26 58.805216
322.28 58.867645
322.30 58.867645
322.32 58.848127
322.34 58.731495
322.36 58.802204
322.38 58.741861
322.40 58.741861
322.42 58.796519
322.44 58.931574
322.46 58.916736
322.48 58.912186
322.50 58.912186
322.52 59.028295
322.54 58.999988
322.56 59.011775
322.58 59.030864
322.60 59.058284
322.62 59.058284
322.64 59.164146
322.66 59.181396
322.68 59.177928
322.70 59.177928
322.72 59.185725
322.74 59.184564
322.76 59.201384
322.78 59.194539
322.80 59.194539
322.82 59.243460
322.84 59.288926
322.86 59.332150
322.88 59.332150
322.90 59.309593
322.92 59.387655
322.94 59.377733
322.96 59.363143
322.98 59.196560
323.00 59.029052
323.02 56.951086
323.04 58.357884
323.06 58.206361
323.08 58.206361
323.10 57.387856
323.12 56.175439
323.14 55.283174
323.16 54.863601
323.18 54.863601
323.20 54.276860
323.22 54.008849
323.24 52.801256
323.26 52.423707
323.28 52.423707
323.30 51.669039
323.32 50.787310
323.34 49.606003
323.36 49.272890
323.38 48.965672
323.40 48.853630
323.42 48.635649
323.44 48.316109
323.46 48.251098
323.48 48.251098
323.50 48.249495
323.52 48.252011
323.54 48.384628
323.56 48.385475
323.58 48.385475
323.60 48.228946
323.62 48.231149
323.64 48.146424
323.66 48.126840
323.68 48.126840
323.70 48.174692
323.72 48.221135
323.74 48.170571
323.76 48.186726
323.78 48.186726
323.80 48.165734
323.82 48.100971
323.84 48.079000
323.86 47.990520
323.88 47.990520
323.90 48.014602
323.92 48.013546
323.94 47.922249
323.96 47.977859
323.98 47.977859
324.00 48.131938
324.02 48.351835
324.04 48.709331
324.06 48.858885
324.08 48.858885
324.10 49.685565
324.12 50.190737
324.14 51.822192
324.16 52.056902
324.18 52.056902
324.20 52.721302
324.22 52.801047
324.24 52.696073
324.26 52.848208
324.28 52.848208
324.30 52.970629
324.32 52.941996
324.34 53.237935
324.36 53.596356
324.38 53.596356
324.40 53.477847
324.42 53.526782
324.44 53.865293
324.46 53.964061
324.48 53.964061
324.50 53.960684
324.52 53.949692
324.54 53.809735
324.56 53.753629
324.58 53.753629
324.60 53.736092
324.62 53.723001
324.64 53.632408
324.66 53.493051
324.68 53.493051
324.70 52.986418
324.72 52.561278
324.74 51.410208
324.76 50.451159
324.78 50.451159
324.80 49.488720
324.82 48.127987
324.84 47.572277
324.86 46.639436
324.88 46.639436
324.90 45.709945
324.92 44.738614
324.94 43.113612
324.96 43.113612
324.98 42.743287
325.00 42.373288
325.02 41.234226
325.04 40.183436
325.06 40.183436
325.08 38.789012
325.10 38.256772
325.12 36.797479
325.14 35.899086
325.16 35.899086
325.18 35.026236
325.20 34.544977
325.22 33.708779
325.24 33.204937
325.26 33.204937
325.28 32.707341
325.30 32.614987
325.32 32.483453
325.34 32.263281
325.36 32.263281
325.38 32.088836
325.40 31.849433
325.42 30.601628
325.44 29.798079
325.46 29.798079
325.48 28.906583
325.50 28.405010
325.52 26.974168
325.54 26.088696
325.56 26.088696
325.58 25.081873
325.60 24.669055
325.62 23.323577
325.64 22.343432
325.66 22.343432
325.68 21.610447
325.70 21.368671
325.72 20.747937
325.74 20.515991
325.76 20.515991
325.78 20.436911
325.80 20.426546
325.82 20.403389
325.84 20.397104
325.86 20.397104
325.88 20.391915
325.90 20.389529
325.92 20.383622
325.94 20.380180
325.96 20.380180
325.98 20.376268
326.00 20.375238
326.02 20.370466
326.04 20.366359
326.06 20.366359
326.08 20.363477
326.10 20.362330
326.12 20.358314
326.14 20.355615
326.16 20.355615
326.18 20.353242
326.20 20.351951
326.22 20.349109
326.24 20.346905
326.26 20.346905
326.28 20.345171
326.30 20.344337
326.32 20.341677
326.34 20.339825
326.36 20.339825
326.38 20.338665
326.40 20.337817
326.42 20.335614
326.44 20.334271
326.46 20.334271
326.48 20.332498
326.50 20.331833
326.52 20.330372
326.54 20.328547
326.56 20.328547
326.58 20.327751
326.60 20.326734
326.62 20.324583
326.64 20.322718
326.66 20.322718
326.68 20.321962
326.70 20.320763
326.72 20.319693
326.74 20.318637
326.76 20.318637
326.78 20.317972
326.80 20.317633
326.82 20.316212
326.84 20.315143
326.86 20.315143
326.88 20.318820
326.90 20.322718
326.92 20.338339
326.94 20.342290
326.96 20.342290
326.98 20.343359
327.00 20.341273
327.02 20.340229
327.04 20.339578
327.06 20.339578
327.08 20.338795
327.10 20.337765
327.12 20.335249
327.14 20.335249
327.16 20.334910
327.18 20.333984
327.20 20.332928
327.22 20.331780
327.24 20.331780
327.26 20.329668
327.28 20.328612
327.30 20.326852
327.32 20.326226
327.34 20.326226
327.36 20.324805
327.38 20.323957
327.40 20.321754
327.42 20.320567
327.44 20.320567
327.46 20.319224
327.48 20.318546
327.50 20.316551
327.52 20.315756
327.54 20.315756
327.56 20.314335
327.58 20.313813
327.60 20.310827
327.62 20.309980
327.64 20.309980
327.66 20.309510
327.68 20.308832
327.70 20.306420
327.72 20.305260
327.74 20.305260
327.76 20.302847
327.78 20.301935
327.80 20.299249
327.82 20.298519
327.84 20.298519
327.86 20.296120
327.88 20.293603
327.90 20.278491
327.92 20.275179
327.94 20.270342
327.96 20.263666
327.98 20.260615
328.00 20.258333
328.02 20.257486
328.04 20.257486
328.06 20.256182
328.08 20.255947
328.10 20.254383
328.12 20.253783
328.14 20.253783
328.16 20.253340
328.18 20.252661
328.20 20.251788
328.22 20.251201
328.24 20.251201
328.26 20.250197
328.28 20.249936
328.30 20.248372
328.32 20.247772
328.34 20.247772
328.36 20.246833
328.38 20.246403
328.40 20.246038
328.42 20.245894
328.44 20.245816
328.46 20.269521
328.48 20.299144
328.50 20.389803
328.52 20.451750
328.54 20.451750
328.56 20.493721
328.58 20.495794
328.60 20.502092
328.62 20.501949
328.64 20.501949
328.66 20.501271
328.68 20.501114
328.70 20.501466
328.72 20.502040
328.74 20.502040
328.76 20.502235
328.78 20.502431
328.80 20.502053
328.82 20.502053
328.84 20.502053
328.86 20.502196
328.88 20.501857
328.90 20.500110
328.92 20.497867
328.94 20.497867
328.96 20.497202
328.98 20.496863
329.00 20.497815
329.02 20.498128
329.04 20.498128
329.06 20.497072
329.08 20.496890
329.10 20.497607
329.12 20.497541
329.14 20.497541
329.16 20.497372
329.18 20.497555
329.20 20.497359
329.22 20.496981
329.24 20.496981
329.26 20.497150
329.28 20.496290
329.30 20.496264
329.32 20.496264
329.34 20.496772
329.36 20.498154
329.38 20.497294
329.40 20.497307
329.42 20.496811
329.44 20.496629
329.46 20.488623
329.48 20.443822
329.50 20.395122
329.52 20.395122
329.54 20.328768
329.56 20.304308
329.58 20.251853
329.60 20.238606
329.62 20.238606
329.64 20.237732
329.66 20.237563
329.68 20.237185
329.70 20.237432
329.72 20.237432
329.74 20.237602
329.76 20.237771
329.78 20.238110
329.80 20.237915
329.82 20.237915
329.84 20.237315
329.86 20.237484
329.88 20.236846
329.90 20.236585
329.92 20.236585
329.94 20.236598
329.96 20.236598
329.98 20.236806
330.00 20.236833
330.02 20.236833
330.04 20.236533
330.06 20.236533
330.08 20.235281
330.10 20.235229
330.12 20.235229
330.14 20.234551
330.16 20.234551
330.18 20.234629
330.20 20.234707
330.22 20.234707
330.24 20.235190
330.26 20.235190
330.28 20.235281
330.30 20.234942
330.32 20.234942
330.34 20.233755
330.36 20.233873
330.38 20.233586
330.40 20.233299
330.42 20.233299
330.44 20.232595
330.46 20.232086
330.48 20.231421
330.50 20.230417
330.52 20.230417
330.54 20.230417
330.56 20.229713
330.58 20.228983
330.60 20.228983
330.62 20.228892
330.64 20.228370
330.66 20.228527
330.68 20.228344
330.70 20.228449
330.72 20.228449
330.74 20.228449
330.76 20.228305
330.78 20.228110
330.80 20.227484
330.82 20.227484
330.84 20.227014
330.86 20.226832
330.88 20.226349
330.90 20.225958
330.92 20.225958
330.94 20.225619
330.96 20.233768
330.98 20.233599
331.00 20.254891
331.02 20.254891
331.04 20.255165
331.06 20.588473
331.08 20.633861
331.10 20.981630
331.12 20.981630
331.14 20.981134
331.16 21.049340
331.18 21.067581
331.20 21.067868
331.22 21.131562
331.24 21.131418
331.26 21.179688
331.28 21.179557
331.30 21.226366
331.32 21.226366
331.34 21.226392
331.36 21.281807
331.38 21.281807
331.40 21.336921
331.42 21.698693
331.44 21.698693
331.46 21.766443
331.48 21.791360
331.50 21.920704
331.52 21.920704
331.54 22.129440
331.56 22.133704
331.58 22.212040
331.60 22.249070
331.62 22.453687
331.64 22.528373
331.66 22.910355
331.68 22.980073
331.70 22.980073
331.72 23.095243
331.74 23.156226
331.76 23.156226
331.78 23.487057
331.80 23.487057
331.82 23.602997
331.84 23.703643
331.86 24.003911
331.88 24.003702
331.90 24.065871
331.92 24.179230
331.94 24.244580
331.96 24.627253
331.98 24.650566
332.00 24.689421
332.02 24.834386
332.04 24.834386
332.06 24.834386
332.08 24.660736
332.10 24.719488
332.12 24.776741
332.14 24.690125
332.16 24.772426
332.18 24.736061
332.20 24.736061
332.22 24.835181
332.24 24.995101
332.26 24.995101
332.28 24.994749
332.30 24.994749
332.32 25.141864
332.34 25.143012
332.36 25.329570
332.38 25.329244
332.40 25.329557
332.42 25.308304
332.44 25.308304
332.46 25.409393
332.48 25.481040
332.50 25.460465
332.52 25.026902
332.54 25.026902
332.56 25.501628
332.58 26.319677
332.60 26.560554
332.62 27.183205
332.64 27.183205
332.66 28.033003
332.68 28.782741
332.70 29.110026
332.72 29.859791
332.74 29.859791
332.76 30.815815
332.78 31.791241
332.80 32.115109
332.82 32.979954
332.84 32.979954
332.86 33.951442
332.88 34.807199
332.90 35.244608
332.92 36.075578
332.94 36.075578
332.96 37.449884
332.98 38.223405
333.00 38.667556
333.02 39.433606
333.04 39.433606
333.06 40.549928
333.08 41.457018
333.10 41.902760
333.12 42.787749
333.14 42.787749
333.16 44.113668
333.18 44.957560
333.20 45.397812
333.22 46.262734
333.24 46.262734
333.26 47.475843
333.28 48.354548
333.30 48.715329
333.32 49.540979
333.34 49.540979
333.36 50.690993
333.38 51.701076
333.40 52.136764
333.42 52.982220
333.44 52.982220
333.46 54.369473
333.48 55.183897
333.50 55.589610
333.52 56.406133
333.54 56.406133
333.56 57.230362
333.58 57.513106
333.60 57.727684
333.62 58.025215
333.64 58.025215
333.66 58.445126
333.68 58.455805
333.70 58.554338
333.72 58.668753
333.74 58.668753
333.76 58.755773
333.78 58.753218
333.80 58.780156
333.82 58.824944
333.84 58.782255
333.86 58.882327
333.88 59.024345
333.90 59.029951
333.92 59.029951
333.94 59.127181
333.96 59.154575
333.98 59.116150
334.00 59.164563
334.02 59.164563
334.04 59.119658
334.06 59.096514
334.08 59.122344
334.10 59.128485
334.12 59.128485
334.14 59.200537
334.16 59.244855
334.18 59.175163
334.20 59.130467
334.22 59.130467
334.24 59.233055
334.26 59.147195
334.28 59.163937
334.30 59.317572
334.32 59.317572
334.34 59.346636
334.36 59.532476
334.38 59.578659
334.40 59.462172
334.42 59.462172
334.44 59.482799
334.46 59.459486
334.48 59.419144
334.50 59.530886
334.52 59.530886
334.54 59.526987
334.56 59.553625
334.58 59.555763
334.60 59.430748
334.62 59.430748
334.64 59.486176
334.66 59.489996
334.68 59.475288
334.70 59.565386
334.72 59.565386
334.74 59.572635
334.76 59.621113
334.78 59.615233
334.80 59.652367
334.82 59.652367
334.84 59.654127
334.86 59.738449
334.88 59.683230
334.90 59.624399
334.92 59.624399
334.94 59.604802
334.96 59.485237
334.98 59.548827
335.00 59.622926
335.02 59.622926
335.04 59.686763
335.06 59.784919
335.08 59.802495
335.10 59.758398
335.12 59.758398
335.14 59.698837
335.16 59.620853
335.18 59.671052
335.20 59.736702
335.22 59.736702
335.24 59.741643
335.26 59.854884
335.28 59.854884
335.30 59.800930
335.32 59.800930
335.34 59.825326
335.36 59.758554
335.38 59.758554
335.40 59.870987
335.42 59.870987
335.44 59.854598
335.46 59.962480
335.48 59.962480
335.50 59.855823
335.52 59.855823
335.54 59.872526
335.56 59.956704
335.58 59.956704
335.60 60.019224
335.62 60.060022
335.64 60.031272
335.66 60.008389
335.68 60.008389
335.70 59.936350
335.72 59.907704
335.74 59.947694
335.76 59.977357
335.78 59.977357
335.80 59.995729
335.82 59.997763
335.84 59.908904
335.86 59.851990
335.88 59.773718
335.90 59.675733
335.92 59.675733
335.94 59.481599
335.96 58.797145
335.98 58.476784
336.00 57.335297
336.02 56.964920
336.04 55.871285
336.06 55.871285
336.08 54.693446
336.10 54.159303
336.12 53.777920
336.14 52.248845
336.16 52.248845
336.18 50.866637
336.20 50.460442
336.22 49.861144
336.24 48.468988
336.26 48.468988
336.28 46.936757
336.30 46.336247
336.32 45.925371
336.34 44.451710
336.36 44.451710
336.38 43.037101
336.40 42.543808
336.42 42.002493
336.44 40.432919
336.46 40.432919
336.48 38.947289
336.50 38.453487
336.52 38.024044
336.54 36.654210
336.56 36.654210
336.58 35.124248
336.60 34.678298
336.62 34.069625
336.64 32.553862
336.66 32.553862
336.68 31.271270
336.70 30.700266
336.72 30.326212
336.74 28.926949
336.76 28.926949
336.78 27.456366
336.80 27.041291
336.82 26.533382
336.84 24.841413
336.86 24.841413
336.88 23.343514
336.90 22.767724
336.92 22.373212
336.94 21.327442
336.96 21.327442
336.98 20.633822
337.00 20.577025
337.02 20.537766
337.04 20.435451
337.06 20.435451
337.08 20.419270
337.10 20.415345
337.12 20.411460
337.14 20.404236
337.16 20.404236
337.18 20.398330
337.20 20.396009
337.22 20.394040
337.24 20.389125
337.26 20.389125
337.28 20.384379
337.30 20.382892
337.32 20.381015
337.34 20.376529
337.36 20.376529
337.38 20.372605
337.40 20.370662
337.42 20.369775
337.44 20.366424
337.46 20.366424
337.48 20.363204
337.50 20.361652
337.52 20.360505
337.54 20.357115
337.56 20.357115
337.58 20.354572
337.60 20.353698
337.62 20.352916
337.64 20.350152
337.66 20.350152
337.68 20.347909
337.70 20.346371
337.72 20.345588
337.74 20.343776
337.76 20.343776
337.78 20.341924
337.80 20.341299
337.82 20.340907
337.84 20.339786
337.86 20.339786
337.88 20.337856
337.90 20.336983
337.92 20.336005
337.94 20.334597
337.96 20.334597
337.98 20.332615
338.00 20.332093
338.02 20.331585
338.04 20.329538
338.06 20.329538
338.08 20.328338
338.10 20.328338
338.12 20.330802
338.14 20.340190
338.16 20.340190
338.18 20.347401
338.20 20.347401
338.22 20.348613
338.24 20.348079
338.26 20.349487
338.28 20.352616
338.30 20.353086
338.32 20.351299
338.34 20.351299
338.36 20.348652
338.38 20.347688
338.40 20.346840
338.42 20.343880
338.44 20.343880
338.46 20.342537
338.48 20.341729
338.50 20.340542
338.52 20.337087
338.54 20.337087
338.56 20.335079
338.58 20.334245
338.60 20.333384
338.62 20.331233
338.64 20.330581
338.66 20.329994
338.68 20.328690
338.70 20.327712
338.72 20.325248
338.74 20.325248
338.76 20.323318
338.78 20.322966
338.80 20.321949
338.82 20.318846
338.84 20.318846
338.86 20.317099
338.88 20.316343
338.90 20.315678
338.92 20.312496
338.94 20.312496
338.96 20.310240
338.98 20.309223
339.00 20.308050
339.02 20.305925
339.04 20.305925
339.06 20.304047
339.08 20.303213
339.10 20.302378
339.12 20.298845
339.14 20.298845
339.16 20.289066
339.18 20.282312
339.20 20.277005
339.22 20.262858
339.24 20.262858
339.26 20.257694
339.28 20.257003
339.30 20.256156
339.32 20.255478
339.34 20.255478
339.36 20.254722
339.38 20.254161
339.40 20.253874
339.42 20.252661
339.44 20.252661
339.46 20.251292
339.48 20.250771
339.50 20.250784
339.52 20.250562
339.54 20.250562
339.56 20.249832
339.58 20.249493
339.60 20.249415
339.62 20.248606
339.64 20.248606
339.66 20.247250
339.68 20.247237
339.70 20.247068
339.72 20.246077
339.74 20.246077
339.76 20.245242
339.78 20.244577
339.80 20.244147
339.82 20.244030
339.84 20.244030
339.86 20.243600
339.88 20.243391
339.90 20.243313
339.92 20.242583
339.94 20.242583
339.96 20.242804
339.98 20.242126
340.00 20.242491
340.02 20.242361
340.04 20.242361
340.06 20.241944
340.08 20.242074
340.10 20.241905
340.12 20.241383
340.14 20.241383
340.16 20.242035
340.18 20.241644
340.20 20.241722
340.22 20.241566
340.24 20.241566
340.26 20.241318
340.28 20.241318
340.30 20.240822
340.32 20.240314
340.34 20.240314
340.36 20.239975
340.38 20.239975
340.40 20.239897
340.42 20.239727
340.44 20.240314
340.46 20.240314
340.48 20.240144
340.50 20.241096
340.52 20.241096
340.54 20.241839
340.56 20.241839
340.58 20.241592
340.60 20.240731
340.62 20.240731
340.64 20.240431
340.66 20.240796
340.68 20.240796
340.70 20.240940
340.72 20.240940
340.74 20.241292
340.76 20.240418
340.78 20.240327
340.80 20.240796
340.82 20.240796
340.84 20.239818
340.86 20.239936
340.88 20.239871
340.90 20.240366
340.92 20.240366
340.94 20.239766
340.96 20.239623
340.98 20.239088
341.00 20.238827
341.02 20.238827
341.04 20.238736
341.06 20.238710
341.08 20.238710
341.10 20.239232
341.12 20.239232
341.14 20.238371
341.16 20.238723
341.18 20.238893
341.20 20.239258
341.22 20.239258
341.24 20.239258
341.26 20.239401
341.28 20.239284
341.30 20.239597
341.32 20.239597
341.34 20.239401
341.36 20.239466
341.38 20.239245
341.40 20.238514
341.42 20.238514
341.44 20.237967
341.46 20.238189
341.48 20.238019
341.50 20.237028
341.52 20.237028
341.54 20.236389
341.56 20.236024
341.58 20.236076
341.60 20.236728
341.62 20.236728
341.64 20.236350
341.66 20.236168
341.68 20.236285
341.70 20.235711
341.72 20.235711
341.74 20.235177
341.76 20.234812
341.78 20.234681
341.80 20.234107
341.82 20.234107
341.84 20.234420
341.86 20.234499
341.88 20.234316
341.90 20.234042
341.92 20.234042
341.94 20.234042
341.96 20.233612
341.98 20.233612
342.00 20.233612
342.02 20.253561
342.04 20.252688
342.06 20.252688
342.08 20.252153
342.10 20.251488
342.12 20.251488
342.14 20.482808
342.16 20.482808
342.18 20.482625
342.20 20.510332
342.22 20.632323
342.24 20.631866
342.26 20.631866
342.28 20.725145
342.30 20.725145
342.32 20.782372
342.34 20.990000
342.36 20.997811
342.38 21.315342
342.40 21.343871
342.42 21.343871
342.44 21.559310
342.46 21.830254
342.48 21.830241
342.50 21.862590
342.52 21.862590
342.54 22.003473
342.56 22.170421
342.58 22.252773
342.60 22.618626
342.62 22.663884
342.64 22.761596
342.66 22.761596
342.68 22.813073
342.70 22.813073
342.72 22.985888
342.74 23.045110
342.76 23.090380
342.78 23.135103
342.80 23.192421
342.82 23.238578
342.84 23.285348
342.86 23.357582
342.88 23.413896
342.90 23.413896
342.92 23.539981
342.94 23.597286
342.96 23.640535
342.98 23.721793
343.00 23.721793
343.02 23.821447
343.04 23.881321
343.06 23.973127
343.08 24.289029
343.10 24.289029
343.12 24.226638
343.14 24.325928
343.16 24.378396
343.18 24.728889
343.20 24.728889
343.22 24.759635
343.24 24.832769
343.26 24.911927
343.28 25.233579
343.30 25.233579
343.32 25.255249
343.34 25.303388
343.36 24.998843
343.38 25.124627
343.40 25.124627
343.42 24.860789
343.44 24.822820
343.46 24.807161
343.48 25.014007
343.50 25.014007
343.52 25.044048
343.54 24.913022
343.56 24.940625
343.58 24.834425
343.60 24.834425
343.62 24.836641
343.64 24.833564
343.66 24.806013
343.68 24.907376
343.70 24.907376
343.72 24.905851
343.74 24.908250
343.76 24.907585
343.78 25.023760
343.80 25.023760
343.82 25.023760
343.84 25.023343
343.86 25.024594
343.88 25.127352
343.90 25.127352
343.92 25.127352
343.94 25.125005
343.96 25.124510
343.98 25.221727
344.00 25.221727
344.02 25.222131
344.04 25.220253
344.06 25.210187
344.08 25.115448
344.10 25.115448
344.12 25.086750
344.14 25.058573
344.16 25.043227
344.18 24.817461
344.20 24.817461
344.22 24.764263
344.24 24.922971
344.26 24.899657
344.28 24.765945
344.30 24.765945
344.32 25.094521
344.34 25.754566
344.36 26.056491
344.38 27.108467
344.40 27.108467
344.42 27.856159
344.44 28.639954
344.46 29.017973
344.48 29.730786
344.50 30.160359
344.52 30.896381
344.54 31.809365
344.56 32.197579
344.58 33.008848
344.60 33.347880
344.62 34.149109
344.64 35.071884
344.66 35.500102
344.68 36.842411
344.70 36.842411
344.72 37.607848
344.74 38.462457
344.76 38.898419
344.78 39.718606
344.80 40.109129
344.82 41.264906
344.84 41.580925
344.86 42.303465
344.88 42.655197
344.90 43.860639
344.92 44.801786
344.94 45.196259
344.96 46.023722
344.98 46.361138
345.00 47.238708
345.02 48.092157
345.04 48.523021
345.06 49.334589
345.08 49.812719
345.10 50.598092
345.12 51.468856
345.14 51.859196
345.16 52.751552
345.18 53.204569
345.20 54.114723
345.22 55.074085
345.24 55.455950
345.26 56.340913
345.28 56.705371
345.30 57.288215
345.32 57.715663
345.34 57.931297
345.36 58.201094
345.38 58.403533
345.40 58.614460
345.42 58.787744
345.44 58.801683
345.46 58.891754
345.48 58.934234
345.50 58.960233
345.52 58.958199
345.54 59.069576
345.56 59.158852
345.58 59.143897
345.60 59.157470
345.62 59.228896
345.64 59.175502
345.66 59.104989
345.68 59.116828
345.70 59.113895
345.72 59.087869
345.74 59.080176
345.76 59.222755
345.78 59.259706
345.80 59.228114
345.82 59.286292
345.84 59.328394
345.86 59.314430
345.88 59.250671
345.90 59.358631
345.92 59.347679
345.94 59.373169
345.96 59.408256
345.98 59.422899
346.00 59.351395
346.02 59.363312
346.04 59.406366
346.06 59.435312
346.08 59.380419
346.10 59.498328
346.12 59.492969
346.14 59.512436
346.16 59.509437
346.18 59.579742
346.20 59.564564
346.22 59.555894
346.24 59.604202
346.26 59.674520
346.28 59.666423
346.30 59.706074
346.32 59.717000
346.34 59.691092
346.36 59.556128
346.38 59.505160
346.40 59.518955
346.42 59.474702
346.44 59.404110
346.46 59.544341
346.48 59.528930
346.50 59.440397
346.52 59.491795
346.54 59.530403
346.56 59.488418
346.58 59.530690
346.60 59.687089
346.62 59.608844
346.64 59.542021
346.66 59.624660
346.68 59.734342
346.70 59.712084
346.72 59.654845
346.74 59.795428
346.76 59.766756
346.78 59.721146
346.80 59.788413
346.82 59.814191
346.84 59.755803
346.86 59.736519
346.88 59.817033
346.90 59.747863
346.92 59.662055
346.94 59.645209
346.96 59.584005
346.98 59.506425
347.00 59.460424
347.02 59.518460
347.04 59.523414
347.06 59.496959
347.08 59.501927
347.10 59.545228
347.12 59.556441
347.14 59.519020
347.16 59.572349
347.18 59.511823
347.20 59.486163
347.22 59.448963
347.24 59.525070
347.26 59.499919
347.28 59.479500
347.30 59.486032
347.32 59.543364
347.34 59.512670
347.36 59.582884
347.38 59.582610
347.40 59.597722
347.42 59.573809
347.44 59.665797
347.46 59.665628
347.48 59.679814
347.50 59.705695
347.52 59.797214
347.54 59.720090
347.56 59.680296
347.58 59.681965
347.60 59.735332
347.62 59.629015
347.64 59.623956
347.66 59.604228
347.68 59.506229
347.70 59.311627
347.72 58.923047
347.74 58.235894
347.76 57.792461
347.78 57.375965
347.80 56.396015
347.82 55.516958
347.84 54.521492
347.86 54.088907
347.88 53.613033
347.90 52.582831
347.92 51.565643
347.94 50.645084
347.96 50.164333
347.98 49.689816
348.00 48.834476
348.02 47.898414
348.04 46.906116
348.06 46.481811
348.08 46.040920
348.10 45.056523
348.12 44.026635
348.14 43.112191
348.16 42.656110
348.18 42.149726
348.20 41.194627
348.22 40.225278
348.24 39.234518
348.26 38.720389
348.28 38.264295
348.30 37.212866
348.32 36.203801
348.34 35.712098
348.36 34.771277
348.38 34.228645
348.40 33.316835
348.42 32.402013
348.44 31.835181
348.46 30.742511
348.48 30.307957
348.50 29.265043
348.52 28.209873
348.54 27.783728
348.56 26.833520
348.58 26.354503
348.60 25.363418
348.62 24.407368
348.64 23.861189
348.66 22.944007
348.68 22.515816
348.70 21.742243
348.72 21.134339
348.74 20.958382
348.76 20.612569
348.78 20.542290
348.80 20.444396
348.82 20.429271
348.84 20.421852
348.86 20.413663
348.88 20.410899
348.90 20.406414
348.92 20.401042
348.94 20.398369
348.96 20.394327
348.98 20.392202
349.00 20.387860
349.02 20.383505
349.04 20.381732
349.06 20.379737
349.08 20.378159
349.10 20.374182
349.12 20.370766
349.14 20.368211
349.16 20.367154
349.18 20.365916
349.20 20.363712
349.22 20.361274
349.24 20.359996
349.26 20.359057
349.28 20.357180
349.30 20.356776
349.32 20.355172
349.34 20.352016
349.36 20.351169
349.38 20.349630
349.40 20.348666
349.42 20.346671
349.44 20.345484
349.46 20.345315
349.48 20.344141
349.50 20.343437
349.52 20.341898
349.54 20.340595
349.56 20.339734
349.58 20.338443
349.60 20.337426
349.62 20.335953
349.64 20.334910
349.66 20.334414
349.68 20.333515
349.70 20.333032
349.72 20.331324
349.74 20.330281
349.76 20.329603
349.78 20.329368
349.80 20.328469
349.82 20.328025
349.84 20.327073
349.86 20.326734
349.88 20.325483
349.90 20.325483
349.92 20.330816
349.94 20.336318
349.96 20.340764
349.98 20.347414
350.00 20.349982
350.02 20.351782
350.04 20.352382
350.06 20.351886
350.08 20.350191
350.10 20.349500
350.12 20.347662
350.14 20.346436
350.16 20.345419
350.18 20.343593
350.20 20.342589
350.22 20.339877
350.24 20.338886
350.26 20.336970
350.28 20.336122
350.30 20.335092
350.32 20.332589
350.34 20.331559
350.36 20.330881
350.38 20.328247
350.40 20.326982
350.42 20.325065
350.44 20.324244
350.46 20.323005
350.48 20.321336
350.50 20.320554
350.52 20.318494
350.54 20.317490
350.56 20.316382
350.58 20.313709
350.60 20.312418
350.62 20.310879
350.64 20.309628
350.66 20.308963
350.68 20.307072
350.70 20.306420
350.72 20.304777
350.74 20.304516
350.76 20.303552
350.78 20.301987
350.80 20.301635
350.82 20.299131
350.84 20.297684
350.86 20.297097
350.88 20.294542
350.90 20.293916
350.92 20.287240
350.94 20.279756
350.96 20.273889
350.98 20.265870
351.00 20.265870
351.02 20.255713
351.04 20.254513
351.06 20.253822
351.08 20.253287
351.10 20.252557
351.12 20.251566
351.14 20.251019
351.16 20.251123
351.18 20.250966
351.20 20.250862
351.22 20.250719
351.24 20.250562
351.26 20.250849
351.28 20.250993
351.30 20.250927
351.32 20.250797
351.34 20.250614
351.36 20.250419
351.38 20.249989
351.40 20.250054
351.42 20.250119
351.44 20.249936
351.46 20.249923
351.48 20.250015
351.50 20.250288
351.52 20.250627
351.54 20.250549
351.56 20.251723
351.58 20.251723
351.60 20.251644
351.62 20.251332
351.64 20.251684
351.66 20.251097
351.68 20.251319
351.70 20.250706
351.72 20.250223
351.74 20.249962
351.76 20.249780
351.78 20.249780
351.80 20.249597
351.82 20.249597
351.84 20.249597
351.86 20.250002
351.88 20.249637
351.90 20.249115
351.92 20.248789
351.94 20.248867
351.96 20.248267
351.98 20.248267
352.00 20.248150
352.02 20.248372
352.04 20.248541
352.06 20.248880
352.08 20.248972
352.10 20.249128
352.12 20.249558
352.14 20.249298
352.16 20.248959
352.18 20.248789
352.20 20.248280
352.22 20.247629
352.24 20.247694
352.26 20.247277
352.28 20.247277
352.30 20.246964
352.32 20.246938
352.34 20.247081
352.36 20.247602
352.38 20.247094
352.40 20.246533
352.42 20.246729
352.44 20.246585
352.46 20.246338
352.48 20.246090
352.50 20.245725
352.52 20.245177
352.54 20.245269
352.56 20.244930
352.58 20.244930
352.60 20.244486
352.62 20.244121
352.64 20.244121
352.66 20.243274
352.68 20.243274
352.70 20.242948
352.72 20.242635
352.74 20.242635
352.76 20.242556
352.78 20.242217
352.80 20.242961
352.82 20.243039
352.84 20.242869
352.86 20.243326
352.88 20.243169
352.90 20.242661
352.92 20.241709
352.94 20.241370
352.96 20.240848
352.98 20.240848
353.00 20.240170
353.02 20.239518
353.04 20.239610
353.06 20.239675
353.08 20.239675
353.10 20.239636
353.12 20.238267
353.14 20.237928
353.16 20.237745
353.18 20.237745
353.20 20.236911
353.22 20.236168
353.24 20.235894
353.26 20.235320
353.28 20.235320
353.30 20.235307
353.32 20.235203
353.34 20.234864
353.36 20.234707
353.38 20.234707
353.40 20.234681
353.42 20.234512
353.44 20.234342
353.46 20.233130
353.48 20.233130
353.50 20.232582
353.52 20.232582
353.54 20.232412
353.56 20.232412
353.58 20.232412
353.60 20.232060
353.62 20.232060
353.64 20.231552
353.66 20.230926
353.68 20.231069
353.70 20.230535
353.72 20.230704
353.74 20.230183
353.76 20.230183
353.78 20.230013
353.80 20.230013
353.82 20.230013
353.84 20.229687
353.86 20.229544
353.88 20.229192
353.90 20.229192
353.92 20.229205
353.94 20.229205
353.96 20.229205
353.98 20.229648
354.00 20.229648
354.02 20.304438
354.04 20.303591
354.06 20.303591
354.08 20.637721
354.10 20.637303
354.12 20.879497
354.14 20.879341
354.16 20.971459
354.18 20.972359
354.20 20.974185
354.22 21.030277
354.24 21.130740
354.26 21.130740
354.28 21.180379
354.30 21.204944
354.32 21.204944
354.34 21.851624
354.36 21.851624
354.38 21.946520
354.40 21.946872
354.42 21.993851
354.44 22.117419
354.46 22.184933
354.48 22.183955
354.50 22.244715
354.52 22.244715
354.54 22.406761
354.56 22.461288
354.58 22.744215
354.60 22.744215
354.62 22.848212
354.64 22.915792
354.66 22.915792
354.68 23.005563
354.70 23.130109
354.72 23.130109
354.74 23.307188
354.76 23.307188
354.78 23.393947
354.80 23.871816
354.82 23.871816
354.84 24.073525
354.86 24.073525
354.88 24.118248
354.90 24.234788
354.92 24.234788
354.94 24.405295
354.96 24.405295
354.98 24.477946
355.00 24.593430
355.02 24.593430
355.04 24.729215
355.06 24.729215
355.08 24.557261
355.10 24.644007
355.12 24.644007
355.14 24.521574
355.16 24.521574
355.18 24.414917
355.20 24.525551
355.22 24.525551
355.24 24.596142
355.26 24.596142
355.28 24.617265
355.30 24.963312
355.32 24.963312
355.34 24.538785
355.36 24.538785
355.38 24.542997
355.40 24.783626
355.42 24.783626
355.44 24.731367
355.46 24.731367
355.48 24.730676
355.50 24.834203
355.52 24.834203
355.54 24.833681
355.56 24.833681
355.58 24.832704
355.60 24.708145
355.62 24.708145
355.64 24.708288
355.66 24.708288
355.68 24.680490
355.70 24.750508
355.72 24.750508
355.74 24.750729
355.76 24.750729
355.78 24.425322
355.80 24.425322
355.82 24.425322
355.84 24.398906
355.86 24.398906
355.88 24.435805
355.90 24.435805
355.92 24.435623
355.94 24.436275
355.96 24.436953
355.98 24.482419
356.00 24.482419
356.02 24.483162
356.04 24.483162
356.06 24.482484
356.08 24.556022
356.10 24.556022
356.12 24.556361
356.14 24.556361
356.16 24.588515
356.18 24.637019
356.20 24.637019
356.22 24.716750
356.24 24.716750
356.26 25.277597
356.28 25.899713
356.30 25.899713
356.32 27.069585
356.34 27.069585
356.36 27.917075
356.38 29.094497
356.40 29.094497
356.42 30.318675
356.44 30.318675
356.46 31.094009
356.48 31.969493
356.50 32.296387
356.52 33.498034
356.54 33.498034
356.56 34.402986
356.58 35.137508
356.60 35.526179
356.62 36.697681
356.64 36.697681
356.66 37.590350
356.68 38.381278
356.70 38.711184
356.72 39.932324
356.74 39.932324
356.76 40.691190
356.78 41.381746
356.80 41.796755
356.82 42.984803
356.84 42.984803
356.86 43.873626
356.88 44.923203
356.90 45.293893
356.92 46.514434
356.94 46.514434
356.96 47.440860
356.98 48.231162
357.00 48.643381
357.02 50.014453
357.04 50.014453
357.06 50.803439
357.08 51.709303
357.10 52.155566
357.12 53.370474
357.14 53.370474
357.16 54.266911
357.18 54.992867
357.20 55.273108
357.22 56.213851
357.24 56.213851
357.26 56.468484
357.28 56.669984
357.30 56.810255
357.32 57.016045
357.34 57.016045
357.36 56.973330
357.38 57.125583
357.40 57.186200
357.42 57.244092
357.44 57.244092
357.46 57.370971
357.48 57.461460
357.50 57.523198
357.52 57.599240
357.54 57.599240
357.56 57.619489
357.58 57.634405
357.60 57.691906
357.62 57.806816
357.64 57.806816
357.66 57.842555
357.68 57.966866
357.70 58.086536
357.72 58.116355
357.74 58.116355
357.76 58.181549
357.78 58.280265
357.80 58.322458
357.82 58.472664
357.84 58.472664
357.86 58.524558
357.88 58.527792
357.90 58.510137
357.92 58.535145
357.94 58.535145
357.96 58.557533
357.98 58.547545
358.00 58.558067
358.02 58.527166
358.04 58.553165
358.06 58.553165
358.08 58.528039
358.10 58.520490
358.12 58.487306
358.14 58.487306
358.16 58.599987
358.18 58.610444
358.20 58.790261
358.22 58.790261
358.24 58.850108
358.26 58.907479
358.28 58.996559
358.30 59.124678
358.32 59.124678
358.34 59.101756
358.36 59.109188
358.38 59.275131
358.40 59.245181
358.42 59.245181
358.44 59.282550
358.46 59.287583
358.48 59.180444
358.50 59.231073
358.52 59.231073
358.54 59.237971
358.56 59.199950
358.58 59.297362
358.60 59.265091
358.62 59.240774
358.64 59.260658
358.66 59.324626
358.68 59.238180
358.70 59.177797
358.72 59.228374
358.74 59.200198
358.76 59.183026
358.78 59.206339
358.80 59.313074
358.82 59.293568
358.84 59.295654
358.86 59.455652
358.88 59.504378
358.90 59.448885
358.92 59.458403
358.94 59.470947
358.96 59.462941
358.98 59.441049
359.00 59.565660
359.02 59.603394
359.04 59.622600
359.06 59.721511
359.08 59.890949
359.10 59.822927
359.12 59.821909
359.14 59.812261
359.16 59.809783
359.18 59.772323
359.20 59.791594
359.22 59.782624
359.24 59.790056
359.26 59.830424
359.28 59.980904
359.30 59.961945
359.32 59.972676
359.34 60.002183
359.36 60.008285
359.38 59.955178
359.40 59.960302
359.42 59.979039
359.44 59.981360
359.46 59.992860
359.48 60.090429
359.50 60.013266
359.52 60.002509
359.54 60.054898
359.56 60.092567
359.58 59.998493
359.60 59.921225
359.62 59.924694
359.64 59.770081
359.66 59.657348
359.68 59.354680
359.70 58.710738
359.72 58.314557
359.74 57.883627
359.76 57.414064
359.78 56.527028
359.80 54.849246
359.82 54.436532
359.84 53.967633
359.86 53.430908
359.88 52.375959
359.90 50.966423
359.92 50.385470
359.94 49.878342
359.96 49.411452
359.98 48.446757
360.00 46.934763
360.02 46.413136
360.04 45.955008
360.06 45.394487
360.08 44.382970
360.10 43.009198
360.12 42.494730
360.14 42.000315
360.16 41.559307
360.18 40.600597
360.20 39.218885
360.22 38.787669
360.24 37.736110
360.26 37.736110
360.28 36.781363
360.30 35.336557
360.32 34.871949
360.34 34.296433
360.36 33.856520
360.38 33.063532
360.40 32.687000
360.42 32.286855
360.44 31.918108
360.46 30.068736
360.48 28.226393
360.50 27.700359
360.52 27.295207
360.54 26.792056
360.56 26.319012
360.58 24.393286
360.60 23.945719
360.62 23.395108
360.64 22.885333
360.66 22.502504
360.68 21.102642
360.70 20.787092
360.72 20.711194
360.74 20.577338
360.76 20.520490
360.78 20.426976
360.80 20.418227
360.82 20.418227
360.84 20.411864
360.86 20.409269
360.88 20.399503
360.90 20.397639
360.92 20.397639
360.94 20.392645
360.96 20.391367
360.98 20.384561
361.00 20.381888
361.02 20.381888
361.04 20.378485
361.06 20.377168
361.08 20.371509
361.10 20.369684
361.12 20.369684
361.14 20.367220
361.16 20.366568
361.18 20.362134
361.20 20.360805
361.22 20.360805
361.24 20.358275
361.26 20.357245
361.28 20.352512
361.30 20.351325
361.32 20.351325
361.34 20.349057
361.36 20.348183
361.38 20.344167
361.40 20.343502
361.42 20.343502
361.44 20.341716
361.46 20.340868
361.48 20.337830
361.50 20.336409
361.52 20.336409
361.54 20.334153
361.56 20.334362
361.58 20.344663
361.60 20.344663
361.62 20.344663
361.64 20.352681
361.66 20.355341
361.68 20.356945
361.70 20.356489
361.72 20.356489
361.74 20.353685
361.76 20.352955
361.78 20.349761
361.80 20.348183
361.82 20.348183
361.84 20.346684
361.86 20.346162
361.88 20.342003
361.90 20.341155
361.92 20.339434
361.94 20.339434
361.96 20.338430
361.98 20.334297
362.00 20.334297
362.02 20.334297
362.04 20.332654
362.06 20.331494
362.08 20.327086
362.10 20.326239
362.12 20.325196
362.14 20.324114
362.16 20.323449
362.18 20.321649
362.20 20.321141
362.22 20.321141
362.24 20.319394
362.26 20.318559
362.28 20.315769
362.30 20.313917
362.32 20.313917
362.34 20.312248
362.36 20.311244
362.38 20.308350
362.40 20.307646
362.42 20.307398
362.44 20.306407
362.46 20.305729
362.48 20.303878
362.50 20.303186
362.52 20.303186
362.54 20.301661
362.56 20.299497
362.58 20.292625
362.60 20.292625
362.62 20.282494
362.64 20.277565
362.66 20.264996
362.68 20.262245
362.70 20.262245
362.72 20.261358
362.74 20.261358
362.76 20.261397
362.78 20.261137
362.80 20.261137
362.82 20.260420
362.84 20.260615
362.86 20.260224
362.88 20.259650
362.90 20.259272
362.92 20.258933
362.94 20.258777
362.96 20.258542
362.98 20.258451
363.00 20.258451
363.02 20.257916
363.04 20.258242
363.06 20.258203
363.08 20.257134
363.10 20.257134
363.12 20.257512
363.14 20.257512
363.16 20.257212
363.18 20.257108
363.20 20.257108
363.22 20.256560
363.24 20.256730
363.26 20.255934
363.28 20.255308
363.30 20.255308
363.32 20.254722
363.34 20.254552
363.36 20.254435
363.38 20.254252
363.40 20.254252
363.42 20.254330
363.44 20.254161
363.46 20.253118
363.48 20.252622
363.50 20.252622
363.52 20.251918
363.54 20.251579
363.56 20.250471
363.58 20.249337
363.60 20.249337
363.62 20.249571
363.64 20.249298
363.66 20.248294
363.68 20.247433
363.70 20.247433
363.72 20.246338
363.74 20.245999
363.76 20.244799
363.78 20.244199
363.80 20.244199
363.82 20.243508
363.84 20.242648
363.86 20.241670
363.88 20.241070
363.90 20.241070
363.92 20.240535
363.94 20.240535
363.96 20.239779
363.98 20.239623
364.00 20.239623
364.02 20.238854
364.04 20.238893
364.06 20.238110
364.08 20.238123
364.10 20.238123
364.12 20.237471
364.14 20.237315
364.16 20.236989
364.18 20.236689
364.20 20.236689
364.22 20.236363
364.24 20.235972
364.26 20.236285
364.28 20.236819
364.30 20.236819
364.32 20.236806
364.34 20.236637
364.36 20.236598
364.38 20.235411
364.40 20.235411
364.42 20.235098
364.44 20.235151
364.46 20.234746
364.48 20.234746
364.50 20.234746
364.52 20.234603
364.54 20.234942
364.56 20.234381
364.58 20.235059
364.60 20.235059
364.62 20.234864
364.64 20.234355
364.66 20.233651
364.68 20.233455
364.70 20.233455
364.72 20.233508
364.74 20.233847
364.76 20.233847
364.78 20.233847
364.80 20.233847
364.82 20.233234
364.84 20.233403
364.86 20.233377
364.88 20.233377
364.90 20.233364
364.92 20.233482
364.94 20.233677
364.96 20.234107
364.98 20.234107
365.00 20.233781
365.02 20.233664
365.04 20.233038
365.06 20.233025
365.08 20.233025
365.10 20.233221
365.12 20.232830
365.14 20.232856
365.16 20.232491
365.18 20.232491
365.20 20.231943
365.22 20.232165
365.24 20.231747
365.26 20.231747
365.28 20.231747
365.30 20.231069
365.32 20.230730
365.34 20.230626
365.36 20.230665
365.38 20.231004
365.40 20.231004
365.42 20.230496
365.44 20.229935
365.46 20.229948
365.48 20.229948
365.50 20.229609
365.52 20.229270
365.54 20.229270
365.56 20.229244
365.58 20.229074
365.60 20.229074
365.62 20.228905
365.64 20.308298
365.66 20.307724
365.68 20.307724
365.70 20.586726
365.72 20.586465
365.74 20.898938
365.76 20.898938
365.78 20.898938
365.80 21.023601
365.82 21.023601
365.84 21.095053
365.86 21.335696
365.88 21.335696
365.90 21.391762
365.92 21.418935
365.94 21.978765
365.96 21.978765
365.98 21.978765
366.00 22.036226
366.02 22.036005
366.04 22.084822
366.06 22.270245
366.08 22.270245
366.10 22.270245
366.12 22.270676
366.14 22.340524
366.16 22.437793
366.18 22.437793
366.20 22.483441
366.22 22.483441
366.24 22.606240
366.26 22.672841
366.28 22.672841
366.30 22.742286
366.32 22.764530
366.34 22.809513
366.36 22.902362
366.38 22.902362
366.40 23.003399
366.42 23.242372
366.44 23.383125
366.46 23.521570
366.48 23.521570
366.50 23.647902
366.52 23.752825
366.54 24.110633
366.56 24.212517
366.58 24.212517
366.60 24.284987
366.62 24.648727
366.64 24.648727
366.66 24.724482
366.68 24.724482
366.70 24.716842
366.72 24.716842
366.74 24.731927
366.76 24.888718
366.78 24.888718
366.80 24.760665
366.82 24.817214
366.84 24.925578
366.86 24.886697
366.88 24.886697
366.90 24.988294
366.92 25.053110
366.94 25.191568
366.96 24.831634
366.98 24.831634
367.00 25.677234
367.02 26.551727
367.04 27.147700
367.06 27.147700
367.08 27.828047
367.10 28.236615
367.12 29.327903
367.14 30.063873
367.16 30.063873
367.18 30.861411
367.20 31.339319
367.22 32.241885
367.24 33.682388
367.26 33.682388
367.28 34.482548
367.30 34.946269
367.32 35.876986
367.34 37.100655
367.36 37.100655
367.38 38.065259
367.40 38.227317
367.42 38.563598
367.44 40.144946
367.46 40.144946
367.48 40.945340
367.50 41.275493
367.52 41.498847
367.54 43.246359
367.56 43.246359
367.58 43.950671
367.60 44.500057
367.62 44.841802
367.64 46.534839
367.66 46.534839
367.68 47.562994
367.70 47.953985
367.72 48.428673
367.74 49.999850
367.76 49.999850
367.78 50.898230
367.80 51.281816
367.82 51.733229
367.84 53.422029
367.86 53.422029
367.88 54.332339
367.90 54.733736
367.92 55.203455
367.94 56.903116
367.96 56.903116
367.98 57.352052
368.00 57.695192
368.02 57.804261
368.04 58.338613
368.06 58.338613
368.08 58.543829
368.10 58.620823
368.12 58.714023
368.14 59.056146
368.16 59.056146
368.18 59.155892
368.20 59.168657
368.22 59.194030
368.24 59.126842
368.26 59.126842
368.28 59.223863
368.30 59.224528
368.32 59.225832
368.34 59.306607
368.36 59.306607
368.38 59.276357
368.40 59.298092
368.42 59.423786
368.44 59.720481
368.46 59.720481
368.48 59.750536
368.50 59.750536
368.52 59.787552
368.54 59.676397
368.56 59.676397
368.58 59.751487
368.60 59.751487
368.62 59.703153
368.64 59.765856
368.66 59.765856
368.68 59.717352
368.70 59.717352
368.72 59.772806
368.74 59.731304
368.76 59.731304
368.78 59.825991
368.80 59.825991
368.82 59.695212
368.84 59.795102
368.86 59.795102
368.88 59.694821
368.90 59.694821
368.92 59.720273
368.94 59.681235
368.96 59.681235
368.98 59.781372
369.00 59.781372
369.02 59.694952
369.04 59.704731
369.06 59.620813
369.08 59.620813
369.10 59.625012
369.12 59.710820
369.14 59.707834
369.16 59.707834
369.18 59.731251
369.20 59.731251
369.22 59.728943
369.24 59.808975
369.26 59.827334
369.28 59.827334
369.30 59.844519
369.32 59.869214
369.34 59.869214
369.36 59.825391
369.38 59.825391
369.40 59.855967
369.42 59.957030
369.44 59.957030
369.46 60.076790
369.48 60.076790
369.50 60.037596
369.52 59.951671
369.54 59.951671
369.56 59.988662
369.58 59.988662
369.60 60.050635
369.62 60.215000
369.64 60.215000
369.66 60.132557
369.68 60.132557
369.70 60.150746
369.72 59.982859
369.74 59.982859
369.76 59.981568
369.78 59.981568
369.80 59.929492
369.82 60.116623
369.84 60.116623
369.86 60.151098
369.88 60.131031
369.90 60.181608
369.92 60.137133
369.94 60.137133
369.96 60.149703
369.98 60.166457
370.00 60.169821
370.02 60.288226
370.04 60.288226
370.06 60.292281
370.08 60.284366
370.10 60.393148
370.12 60.405287
370.14 60.405287
370.16 60.444756
370.18 60.458198
370.20 60.353120
370.22 60.367997
370.24 60.376680
370.26 60.298200
370.28 60.266582
370.30 60.282997
370.32 60.176575
370.34 60.080272
370.36 59.850699
370.38 59.576351
370.40 58.819780
370.42 57.315257
370.44 56.853843
370.46 56.393681
370.48 56.005023
370.50 55.047239
370.52 53.604753
370.54 53.133730
370.56 52.585635
370.58 51.969908
370.60 51.019451
370.62 49.697613
370.64 49.177121
370.66 48.691194
370.68 48.273812
370.70 47.296339
370.72 45.779911
370.74 45.315642
370.76 44.870930
370.78 44.327464
370.80 43.422369
370.82 41.843042
370.84 41.302992
370.86 40.823885
370.88 40.333277
370.90 39.262734
370.92 37.803572
370.94 37.349121
370.96 36.824887
370.98 36.311735
371.00 35.430671
371.02 33.944101
371.04 33.340826
371.06 32.884667
371.08 32.398167
371.10 31.282536
371.12 29.819723
371.14 29.332727
371.16 28.761736
371.18 28.262393
371.20 27.402294
371.22 26.041731
371.24 25.565688
371.26 25.200604
371.28 24.238582
371.30 23.698571
371.32 22.252513
371.34 21.849121
371.36 21.536401
371.38 21.220434
371.40 20.587078
371.42 20.465779
371.44 20.445334
371.46 20.433313
371.48 20.426415
371.50 20.417393
371.52 20.414302
371.54 20.411460
371.56 20.408956
371.58 20.405462
371.60 20.399425
371.62 20.397222
371.64 20.394510
371.66 20.392997
371.68 20.390259
371.70 20.384548
371.72 20.382436
371.74 20.380806
371.76 20.378915
371.78 20.376581
371.80 20.372996
371.82 20.371509
371.84 20.369893
371.86 20.368145
371.88 20.366111
371.90 20.362878
371.92 20.361587
371.94 20.360844
371.96 20.360009
371.98 20.358862
372.00 20.357075
372.02 20.356176
372.04 20.355393
372.06 20.354455
372.08 20.353581
372.10 20.351899
372.12 20.350830
372.14 20.349774
372.16 20.349669
372.18 20.349304
372.20 20.346136
372.22 20.345262
372.24 20.344754
372.26 20.344949
372.28 20.348978
372.30 20.359670
372.32 20.361704
372.34 20.364834
372.36 20.367924
372.38 20.369619
372.40 20.367493
372.42 20.366007
372.44 20.364990
372.46 20.364103
372.48 20.362799
372.50 20.358327
372.52 20.357636
372.54 20.356437
372.56 20.355054
372.58 20.353242
372.60 20.350426
372.62 20.349461
372.64 20.348822
372.66 20.347844
372.68 20.345810
372.70 20.343528
372.72 20.343359
372.74 20.342694
372.76 20.341481
372.78 20.339486
372.80 20.336774
372.82 20.336774
372.84 20.336109
372.86 20.335170
372.88 20.333123
372.90 20.329825
372.92 20.329720
372.94 20.328703
372.96 20.327647
372.98 20.325861
373.00 20.323449
373.02 20.322771
373.04 20.321741
373.06 20.320671
373.08 20.318963
373.10 20.316525
373.12 20.316695
373.14 20.315508
373.16 20.315508
373.18 20.313044
373.20 20.310136
373.22 20.309719
373.24 20.308963
373.26 20.307907
373.28 20.302391
373.30 20.289744
373.32 20.287227
373.34 20.282820
373.36 20.277448
373.38 20.270824
373.40 20.266939
373.42 20.265922
373.44 20.265557
373.46 20.265270
373.48 20.264918
373.50 20.264005
373.52 20.264005
373.54 20.279586
373.56 20.300813
373.58 20.363556
373.60 20.428788
373.62 20.445517
373.64 20.445517
373.66 20.448529
373.68 20.477384
373.70 20.510046
373.72 20.509681
373.74 20.520098
373.76 20.520555
373.78 20.520490
373.80 20.520842
373.82 20.520516
373.84 20.520868
373.86 20.520633
373.88 20.520998
373.90 20.520477
373.92 20.520085
373.94 20.519603
373.96 20.519825
373.98 20.518664
374.00 20.519186
374.02 20.519355
374.04 20.519186
374.06 20.518169
374.08 20.519081
374.10 20.518390
374.12 20.519160
374.14 20.519264
374.16 20.519994
374.18 20.518964
374.20 20.518482
374.22 20.517973
374.24 20.517465
374.26 20.517843
374.28 20.517791
374.30 20.517452
374.32 20.517113
374.34 20.517113
374.36 20.517113
374.38 20.515861
374.40 20.516513
374.42 20.515248
374.44 20.515783
374.46 20.515783
374.48 20.515457
374.50 20.515457
374.52 20.515457
374.54 20.514609
374.56 20.477827
374.58 20.424212
374.60 20.367793
374.62 20.335392
374.64 20.304086
374.66 20.274123
374.68 20.263979
374.70 20.254070
374.72 20.253561
374.74 20.252896
374.76 20.252779
374.78 20.251618
374.80 20.250797
374.82 20.250341
374.84 20.250197
374.86 20.250080
374.88 20.250002
374.90 20.249493
374.92 20.249741
374.94 20.248880
374.96 20.248724
374.98 20.247928
375.00 20.247550
375.02 20.247120
375.04 20.246964
375.06 20.247120
375.08 20.246638
375.10 20.246338
375.12 20.245842
375.14 20.245360
375.16 20.245360
375.18 20.245086
375.20 20.245086
375.22 20.244786
375.24 20.244265
375.26 20.243717
375.28 20.242922
375.30 20.242400
375.32 20.242583
375.34 20.242804
375.36 20.242074
375.38 20.241826
375.40 20.241305
375.42 20.241292
375.44 20.240601
375.46 20.240640
375.48 20.240901
375.50 20.240210
375.52 20.240040
375.54 20.239884
375.56 20.239923
375.58 20.239310
375.60 20.239101
375.62 20.239219
375.64 20.239362
375.66 20.238867
375.68 20.238671
375.70 20.238840
375.72 20.239010
375.74 20.239010
375.76 20.238945
375.78 20.238162
375.80 20.238162
375.82 20.238162
375.84 20.237732
375.86 20.237771
375.88 20.237771
375.90 20.238006
375.92 20.237302
375.94 20.237302
375.96 20.237263
375.98 20.237263
376.00 20.237198
376.02 20.237367
376.04 20.237954
376.06 20.237954
376.08 20.238123
376.10 20.237810
376.12 20.237158
376.14 20.237054
376.16 20.237080
376.18 20.237080
376.20 20.237067
376.22 20.237224
376.24 20.237224
376.26 20.237224
376.28 20.237328
376.30 20.237224
376.32 20.237106
376.34 20.237224
376.36 20.236741
376.38 20.236806
376.40 20.237080
376.42 20.237211
376.44 20.241644
376.46 20.241187
376.48 20.447890
376.50 20.719995
376.52 20.744247
376.54 20.744234
376.56 20.926619
376.58 20.926737
376.60 21.024423
376.62 21.024423
376.64 21.048896
376.66 21.702892
376.68 21.729869
376.70 21.786053
376.72 21.785831
376.74 21.789834
376.76 22.008650
376.78 22.008650
376.80 22.067089
376.82 22.067089
376.84 22.066920
376.86 22.162037
376.88 22.228743
376.90 22.286752
376.92 22.287261
376.94 22.503782
376.96 22.640062
376.98 22.685098
377.00 22.803633
377.02 22.803633
377.04 22.960567
377.06 23.143904
377.08 23.143904
377.10 23.202252
377.12 23.257393
377.14 23.403087
377.16 23.403087
377.18 23.403583
377.20 23.446545
377.22 23.446545
377.24 23.491125
377.26 23.661462
377.28 23.661136
377.30 23.718129
377.32 23.717738
377.34 23.773960
377.36 23.874554
377.38 23.930594
377.40 23.930594
377.42 23.988082
377.44 24.054814
377.46 24.165343
377.48 24.113514
377.50 23.979177
377.52 23.953595
377.54 23.999595
377.56 24.200587
377.58 24.143608
377.60 24.143608
377.62 24.409989
377.64 24.661362
377.66 25.010160
377.68 25.641247
377.70 25.641247
377.72 26.528414
377.74 26.921322
377.76 27.937090
377.78 28.780160
377.80 28.780160
377.82 29.602368
377.84 30.092128
377.86 31.293253
377.88 32.114940
377.90 32.999251
377.92 32.999251
377.94 33.281044
377.96 34.691689
377.98 35.622666
378.00 35.980956
378.02 36.468682
378.04 37.188236
378.06 37.900554
378.08 37.900554
378.10 38.571709
378.12 39.127744
378.14 40.620624
378.16 41.479536
378.18 41.479536
378.20 42.449916
378.22 42.900012
378.24 44.347205
378.26 45.301625
378.28 45.301625
378.30 46.108760
378.32 46.656112
378.34 48.030562
378.36 48.887088
378.38 48.887088
378.40 49.897040
378.42 50.327043
378.44 51.665702
378.46 52.635664
378.48 52.635664
378.50 53.641183
378.52 54.092688
378.54 55.435753
378.56 56.247048
378.58 56.247048
378.60 56.755987
378.62 57.015549
378.64 57.667315
378.66 57.912912
378.68 57.912912
378.70 58.078634
378.72 58.155315
378.74 58.379763
378.76 58.417093
378.78 58.417093
378.80 58.531794
378.82 58.589399
378.84 58.723646
378.86 58.723607
378.88 58.723607
378.90 58.761941
378.92 58.761941
378.94 58.882314
378.96 59.076799
378.98 59.076799
379.00 59.035793
379.02 58.980143
379.04 58.997146
379.06 58.980496
379.08 58.980496
379.10 59.105146
379.12 59.105146
379.14 59.259706
379.16 59.326321
379.18 59.326321
379.20 59.244373
379.22 59.244373
379.24 59.335813
379.26 59.412403
379.28 59.398856
379.30 59.487975
379.32 59.413668
379.34 59.297219
379.36 59.302852
379.38 59.363429
379.40 59.293007
379.42 59.293007
379.44 59.426850
379.46 59.461402
379.48 59.398347
379.50 59.424242
379.52 59.424242
379.54 59.300531
379.56 59.282042
379.58 59.333545
379.60 59.501561
379.62 59.501561
379.64 59.765139
379.66 59.907509
379.68 59.906739
379.70 59.875890
379.72 59.875890
379.74 59.884913
379.76 59.778073
379.78 59.822835
379.80 59.913650
379.82 59.913650
379.84 59.867858
379.86 59.923807
379.88 59.927484
379.90 59.833344
379.92 59.833344
379.94 59.870531
379.96 59.831467
379.98 59.776026
380.00 59.847218
380.02 59.847218
380.04 59.855445
380.06 59.833084
380.08 59.850686
380.10 59.861782
380.12 59.884287
380.14 59.931917
380.16 59.905057
380.18 59.884313
380.20 59.954383
380.22 59.853933
380.24 59.834661
380.26 59.834661
380.28 59.793994
380.30 59.836604
380.32 59.833318
380.34 59.904979
380.36 59.904979
380.38 59.837491
380.40 59.837491
380.42 59.852133
380.44 59.794737
380.46 59.794737
380.48 59.876985
380.50 59.876985
380.52 59.778360
380.54 59.850803
380.56 59.850803
380.58 59.735228
380.60 59.735228
380.62 59.792872
380.64 59.789926
380.66 59.789926
380.68 59.866241
380.70 59.866241
380.72 59.791542
380.74 59.826160
380.76 59.826160
380.78 59.842850
380.80 59.842850
380.82 59.840959
380.84 59.982729
380.86 59.982729
380.88 60.075786
380.90 60.075786
380.92 60.078094
380.94 59.950797
380.96 59.950797
380.98 59.948515
381.00 59.948515
381.02 59.563469
381.04 58.906683
381.06 58.906683
381.08 57.637587
381.10 57.637587
381.12 56.785233
381.14 55.388879
381.16 55.388879
381.18 53.909963
381.20 53.909963
381.22 52.922972
381.24 51.485063
381.26 51.485063
381.28 49.966953
381.30 49.966953
381.32 48.946375
381.34 47.964781
381.36 47.379487
381.38 45.884103
381.40 45.884103
381.42 44.936124
381.44 44.001183
381.46 43.548206
381.48 42.064831
381.50 42.064831
381.52 41.148236
381.54 40.193346
381.56 39.648536
381.58 38.184485
381.60 38.184485
381.62 37.219986
381.64 36.134422
381.66 35.564161
381.68 34.166150
381.70 34.166150
381.72 33.292088
381.74 32.391752
381.76 31.951969
381.78 30.343514
381.80 30.343514
381.82 29.331475
381.84 28.263944
381.86 27.744104
381.88 26.334554
381.90 26.334554
381.92 25.380355
381.94 24.506866
381.96 24.024943
381.98 22.536483
382.00 22.536483
382.02 21.784749
382.04 21.091728
382.06 20.921247
382.08 20.505899
382.10 20.505899
382.12 20.463954
382.14 20.429414
382.16 20.425020
382.18 20.415763
382.20 20.415763
382.22 20.410977
382.24 20.406075
382.26 20.403884
382.28 20.396413
382.30 20.396413
382.32 20.391224
382.34 20.391224
382.36 20.388095
382.38 20.383101
382.40 20.383101
382.42 20.379971
382.44 20.378694
382.46 20.377338
382.48 20.376177
382.50 20.374078
382.52 20.372500
382.54 20.370362
382.56 20.366020
382.58 20.366020
382.60 20.365159
382.62 20.362917
382.64 20.362395
382.66 20.359488
382.68 20.359488
382.70 20.357623
382.72 20.356997
382.74 20.356306
382.76 20.354024
382.78 20.354024
382.80 20.353190
382.82 20.350295
382.84 20.349526
382.86 20.347323
382.88 20.347323
382.90 20.346279
382.92 20.344963
382.94 20.344741
382.96 20.342955
382.98 20.342955
383.00 20.341938
383.02 20.341924
383.04 20.340855
383.06 20.338430
383.08 20.338430
383.10 20.341025
383.12 20.345106
383.14 20.348470
383.16 20.360074
383.18 20.363360
383.20 20.365212
383.22 20.366529
383.24 20.366255
383.26 20.363647
383.28 20.363647
383.30 20.362369
383.32 20.360179
383.34 20.359318
383.36 20.356593
383.38 20.356593
383.40 20.353738
383.42 20.352734
383.44 20.351873
383.46 20.349187
383.48 20.349187
383.50 20.347088
383.52 20.344689
383.54 20.343346
383.56 20.340986
383.58 20.340986
383.60 20.338808
383.62 20.336631
383.64 20.335783
383.66 20.333580
383.68 20.333580
383.70 20.332106
383.72 20.330385
383.74 20.329486
383.76 20.326774
383.78 20.326774
383.80 20.324374
383.82 20.322275
383.84 20.321675
383.86 20.319876
383.88 20.319876
383.90 20.317907
383.92 20.316160
383.94 20.314987
383.96 20.313213
383.98 20.313213
384.00 20.311636
384.02 20.310071
384.04 20.309067
384.06 20.307372
384.08 20.307372
384.10 20.302365
384.12 20.297306
384.14 20.292990
384.16 20.279469
384.18 20.279469
384.20 20.272207
384.22 20.266417
384.24 20.265348
384.26 20.265009
384.28 20.265009
384.30 20.264840
384.32 20.263731
384.34 20.263236
384.36 20.262623
384.38 20.262623
384.40 20.261893
384.42 20.261593
384.44 20.261019
384.46 20.260889
384.48 20.260889
384.50 20.260680
384.52 20.260693
384.54 20.260693
384.56 20.260211
384.58 20.260211
384.60 20.259755
384.62 20.259011
384.64 20.258842
384.66 20.258046
384.68 20.257799
384.70 20.257408
384.72 20.257395
384.74 20.257564
384.76 20.257564
384.78 20.257160
384.80 20.257251
384.82 20.257082
384.84 20.256482
384.86 20.256482
384.88 20.256612
384.90 20.256443
384.92 20.256025
384.94 20.255282
384.96 20.255282
384.98 20.255074
385.00 20.256065
385.02 20.256312
385.04 20.255817
385.06 20.255817
385.08 20.255856
385.10 20.256025
385.12 20.256104
385.14 20.255308
385.16 20.255308
385.18 20.254969
385.20 20.254761
385.22 20.254343
385.24 20.254083
385.26 20.253913
385.28 20.253913
385.30 20.254552
385.32 20.254800
385.34 20.253900
385.36 20.253900
385.38 20.253926
385.40 20.253353
385.42 20.253105
385.44 20.252831
385.46 20.252661
385.48 20.252661
385.50 20.253287
385.52 20.253287
385.54 20.252779
385.56 20.252831
385.58 20.252635
385.60 20.252714
385.62 20.252570
385.64 20.252153
385.66 20.251801
385.68 20.252101
385.70 20.251149
385.72 20.250810
385.74 20.250223
385.76 20.250223
385.78 20.249584
385.80 20.249689
385.82 20.249271
385.84 20.248998
385.86 20.248828
385.88 20.248280
385.90 20.247342
385.92 20.247407
385.94 20.247224
385.96 20.246885
385.98 20.246494
386.00 20.245581
386.02 20.245764
386.04 20.245621
386.06 20.244943
386.08 20.244969
386.10 20.244773
386.12 20.244421
386.14 20.243834
386.16 20.243665
386.18 20.243169
386.20 20.242348
386.22 20.242178
386.24 20.241774
386.26 20.241214
386.28 20.240509
386.30 20.240653
386.32 20.240653
386.34 20.239844
386.36 20.239492
386.38 20.239140
386.40 20.238893
386.42 20.238723
386.44 20.238658
386.46 20.238554
386.48 20.237654
386.50 20.237028
386.52 20.236963
386.54 20.236859
386.56 20.236402
386.58 20.236246
386.60 20.236363
386.62 20.236181
386.64 20.236298
386.66 20.236207
386.68 20.235724
386.70 20.235229
386.72 20.235124
386.74 20.235124
386.76 20.235007
386.78 20.235007
386.80 20.235007
386.82 20.234759
386.84 20.234759
386.86 20.234759
386.88 20.234877
386.90 20.234877
386.92 20.234772
386.94 20.234772
386.96 20.234772
386.98 20.233729
387.00 20.233221
387.02 20.233221
387.04 20.233221
387.06 20.233403
387.08 20.233455
387.10 20.233482
387.12 20.233247
387.14 20.233260
387.16 20.233260
387.18 20.232895
387.20 20.313265
387.22 20.313683
387.24 20.313252
387.26 20.313252
387.28 20.723633
387.30 21.052443
387.32 21.052443
387.34 21.052886
387.36 21.085235
387.38 21.473228
387.40 21.473228
387.42 21.530246
387.44 21.530285
387.46 21.532698
387.48 21.611543
387.50 21.658286
387.52 21.718812
387.54 21.718799
387.56 21.718916
387.58 21.791998
387.60 21.847739
387.62 21.923077
387.64 21.923077
387.66 22.127823
387.68 22.502569
387.70 22.571857
387.72 22.700614
387.74 22.715243
387.76 22.876128
387.78 23.005029
387.80 23.047926
387.82 23.093614
387.84 23.092544
387.86 23.225539
387.88 23.319548
387.90 23.407534
387.92 23.518141
387.94 23.518037
387.96 23.865297
387.98 23.988160
388.00 24.035882
388.02 24.217720
388.04 24.217720
388.06 24.290137
388.08 24.393090
388.10 24.393090
388.12 24.435427
388.14 24.501507
388.16 24.838558
388.18 24.838558
388.20 24.838558
388.22 24.838558
388.24 24.838558
388.26 24.413001
388.28 24.413001
388.30 24.413001
388.32 24.413261
388.34 24.454268
388.36 24.197953
388.38 24.197953
388.40 24.162631
388.42 24.162631
388.44 24.162970
388.46 24.331704
388.48 24.331704
388.50 24.331861
388.52 24.331535
388.54 24.331535
388.56 24.468663
388.58 24.543270
388.60 24.571603
388.62 24.951238
388.64 25.272591
388.66 25.607698
388.68 25.723091
388.70 26.013059
388.72 26.628369
388.74 27.092234
388.76 27.687698
388.78 28.510637
388.80 28.916336
388.82 29.475670
388.84 30.595057
388.86 31.456628
388.88 32.151579
388.90 32.548985
388.92 32.913952
388.94 33.877200
388.96 34.399778
388.98 35.383718
389.00 36.189393
389.02 36.561779
389.04 37.061435
389.06 37.994824
389.08 38.776886
389.10 39.204386
389.12 40.059634
389.14 40.975434
389.16 41.789310
389.18 42.526688
389.20 43.244286
389.22 43.640142
389.24 44.473354
389.26 45.258545
389.28 45.675406
389.30 46.081405
389.32 47.227208
389.34 47.651057
389.36 48.738994
389.38 49.098654
389.40 49.633580
389.42 50.515466
389.44 50.846127
389.46 52.037083
389.48 52.469408
389.50 52.787187
389.52 53.709545
389.54 54.096586
389.56 55.455911
389.58 55.831804
389.60 56.235130
389.62 56.603878
389.64 56.978858
389.66 57.860575
389.68 58.086796
389.70 58.265440
389.72 58.468844
389.74 58.581576
389.76 58.671256
389.78 58.729761
389.80 58.725367
389.82 58.757351
389.84 58.773780
389.86 58.847175
389.88 58.817551
389.90 58.765487
389.92 58.750336
389.94 58.734559
389.96 58.814056
389.98 58.802178
390.00 58.785893
390.02 58.877268
390.04 58.916097
390.06 58.950337
390.08 58.997420
390.10 59.028113
390.12 59.062535
390.14 59.046889
390.16 58.983064
390.18 59.008516
390.20 58.977653
390.22 58.974328
390.24 59.029743
390.26 59.132918
390.28 59.118914
390.30 59.081598
390.32 59.039105
390.34 59.010902
390.36 58.993547
390.38 58.993547
390.40 59.151250
390.42 59.218908
390.44 59.316151
390.46 59.502200
390.48 59.502200
390.50 59.476879
390.52 59.437385
390.54 59.536297
390.56 59.456891
390.58 59.456891
390.60 59.422143
390.62 59.494208
390.64 59.372126
390.66 59.356206
390.68 59.356206
390.70 59.459955
390.72 59.379271
390.74 59.352555
390.76 59.536284
390.78 59.536284
390.80 59.472146
390.82 59.518694
390.84 59.557211
390.86 59.400551
390.88 59.400551
390.90 59.528056
390.92 59.480973
390.94 59.403902
390.96 59.423342
390.98 59.423342
391.00 59.453057
391.02 59.446642
391.04 59.529882
391.06 59.524940
391.08 59.524940
391.10 59.421047
391.12 59.359413
391.14 59.285719
391.16 59.222364
391.18 59.222364
391.20 59.252327
391.22 59.260645
391.24 59.329059
391.26 59.309527
391.28 59.309527
391.30 59.333297
391.32 59.380654
391.34 59.382244
391.36 59.409626
391.38 59.424920
391.40 59.424920
391.42 59.390107
391.44 59.425181
391.46 59.425181
391.48 59.409352
391.50 59.353781
391.52 59.485824
391.54 59.722502
391.56 59.722502
391.58 59.794241
391.60 59.896647
391.62 59.905501
391.64 59.860817
391.66 59.860817
391.68 59.858861
391.70 59.805689
391.72 59.785049
391.74 59.842315
391.76 59.842315
391.78 59.789873
391.80 59.844493
391.82 59.806028
391.84 59.750523
391.86 59.750523
391.88 59.818871
391.90 59.832054
391.92 59.904640
391.94 60.020333
391.96 60.020333
391.98 59.976157
392.00 59.937432
392.02 59.822601
392.04 59.551109
392.06 59.551109
392.08 59.134170
392.10 58.822949
392.12 57.998185
392.14 56.749064
392.16 56.749064
392.18 55.870151
392.20 55.411488
392.22 54.501217
392.24 53.102932
392.26 53.102932
392.28 52.133152
392.30 51.590429
392.32 50.616620
392.34 49.065614
392.36 49.065614
392.38 48.061333
392.40 47.566605
392.42 46.572990
392.44 45.084661
392.46 45.084661
392.48 44.019255
392.50 43.535910
392.52 42.613265
392.54 41.155902
392.56 41.155902
392.58 40.248056
392.60 39.754241
392.62 38.738708
392.64 37.326903
392.66 37.326903
392.68 36.315569
392.70 35.830372
392.72 34.801735
392.74 33.258630
392.76 33.258630
392.78 32.260608
392.80 31.734079
392.82 30.907138
392.84 29.500301
392.86 29.500301
392.88 28.503348
392.90 28.002401
392.92 27.022477
392.94 25.543052
392.96 25.543052
392.98 24.680685
393.00 24.275833
393.02 23.346173
393.04 21.824126
393.06 21.824126
393.08 21.178984
393.10 20.929370
393.12 20.643875
393.14 20.458530
393.16 20.458530
393.18 20.435738
393.20 20.429532
393.22 20.422817
393.24 20.414733
393.26 20.414733
393.28 20.409869
393.30 20.407248
393.32 20.403702
393.34 20.397991
393.36 20.397991
393.38 20.393832
393.40 20.392110
393.42 20.389007
393.44 20.383257
393.46 20.383257
393.48 20.379906
393.50 20.378094
393.52 20.375877
393.54 20.372226
393.56 20.371679
393.58 20.371679
393.60 20.369879
393.62 20.369423
393.64 20.369423
393.66 20.366489
393.68 20.364560
393.70 20.362304
393.72 20.359175
393.74 20.359175
393.76 20.357349
393.78 20.356489
393.80 20.354390
393.82 20.352994
393.84 20.352994
393.86 20.352095
393.88 20.351156
393.90 20.349357
393.92 20.347844
393.94 20.347844
393.96 20.346123
393.98 20.345601
394.00 20.344689
394.02 20.341911
394.04 20.341911
394.06 20.340868
394.08 20.340582
394.10 20.339004
394.12 20.337426
394.14 20.337426
394.16 20.336513
394.18 20.336005
394.20 20.335131
394.22 20.334166
394.24 20.334166
394.26 20.333306
394.28 20.332693
394.30 20.334636
394.32 20.343646
394.34 20.343646
394.36 20.352382
394.38 20.356202
394.40 20.359344
394.42 20.359631
394.44 20.359631
394.46 20.357701
394.48 20.357141
394.50 20.355993
394.52 20.352121
394.54 20.352121
394.56 20.350204
394.58 20.348965
394.60 20.347375
394.62 20.345158
394.64 20.345158
394.66 20.343463
394.68 20.342811
394.70 20.342042
394.72 20.339239
394.74 20.339239
394.76 20.337361
394.78 20.335835
394.80 20.334792
394.82 20.331428
394.84 20.331428
394.86 20.329081
394.88 20.328012
394.90 20.327504
394.92 20.325118
394.94 20.325118
394.96 20.322901
394.98 20.321662
395.00 20.320411
395.02 20.316838
395.04 20.316838
395.06 20.315678
395.08 20.314087
395.10 20.313005
395.12 20.311049
395.14 20.311049
395.16 20.309419
395.18 20.308741
395.20 20.307907
395.22 20.304868
395.24 20.304868
395.26 20.302965
395.28 20.302091
395.30 20.299979
395.32 20.289522
395.34 20.289522
395.36 20.278908
395.38 20.273641
395.40 20.270029
395.42 20.261006
395.44 20.261006
395.46 20.260902
395.48 20.260224
395.50 20.260054
395.52 20.258581
395.54 20.258581
395.56 20.258281
395.58 20.257955
395.60 20.257786
395.62 20.257082
395.64 20.256912
395.66 20.256573
395.68 20.256351
395.70 20.255647
395.72 20.256560
395.74 20.256560
395.76 20.256052
395.78 20.255869
395.80 20.255465
395.82 20.255465
395.84 20.255426
395.86 20.255595
395.88 20.255295
395.90 20.255243
395.92 20.255243
395.94 20.255387
395.96 20.255882
395.98 20.255882
396.00 20.255321
396.02 20.255321
396.04 20.255035
396.06 20.254878
396.08 20.255230
396.10 20.254526
396.12 20.254526
396.14 20.254748
396.16 20.254917
396.18 20.255100
396.20 20.255269
396.22 20.255269
396.24 20.254982
396.26 20.254813
396.28 20.254630
396.30 20.253118
396.32 20.253118
396.34 20.252362
396.36 20.252375
396.38 20.252362
396.40 20.251970
396.42 20.251970
396.44 20.251801
396.46 20.252453
396.48 20.252140
396.50 20.252570
396.52 20.252570
396.54 20.252244
396.56 20.252414
396.58 20.252388
396.60 20.251749
396.62 20.251749
396.64 20.251501
396.66 20.251566
396.68 20.251397
396.70 20.250275
396.72 20.250275
396.74 20.250745
396.76 20.250601
396.78 20.250627
396.80 20.249584
396.82 20.249584
396.84 20.248424
396.86 20.248228
396.88 20.248176
396.90 20.246977
396.92 20.246977
396.94 20.246612
396.96 20.246129
396.98 20.246129
397.00 20.246651
397.02 20.246651
397.04 20.246116
397.06 20.245947
397.08 20.245581
397.10 20.244591
397.12 20.244591
397.14 20.243730
397.16 20.243547
397.18 20.243365
397.20 20.242778
397.22 20.242778
397.24 20.242322
397.26 20.242152
397.28 20.242191
397.30 20.242178
397.32 20.242178
397.34 20.241566
397.36 20.241383
397.38 20.241553
397.40 20.240496
397.42 20.240496
397.44 20.240001
397.46 20.239505
397.48 20.239349
397.50 20.239101
397.52 20.239101
397.54 20.238580
397.56 20.238058
397.58 20.238228
397.60 20.236937
397.62 20.236937
397.64 20.236819
397.66 20.236819
397.68 20.236846
397.70 20.236507
397.72 20.236507
397.74 20.235203
397.76 20.235059
397.78 20.235372
397.80 20.234512
397.82 20.234681
397.84 20.234681
397.86 20.234277
397.88 20.234277
397.90 20.234994
397.92 20.235190
397.94 20.235190
397.96 20.235763
397.98 20.235763
398.00 20.235151
398.02 20.234981
398.04 20.234981
398.06 20.234642
398.08 20.234642
398.10 20.234942
398.12 20.235072
398.14 20.234707
398.16 20.234394
398.18 20.234394
398.20 20.233899
398.22 20.233899
398.24 20.233429
398.26 20.233429
398.28 20.234029
398.30 20.234029
398.32 20.234746
398.34 20.234577
398.36 20.233703
398.38 20.234133
398.40 20.234133
398.42 20.340660
398.44 20.642076
398.46 20.641450
398.48 20.671739
398.50 20.671739
398.52 21.120283
398.54 21.127924
398.56 21.127376
398.58 21.289786
398.60 21.345566
398.62 21.394696
398.64 21.394657
398.66 21.394005
398.68 21.947589
398.70 21.947589
398.72 22.092801
398.74 22.093167
398.76 22.092997
398.78 22.211167
398.80 22.211167
398.82 22.324877
398.84 22.324017
398.86 22.334018
398.88 22.455030
398.90 22.455030
398.92 22.572730
398.94 22.582966
398.96 22.880887
398.98 22.980907
399.00 22.980907
399.02 23.064303
399.04 23.086025
399.06 23.200674
399.08 23.312416
399.10 23.312416
399.12 23.383529
399.14 23.527620
399.16 23.527620
399.18 23.650327
399.20 23.650327
399.22 23.707124
399.24 24.103748
399.26 24.170859
399.28 24.367391
399.30 24.367391
399.32 24.496188
399.34 24.572255
399.36 24.648258
399.38 25.131186
399.40 25.131186
399.42 25.008205
399.44 25.063006
399.46 25.132294
399.48 25.268366
399.50 25.268366
399.52 24.962765
399.54 24.890413
399.56 24.947053
399.58 25.045665
399.60 25.045665
399.62 25.035130
399.64 25.094638
399.66 25.136753
399.68 24.678417
399.70 24.678417
399.72 24.657594
399.74 24.699591
399.76 24.770731
399.78 24.823094
399.80 24.823094
399.82 24.823407
399.84 24.895459
399.86 24.940469
399.88 24.998021
399.90 24.998021
399.92 24.997369
399.94 25.039159
399.96 24.835259
399.98 24.893321
400.00 24.893321
400.02 24.893490
400.04 24.907194
400.06 24.861519
400.08 24.934197
400.10 24.934197
400.12 24.934510
400.14 24.973456
400.16 24.972700
400.18 24.995140
400.20 24.696319
400.22 24.696319
400.24 24.696319
400.26 24.696606
400.28 24.699435
400.30 24.699435
400.32 24.691442
400.34 24.678364
400.36 24.648519
400.38 24.376205
400.40 24.356439
400.42 24.356439
400.44 24.355174
400.46 24.318196
400.48 24.318196
400.50 24.318001
400.52 24.261100
400.54 24.266928
400.56 24.606013
400.58 24.606013
400.60 24.775868
400.62 25.277076
400.64 25.565440
400.66 26.907410
400.68 26.907410
400.70 27.197743
400.72 27.928341
400.74 28.342385
400.76 30.320527
400.78 30.320527
400.80 30.717242
400.82 31.491207
400.84 31.827136
400.86 33.401847
400.88 33.401847
400.90 33.740984
400.92 34.628738
400.94 35.119254
400.96 36.984872
400.98 36.984872
401.00 37.511401
401.02 38.360494
401.04 38.761383
401.06 40.299311
401.08 40.299311
401.10 40.626309
401.12 41.342917
401.14 41.704193
401.16 43.470338
401.18 43.470338
401.20 43.985263
401.22 44.929670
401.24 45.316476
401.26 46.672006
401.28 47.182263
401.30 47.572186
401.32 48.352800
401.34 48.914286
401.36 50.163773
401.38 50.624926
401.40 50.624926
401.42 52.039965
401.44 52.448715
401.46 53.847521
401.48 54.372511
401.50 54.372511
401.52 55.612962
401.54 56.031961
401.56 57.101930
401.58 57.283951
401.60 57.283951
401.62 57.986672
401.64 58.027692
401.66 58.380741
401.68 58.408174
401.70 58.408174
401.72 58.603286
401.74 58.707843
401.76 58.740531
401.78 58.801956
401.80 58.801956
401.82 58.976284
401.84 58.960794
401.86 58.889081
401.88 58.920856
401.90 58.920856
401.92 58.810536
401.94 58.782125
401.96 59.013131
401.98 58.985881
402.00 58.985881
402.02 58.931144
402.04 59.005021
402.06 59.122826
402.08 59.101325
402.10 59.101325
402.12 59.324405
402.14 59.304077
402.16 59.257320
402.18 59.364903
402.20 59.364903
402.22 59.265326
402.24 59.304912
402.26 59.262210
402.28 59.203783
402.30 59.203783
402.32 59.399560
402.34 59.305863
402.36 59.264531
402.38 59.256108
402.40 59.256108
402.42 59.100191
402.44 59.100191
402.46 59.181096
402.48 59.193131
402.50 59.224776
402.52 59.294741
402.54 59.294741
402.56 59.335761
402.58 59.304690
402.60 59.304690
402.62 59.288574
402.64 59.293164
402.66 59.334483
402.68 59.334483
402.70 59.262966
402.72 59.262966
402.74 59.390811
402.76 59.414815
402.78 59.414815
402.80 59.496750
402.82 59.496750
402.84 59.399390
402.86 59.380562
402.88 59.380562
402.90 59.362647
402.92 59.362647
402.94 59.510610
402.96 59.566116
402.98 59.566116
403.00 59.687533
403.02 59.687533
403.04 59.487532
403.06 59.484598
403.08 59.484598
403.10 59.506946
403.12 59.506946
403.14 59.630684
403.16 59.756038
403.18 59.756038
403.20 59.680857
403.22 59.680857
403.24 59.753104
403.26 59.694195
403.28 59.647582
403.30 59.725241
403.32 59.725241
403.34 59.732425
403.36 59.805676
403.38 59.862682
403.40 59.783876
403.42 59.812130
403.44 59.841037
403.46 59.822418
403.48 59.811413
403.50 59.953744
403.52 59.933208
403.54 59.817189
403.56 59.838821
403.58 59.858027
403.60 59.806133
403.62 59.794541
403.64 59.833801
403.66 59.856958
403.68 59.833631
403.70 59.881940
403.72 59.907769
403.74 59.749662
403.76 59.723950
403.78 59.762101
403.80 59.721342
403.82 59.715409
403.84 59.871065
403.86 59.868627
403.88 59.836630
403.90 59.840268
403.92 59.836826
403.94 59.519542
403.96 59.405388
403.98 59.210172
404.00 58.619558
404.02 58.121466
404.04 56.728841
404.06 56.273008
404.08 55.776885
404.10 54.741337
404.12 54.278528
404.14 52.899828
404.16 52.416666
404.18 51.882848
404.20 50.933135
404.22 50.451394
404.24 48.915121
404.26 48.439951
404.28 48.012216
404.30 47.018758
404.32 46.538047
404.34 45.105627
404.36 44.617041
404.38 43.956382
404.40 42.999354
404.42 42.505044
404.44 41.063367
404.46 40.563071
404.48 40.116013
404.50 39.122451
404.52 38.633747
404.54 37.247432
404.56 36.807310
404.58 36.336261
404.60 35.379142
404.62 34.938198
404.64 33.450756
404.66 32.886036
404.68 31.978698
404.70 31.402635
404.72 30.905039
404.74 29.468147
404.76 28.993682
404.78 28.993682
404.80 28.022585
404.82 27.327361
404.84 27.327361
404.86 26.470678
404.88 25.680220
404.90 24.813589
404.92 22.890353
404.94 22.075512
404.96 21.740587
404.98 21.102068
405.00 20.929071
405.02 20.577078
405.04 20.461815
405.06 20.442818
405.08 20.430549
405.10 20.426494
405.12 20.417471
405.14 20.414563
405.16 20.411799
405.18 20.407561
405.20 20.405423
405.22 20.398734
405.24 20.397026
405.26 20.397026
405.28 20.390728
405.30 20.389203
405.32 20.384209
405.34 20.382618
405.36 20.382618
405.38 20.378289
405.40 20.376712
405.42 20.372983
405.44 20.372122
405.46 20.372122
405.48 20.368328
405.50 20.367480
405.52 20.364547
405.54 20.363165
405.56 20.363165
405.58 20.359488
405.60 20.358223
405.62 20.355641
405.64 20.355002
405.66 20.355002
405.68 20.351808
405.70 20.350804
405.72 20.349135
405.74 20.348626
405.76 20.348626
405.78 20.346175
405.80 20.345458
405.82 20.342616
405.84 20.341938
405.86 20.341938
405.88 20.338991
405.90 20.337935
405.92 20.334427
405.94 20.334232
405.96 20.334232
405.98 20.332576
406.00 20.332615
406.02 20.331102
406.04 20.330685
406.06 20.330685
406.08 20.329446
406.10 20.328768
406.12 20.328286
406.14 20.328534
406.16 20.328534
406.18 20.335314
406.20 20.343124
406.22 20.353829
406.24 20.355863
406.26 20.355863
406.28 20.353386
406.30 20.352355
406.32 20.350126
406.34 20.349448
406.36 20.349448
406.38 20.346957
406.40 20.346110
406.42 20.342955
406.44 20.342277
406.46 20.342277
406.48 20.339317
406.50 20.338313
406.52 20.336201
406.54 20.335509
406.56 20.335509
406.58 20.333136
406.60 20.332432
406.62 20.329720
406.64 20.328612
406.66 20.328612
406.68 20.326943
406.70 20.326082
406.72 20.323136
406.74 20.322523
406.76 20.322523
406.78 20.320398
406.80 20.319302
406.82 20.317725
406.84 20.316851
406.86 20.316851
406.88 20.314778
406.90 20.313996
406.92 20.313344
406.94 20.311127
406.96 20.311127
406.98 20.309536
407.00 20.308845
407.02 20.308298
407.04 20.307594
407.06 20.306316
407.08 20.304777
407.10 20.303095
407.12 20.302587
407.14 20.302587
407.16 20.293108
407.18 20.287892
407.20 20.272467
407.22 20.268660
407.24 20.268660
407.26 20.263914
407.28 20.263731
407.30 20.262727
407.32 20.262740
407.34 20.262740
407.36 20.262102
407.38 20.262180
407.40 20.262219
407.42 20.262323
407.44 20.262323
407.46 20.262180
407.48 20.261932
407.50 20.261163
407.52 20.260889
407.54 20.260889
407.56 20.260276
407.58 20.260276
407.60 20.259924
407.62 20.260198
407.64 20.260198
407.66 20.259403
407.68 20.259403
407.70 20.258672
407.72 20.258738
407.74 20.258738
407.76 20.257760
407.78 20.257694
407.80 20.257525
407.82 20.257160
407.84 20.257160
407.86 20.256586
407.88 20.256834
407.90 20.257551
407.92 20.256364
407.94 20.256364
407.96 20.255713
407.98 20.255465
408.00 20.255230
408.02 20.254800
408.04 20.254800
408.06 20.253978
408.08 20.252727
408.10 20.251879
408.12 20.251423
408.14 20.251423
408.16 20.251019
408.18 20.251188
408.20 20.251188
408.22 20.250210
408.24 20.250210
408.26 20.249467
408.28 20.249311
408.30 20.249141
408.32 20.248633
408.34 20.248633
408.36 20.247381
408.38 20.247381
408.40 20.247303
408.42 20.246677
408.44 20.246677
408.46 20.245842
408.48 20.245842
408.50 20.245308
408.52 20.244877
408.54 20.244877
408.56 20.244056
408.58 20.243808
408.60 20.243808
408.62 20.243339
408.64 20.243339
408.66 20.244108
408.68 20.243847
408.70 20.242752
408.72 20.242335
408.74 20.242335
408.76 20.242191
408.78 20.242191
408.80 20.242126
408.82 20.241905
408.84 20.241905
408.86 20.242335
408.88 20.242335
408.90 20.241618
408.92 20.241957
408.94 20.241957
408.96 20.241448
408.98 20.241448
409.00 20.240027
409.02 20.239388
409.04 20.239388
409.06 20.238867
409.08 20.238462
409.10 20.238397
409.12 20.238397
409.14 20.238397
409.16 20.238332
409.18 20.238175
409.20 20.237902
409.22 20.237680
409.24 20.237341
409.26 20.237341
409.28 20.237328
409.30 20.237041
409.32 20.237041
409.34 20.237041
409.36 20.236689
409.38 20.236520
409.40 20.236963
409.42 20.236963
409.44 20.237028
409.46 20.237028
409.48 20.236298
409.50 20.236207
409.52 20.236207
409.54 20.236415
409.56 20.236246
409.58 20.236363
409.60 20.236467
409.62 20.236467
409.64 20.235881
409.66 20.235842
409.68 20.236011
409.70 20.235411
409.72 20.235411
409.74 20.235281
409.76 20.235281
409.78 20.235124
409.80 20.235124
409.82 20.235124
409.84 20.234551
409.86 20.234733
409.88 20.234733
409.90 20.234916
409.92 20.234916
409.94 20.234486
409.96 20.234186
409.98 20.234003
410.00 20.234003
410.02 20.234003
410.04 20.233534
410.06 20.233703
410.08 20.233716
410.10 20.233716
410.12 20.233716
410.14 20.232777
410.16 20.232738
410.18 20.232504
410.20 20.232595
410.22 20.232595
410.24 20.589569
410.26 20.665128
410.28 20.906188
410.30 20.906188
410.32 20.906188
410.34 20.978122
410.36 21.278964
410.38 21.278912
410.40 21.545006
410.42 21.603719
410.44 21.631792
410.46 21.683464
410.48 21.683047
410.50 21.993121
410.52 21.993121
410.54 22.041807
410.56 22.041064
410.58 22.188453
410.60 22.301030
410.62 22.301030
410.64 22.400789
410.66 22.432212
410.68 22.769067
410.70 22.876311
410.72 22.876311
410.74 22.921072
410.76 22.920473
410.78 23.139979
410.80 23.139979
410.82 23.139979
410.84 23.211640
410.86 23.268528
410.88 23.394221
410.90 23.452191
410.92 23.452191
410.94 23.511700
410.96 23.511700
410.98 23.649910
411.00 23.739616
411.02 23.739616
411.04 23.781080
411.06 23.779437
411.08 23.894125
411.10 24.007262
411.12 24.007262
411.14 24.082548
411.16 24.084190
411.18 24.186962
411.20 24.389726
411.22 24.389726
411.24 24.199400
411.26 24.490490
411.28 24.634398
411.30 24.800237
411.32 24.800237
411.34 24.753441
411.36 24.838545
411.38 24.633563
411.40 24.601984
411.42 24.593013
411.44 24.652456
411.46 24.709605
411.48 24.525225
411.50 24.525225
411.52 24.504637
411.54 24.553310
411.56 24.593052
411.58 24.643864
411.60 24.643864
411.62 24.627761
411.64 24.656485
411.66 24.392778
411.68 24.441386
411.70 24.441386
411.72 24.425739
411.74 24.486630
411.76 24.476395
411.78 24.546595
411.80 24.546595
411.82 24.547886
411.84 24.594565
411.86 24.594708
411.88 24.640813
411.90 24.640813
411.92 24.639679
411.94 24.699031
411.96 24.697570
411.98 24.769727
412.00 24.769727
412.02 24.769388
412.04 24.844960
412.06 24.844895
412.08 24.887844
412.10 24.887844
412.12 24.888783
412.14 24.931863
412.16 24.990237
412.18 24.990289
412.20 24.990289
412.22 24.932450
412.24 24.932450
412.26 24.894742
412.28 24.638792
412.30 24.638792
412.32 24.570834
412.34 24.346686
412.36 24.320217
412.38 24.320217
412.40 24.320217
412.42 24.319852
412.44 24.319422
412.46 24.317844
412.48 24.316853
412.50 24.316853
412.52 24.342122
412.54 24.341144
412.56 24.341314
412.58 24.361641
412.60 24.361641
412.62 25.077610
412.64 25.317392
412.66 25.790579
412.68 26.664186
412.70 26.664186
412.72 26.907971
412.74 27.743752
412.76 28.540130
412.78 29.711684
412.80 29.711684
412.82 30.197180
412.84 30.646468
412.86 31.197171
412.88 31.911862
412.90 31.911862
412.92 31.923401
412.94 32.058613
412.96 32.075081
412.98 32.252003
413.00 32.252003
413.02 32.539167
413.04 33.348324
413.06 34.161118
413.08 35.353807
413.10 35.353807
413.12 35.682109
413.14 36.649920
413.16 37.483068
413.18 38.837737
413.20 38.837737
413.22 39.349220
413.24 40.261838
413.26 41.031670
413.28 42.350196
413.30 42.350196
413.32 42.744474
413.34 43.631927
413.36 44.569397
413.38 45.725566
413.40 45.725566
413.42 46.143300
413.44 47.096064
413.46 47.944428
413.48 49.228180
413.50 49.647961
413.52 50.489128
413.54 50.489128
413.56 51.282064
413.58 52.409469
413.60 52.409469
413.62 52.664428
413.64 52.967877
413.66 53.310378
413.68 53.507406
413.70 53.656778
413.72 53.710680
413.74 54.194533
413.76 54.479168
413.78 54.479168
413.80 54.476013
413.82 54.665674
413.84 54.818527
413.86 55.103827
413.88 55.103827
413.90 55.288390
413.92 56.252589
413.94 56.992431
413.96 58.185239
413.98 58.185239
414.00 58.578056
414.02 58.808750
414.04 59.118732
414.06 59.527417
414.08 59.527417
414.10 59.483972
414.12 59.472016
414.14 59.571058
414.16 59.504182
414.18 59.504182
414.20 59.537027
414.22 59.492826
414.24 59.389376
414.26 59.463110
414.28 59.463110
414.30 59.473450
414.32 59.521771
414.34 59.649407
414.36 59.690297
414.38 59.690297
414.40 59.751057
414.42 59.757355
414.44 59.665628
414.46 59.651454
414.48 59.651454
414.50 59.642927
414.52 59.628780
414.54 59.718226
414.56 59.817685
414.58 59.817685
414.60 59.886216
414.62 59.953731
414.64 59.990683
414.66 59.999301
414.68 59.999301
414.70 59.919152
414.72 59.881040
414.74 59.905801
414.76 59.907769
414.78 59.907769
414.80 59.972885
414.82 60.041429
414.84 60.035158
414.86 59.880479
414.88 59.880479
414.90 59.874182
414.92 59.790382
414.94 59.767212
414.96 59.860674
414.98 59.860674
415.00 59.846409
415.02 59.885591
415.04 59.909151
415.06 59.826564
415.08 59.826564
415.10 59.835287
415.12 59.822809
415.14 59.746115
415.16 59.805637
415.18 59.805637
415.20 59.835978
415.22 59.895370
415.24 60.060492
415.26 60.012196
415.28 60.012196
415.30 60.021037
415.32 60.021037
415.34 59.916245
415.36 59.994672
415.38 59.994672
415.40 59.982273
415.42 59.982273
415.44 60.123430
415.46 60.113533
415.48 60.113533
415.50 60.139167
415.52 60.139167
415.54 59.996511
415.56 60.003630
415.58 60.003630
415.60 59.952909
415.62 59.952909
415.64 60.054716
415.66 60.055341
415.68 60.055341
415.70 60.078094
415.72 60.079933
415.74 60.006381
415.76 60.022067
415.78 60.022067
415.80 59.974788
415.82 59.960289
415.84 60.027934
415.86 60.141971
415.88 60.141241
415.90 60.134786
415.92 60.126989
415.94 60.151893
415.96 60.151893
415.98 60.225040
416.00 60.225040
416.02 60.188206
416.04 60.118188
416.06 60.118188
416.08 60.058979
416.10 60.058979
416.12 59.312983
416.14 58.488245
416.16 58.488245
416.18 58.010129
416.20 58.010129
416.22 56.111262
416.24 54.527398
416.26 54.527398
416.28 54.062177
416.30 54.062177
416.32 51.880110
416.34 50.461864
416.36 50.461864
416.38 49.928541
416.40 49.928541
416.42 48.284086
416.44 46.710862
416.46 46.710862
416.48 46.264338
416.50 46.264338
416.52 43.986541
416.54 42.590200
416.56 42.590200
416.58 42.071311
416.60 42.071311
416.62 40.271226
416.64 38.757575
416.66 38.757575
416.68 38.239782
416.70 38.239782
416.72 36.060571
416.74 34.575670
416.76 34.575670
416.78 34.146358
416.80 34.146358
416.82 32.323924
416.84 30.772070
416.86 30.772070
416.88 30.309392
416.90 30.309392
416.92 28.325057
416.94 26.946878
416.96 26.946878
416.98 26.442019
417.00 26.442019
417.02 24.560599
417.04 23.198536
417.06 23.198536
417.08 22.738504
417.10 22.738504
417.12 21.359439
417.14 20.558354
417.16 20.558354
417.18 20.495494
417.20 20.495494
417.22 20.431527
417.24 20.416023
417.26 20.416023
417.28 20.413351
417.30 20.413351
417.32 20.403637
417.34 20.397000
417.36 20.397000
417.38 20.394575
417.40 20.394575
417.42 20.387430
417.44 20.382501
417.46 20.382501
417.48 20.380793
417.50 20.380793
417.52 20.374665
417.54 20.370440
417.56 20.370440
417.58 20.368876
417.60 20.368876
417.62 20.364129
417.64 20.359918
417.66 20.359918
417.68 20.358744
417.70 20.358744
417.72 20.354272
417.74 20.351482
417.76 20.351482
417.78 20.350478
417.80 20.350478
417.82 20.346592
417.84 20.343633
417.86 20.343633
417.88 20.343463
417.90 20.343463
417.92 20.339786
417.94 20.337843
417.96 20.337843
417.98 20.339943
418.00 20.339943
418.02 20.354324
418.04 20.363764
418.06 20.363764
418.08 20.363764
418.10 20.359188
418.12 20.358653
418.14 20.358653
418.16 20.358027
418.18 20.356971
418.20 20.353790
418.22 20.350960
418.24 20.350960
418.26 20.350087
418.28 20.350087
418.30 20.346501
418.32 20.344441
418.34 20.344441
418.36 20.343281
418.38 20.342707
418.40 20.341507
418.42 20.338847
418.44 20.338847
418.46 20.338339
418.48 20.337530
418.50 20.335992
418.52 20.333123
418.54 20.333123
418.56 20.332093
418.58 20.332093
418.60 20.329212
418.62 20.342642
418.64 20.342642
418.66 20.371705
418.68 20.402242
418.70 20.495846
418.72 20.575422
418.74 20.575422
418.76 20.578408
418.78 20.578408
418.80 20.575787
418.82 20.572644
418.84 20.572644
418.86 20.571953
418.88 20.571953
418.90 20.571341
418.92 20.569385
418.94 20.569385
418.96 20.566986
418.98 20.561418
419.00 20.549110
419.02 20.534728
419.04 20.534728
419.06 20.530803
419.08 20.530803
419.10 20.525783
419.12 20.524623
419.14 20.524623
419.16 20.523958
419.18 20.523958
419.20 20.523814
419.22 20.524075
419.24 20.524075
419.26 20.524492
419.28 20.524492
419.30 20.521859
419.32 20.518599
419.34 20.518599
419.36 20.517504
419.38 20.517504
419.40 20.517399
419.42 20.517647
419.44 20.517647
419.46 20.518077
419.48 20.517895
419.50 20.516304
419.52 20.514661
419.54 20.514661
419.56 20.514062
419.58 20.513071
419.60 20.513305
419.62 20.512001
419.64 20.512001
419.66 20.494217
419.68 20.494217
419.70 20.371301
419.72 20.274136
419.74 20.274136
419.76 20.258151
419.78 20.255504
419.80 20.251540
419.82 20.250784
419.84 20.250784
419.86 20.250223
419.88 20.250223
419.90 20.250054
419.92 20.249115
419.94 20.249115
419.96 20.249193
419.98 20.249193
420.00 20.248515
420.02 20.247915
420.04 20.247915
420.06 20.247498
420.08 20.247498
420.10 20.247524
420.12 20.247316
420.14 20.247224
420.16 20.247224
420.18 20.247224
420.20 20.246898
420.22 20.246025
420.24 20.246025
420.26 20.245699
420.28 20.245256
420.30 20.245608
420.32 20.245608
420.34 20.245686
420.36 20.245686
420.38 20.245907
420.40 20.245868
420.42 20.245868
420.44 20.245516
420.46 20.245516
420.48 20.244825
420.50 20.244838
420.52 20.244838
420.54 20.244773
420.56 20.244773
420.58 20.243860
420.60 20.244147
420.62 20.244147
420.64 20.244212
420.66 20.244577
420.68 20.244434
420.70 20.244760
420.72 20.244760
420.74 20.244760
420.76 20.244760
420.78 20.244304
420.80 20.244695
420.82 20.244695
420.84 20.244786
420.86 20.244760
420.88 20.244304
420.90 20.243326
420.92 20.243326
420.94 20.243156
420.96 20.243156
420.98 20.243339
421.00 20.242543
421.02 20.242543
421.04 20.242713
421.06 20.242035
421.08 20.241344
421.10 20.241696
421.12 20.241696
421.14 20.241865
421.16 20.241865
421.18 20.242309
421.20 20.241044
421.22 20.241044
421.24 20.241122
421.26 20.241122
421.28 20.240105
421.30 20.239401
421.32 20.239401
421.34 20.239153
421.36 20.239153
421.38 20.238436
421.40 20.237784
421.42 20.237784
421.44 20.237693
421.46 20.237693
421.48 20.238371
421.50 20.238345
421.52 20.238345
421.54 20.238345
421.56 20.238345
421.58 20.238280
421.60 20.237211
421.62 20.237211
421.64 20.236976
421.66 20.236650
421.68 20.236324
421.70 20.235411
421.72 20.235411
421.74 20.235072
421.76 20.234681
421.78 20.234381
421.80 20.234081
421.82 20.233977
421.84 20.233977
421.86 20.233977
421.88 20.233977
421.90 20.233977
421.92 20.233860
421.94 20.233860
421.96 20.233860
421.98 20.233103
422.00 20.232725
422.02 20.232725
422.04 20.232556
422.06 20.232243
422.08 20.232243
422.10 20.231865
422.12 20.231865
422.14 20.231695
422.16 20.231513
422.18 20.230848
422.20 20.231161
422.22 20.231161
422.24 20.261854
422.26 20.261854
422.28 20.463132
422.30 20.693057
422.32 20.693057
422.34 20.693057
422.36 21.030368
422.38 21.065299
422.40 21.427527
422.42 21.427527
422.44 21.427527
422.46 21.516543
422.48 21.904522
422.50 22.213084
422.52 22.213084
422.54 22.264000
422.56 22.323208
422.58 22.510888
422.60 22.510888
422.62 22.577854
422.64 22.577854
422.66 22.633165
422.68 22.633165
422.70 22.801116
422.72 22.858447
422.74 22.856987
422.76 22.922676
422.78 23.115193
422.80 23.115193
422.82 23.159589
422.84 23.159589
422.86 23.215513
422.88 23.374702
422.90 23.374702
422.92 23.374702
422.94 23.447054
422.96 23.503173
422.98 23.659911
423.00 23.659911
423.02 23.659911
423.04 23.717581
423.06 23.730802
423.08 24.326502
423.10 24.326502
423.12 24.326502
423.14 24.421880
423.16 24.761499
423.18 24.761499
423.20 25.238403
423.22 25.301367
423.24 25.301367
423.26 25.398584
423.28 25.435861
423.30 25.435861
423.32 25.435861
423.34 25.241532
423.36 25.342973
423.38 25.059121
423.40 25.059121
423.42 24.997682
423.44 24.997682
423.46 25.112840
423.48 24.701665
423.50 24.701665
423.52 24.701665
423.54 24.787733
423.56 25.567291
423.58 27.036715
423.60 27.036715
423.62 27.036715
423.64 27.451528
423.66 28.332828
423.68 30.160959
423.70 30.160959
423.72 30.160959
423.74 30.569853
423.76 31.610446
423.78 33.838879
423.80 33.838879
423.82 33.838879
423.84 34.200586
423.86 35.004213
423.88 36.797075
423.90 36.797075
423.92 36.797075
423.94 37.205695
423.96 38.242937
423.98 40.818408
424.00 40.818408
424.02 40.818408
424.04 41.253771
424.06 42.108810
424.08 43.711672
424.10 43.711672
424.12 43.711672
424.14 44.111726
424.16 44.823535
424.18 46.590971
424.20 46.590971
424.22 46.590971
424.24 46.919142
424.26 47.752811
424.28 49.681484
424.30 49.681484
424.32 49.681484
424.34 50.138360
424.36 51.120710
424.38 53.373238
424.40 53.373238
424.42 53.373238
424.44 53.814898
424.46 54.720476
424.48 56.980553
424.50 56.980553
424.52 56.980553
424.54 57.278866
424.56 57.626973
424.58 58.009764
424.60 58.150269
424.62 58.150269
424.64 58.184104
424.66 58.284633
424.68 58.426520
424.70 58.406584
424.72 58.406584
424.74 58.389725
424.76 58.751823
424.78 58.785019
424.80 58.785019
424.82 58.838374
424.84 59.038335
424.86 59.012440
424.88 59.046041
424.90 59.046041
424.92 59.095784
424.94 59.057580
424.96 59.019885
424.98 59.079316
425.00 59.079316
425.02 59.084023
425.04 59.145474
425.06 59.240892
425.08 59.221034
425.10 59.221034
425.12 59.276813
425.14 59.227527
425.16 59.243434
425.18 59.329737
425.20 59.329737
425.22 59.307167
425.24 59.300661
425.26 59.628832
425.28 59.676306
425.30 59.676306
425.32 59.691848
425.34 59.702879
425.36 59.648286
425.38 59.635782
425.40 59.635782
425.42 59.661859
425.44 59.644075
425.46 59.818950
425.48 59.824243
425.50 59.824243
425.52 59.831154
425.54 59.882657
425.56 59.836109
425.58 59.798596
425.60 59.798596
425.62 59.869722
425.64 59.864337
425.66 59.797671
425.68 59.882761
425.70 59.882761
425.72 59.793042
425.74 59.811140
425.76 59.824413
425.78 59.774110
425.80 59.774110
425.82 59.755868
425.84 59.741174
425.86 59.594840
425.88 59.592480
425.90 59.592480
425.92 59.616615
425.94 59.604463
425.96 59.757459
425.98 59.736793
426.00 59.736793
426.02 59.740509
426.04 59.785753
426.06 59.688510
426.08 59.716048
426.10 59.716048
426.12 59.736793
426.14 59.717170
426.16 59.959846
426.18 59.961228
426.20 59.961228
426.22 59.906218
426.24 59.966678
426.26 59.862955
426.28 59.804033
426.30 59.804033
426.32 59.854950
426.34 59.812939
426.36 59.733637
426.38 59.838990
426.40 59.838990
426.42 59.775127
426.44 59.794633
426.46 59.842432
426.48 59.696712
426.50 59.696712
426.52 59.743782
426.54 59.739101
426.56 59.604202
426.58 59.631988
426.60 59.631988
426.62 59.573248
426.64 59.603824
426.66 59.702331
426.68 59.601281
426.70 59.601281
426.72 59.640919
426.74 59.555268
426.76 59.407018
426.78 59.350417
426.80 59.380184
426.82 59.380184
426.84 59.354693
426.86 59.361252
426.88 59.419548
426.90 59.419548
426.92 59.294637
426.94 58.402072
426.96 57.871227
426.98 57.871227
427.00 57.530643
427.02 57.071798
427.04 55.608868
427.06 53.802394
427.08 53.802394
427.10 53.305723
427.12 52.849616
427.14 51.417666
427.16 50.150708
427.18 50.150708
427.20 49.659344
427.22 49.167328
427.24 47.630130
427.26 46.079215
427.28 46.079215
427.30 45.619574
427.32 45.102237
427.34 43.683378
427.36 42.206183
427.38 42.206183
427.40 41.685913
427.42 41.168498
427.44 39.630869
427.46 38.159711
427.48 38.159711
427.50 37.633287
427.52 37.128089
427.54 35.760811
427.56 34.360193
427.58 34.360193
427.60 33.848045
427.62 33.363879
427.64 31.990616
427.66 30.541246
427.68 30.541246
427.70 30.144869
427.72 29.758832
427.74 28.216079
427.76 26.829621
427.78 26.829621
427.80 26.286102
427.82 25.674874
427.84 24.818270
427.86 23.065815
427.88 23.065815
427.90 22.627050
427.92 22.299530
427.94 21.696594
427.96 20.578551
427.98 20.578551
428.00 20.522511
428.02 20.489653
428.04 20.458086
428.06 20.424668
428.08 20.424668
428.10 20.421082
428.12 20.417940
428.14 20.413950
428.16 20.405579
428.18 20.405579
428.20 20.403767
428.22 20.402515
428.24 20.395122
428.26 20.390220
428.28 20.390220
428.30 20.388068
428.32 20.386269
428.34 20.381497
428.36 20.377299
428.38 20.377299
428.40 20.376268
428.42 20.375264
428.44 20.371561
428.46 20.368341
428.48 20.368341
428.50 20.367324
428.52 20.366124
428.54 20.363230
428.56 20.359057
428.58 20.359057
428.60 20.357701
428.62 20.356567
428.64 20.354729
428.66 20.352681
428.68 20.352681
428.70 20.351677
428.72 20.351012
428.74 20.348705
428.76 20.345797
428.78 20.345797
428.80 20.345171
428.82 20.343659
428.84 20.342850
428.86 20.340021
428.88 20.340021
428.90 20.339121
428.92 20.338534
428.94 20.337465
428.96 20.336292
428.98 20.336292
429.00 20.335027
429.02 20.335027
429.04 20.332615
429.06 20.331520
429.08 20.331520
429.10 20.332680
429.12 20.336735
429.14 20.348131
429.16 20.348131
429.18 20.350726
429.20 20.352460
429.22 20.356241
429.24 20.358640
429.26 20.358640
429.28 20.357962
429.30 20.357062
429.32 20.355028
429.34 20.352851
429.36 20.352851
429.38 20.351951
429.40 20.350934
429.42 20.348666
429.44 20.346449
429.46 20.346449
429.48 20.345445
429.50 20.344637
429.52 20.343385
429.54 20.340216
429.56 20.340216
429.58 20.339538
429.60 20.338939
429.62 20.338104
429.64 20.335940
429.66 20.335940
429.68 20.335588
429.70 20.334805
429.72 20.333762
429.74 20.331585
429.76 20.331585
429.78 20.330763
429.80 20.330046
429.82 20.328899
429.84 20.325444
429.86 20.325444
429.88 20.324726
429.90 20.324518
429.92 20.322575
429.94 20.320580
429.96 20.320580
429.98 20.319720
430.00 20.319628
430.02 20.317659
430.04 20.315704
430.06 20.315704
430.08 20.315026
430.10 20.313826
430.12 20.306916
430.14 20.296146
430.16 20.296146
430.18 20.291047
430.20 20.285676
430.22 20.276040
430.24 20.270903
430.26 20.270903
430.28 20.270564
430.30 20.270042
430.32 20.268960
430.34 20.267839
430.36 20.267839
430.38 20.267695
430.40 20.266939
430.42 20.267226
430.44 20.267069
430.46 20.267069
430.48 20.266730
430.50 20.266561
430.52 20.265387
430.54 20.264840
430.56 20.264840
430.58 20.264435
430.60 20.263431
430.62 20.262323
430.64 20.260954
430.66 20.260954
430.68 20.260785
430.70 20.261006
430.72 20.260837
430.74 20.260472
430.76 20.260472
430.78 20.260302
430.80 20.260081
430.82 20.259546
430.84 20.259598
430.86 20.259598
430.88 20.259429
430.90 20.258907
430.92 20.258216
430.94 20.257903
430.96 20.257903
430.98 20.258125
431.00 20.257134
431.02 20.257212
431.04 20.256847
431.06 20.256847
431.08 20.256338
431.10 20.256508
431.12 20.256469
431.14 20.255621
431.16 20.255621
431.18 20.255517
431.20 20.255504
431.22 20.255256
431.24 20.255100
431.26 20.255100
431.28 20.254761
431.30 20.255035
431.32 20.254891
431.34 20.254969
431.36 20.254865
431.38 20.255204
431.40 20.255765
431.42 20.255921
431.44 20.255921
431.46 20.256025
431.48 20.256221
431.50 20.255569
431.52 20.254669
431.54 20.254669
431.56 20.254761
431.58 20.255113
431.60 20.255113
431.62 20.255269
431.64 20.255269
431.66 20.254696
431.68 20.254474
431.70 20.254474
431.72 20.253639
431.74 20.253639
431.76 20.253457
431.78 20.253809
431.80 20.253978
431.82 20.253457
431.84 20.253457
431.86 20.253626
431.88 20.253287
431.90 20.253105
431.92 20.252322
431.94 20.252322
431.96 20.252231
431.98 20.252062
432.00 20.252231
432.02 20.251644
432.04 20.251644
432.06 20.251644
432.08 20.251358
432.10 20.251540
432.12 20.250810
432.14 20.250810
432.16 20.250562
432.18 20.250367
432.20 20.250184
432.22 20.249819
432.24 20.249819
432.26 20.250158
432.28 20.250497
432.30 20.250158
432.32 20.249050
432.34 20.249050
432.36 20.248789
432.38 20.248476
432.40 20.247785
432.42 20.246155
432.44 20.246155
432.46 20.245660
432.48 20.245451
432.50 20.245477
432.52 20.244577
432.54 20.244577
432.56 20.244317
432.58 20.244343
432.60 20.243926
432.62 20.243365
432.64 20.243365
432.66 20.243534
432.68 20.243521
432.70 20.242765
432.72 20.242765
432.74 20.242765
432.76 20.242765
432.78 20.242922
432.80 20.242413
432.82 20.242400
432.84 20.242400
432.86 20.242400
432.88 20.241905
432.90 20.241187
432.92 20.241109
432.94 20.240770
432.96 20.240770
432.98 20.240601
433.00 20.239871
433.02 20.239336
433.04 20.239336
433.06 20.285519
433.08 20.285167
433.10 20.284997
433.12 20.284997
433.14 20.284997
433.16 20.554560
433.18 20.585735
433.20 20.666158
433.22 20.665415
433.24 20.718600
433.26 20.718600
433.28 20.718404
433.30 21.324743
433.32 21.344249
433.34 21.344249
433.36 21.401528
433.38 21.400602
433.40 21.598061
433.42 21.611086
433.44 21.611086
433.46 21.678040
433.48 21.678875
433.50 21.678705
433.52 21.807528
433.54 21.807528
433.56 21.807528
433.58 21.946038
433.60 22.226566
433.62 22.226566
433.64 22.348556
433.66 22.386081
433.68 22.700953
433.70 23.041954
433.72 23.041954
433.74 23.172928
433.76 23.172928
433.78 23.429556
433.80 23.429556
433.82 23.429556
433.84 23.472897
433.86 23.471019
433.88 23.586294
433.90 23.689561
433.92 23.689561
433.94 23.762851
433.96 23.764625
433.98 23.811160
434.00 23.995671
434.02 23.995671
434.04 24.036769
434.06 24.034917
434.08 24.090671
434.10 24.263525
434.12 24.263525
434.14 24.098950
434.16 24.310973
434.18 24.399714
434.20 24.989090
434.22 24.989090
434.24 24.953846
434.26 25.124836
434.28 25.192246
434.30 24.974591
434.32 24.974591
434.34 24.974891
434.36 25.034999
434.38 25.091274
434.40 24.880686
434.42 24.880686
434.44 24.880008
434.46 24.927651
434.48 24.995244
434.50 25.117378
434.52 25.117378
434.54 25.114966
434.56 25.186027
434.58 25.198074
434.60 25.065940
434.62 25.065940
434.64 25.037946
434.66 25.055105
434.68 24.802532
434.70 24.681754
434.72 24.681754
434.74 24.649445
434.76 24.671284
434.78 24.652522
434.80 24.661688
434.82 24.661688
434.84 24.660736
434.86 24.733205
434.88 24.732918
434.90 24.791162
434.92 24.791162
434.94 24.791671
434.96 24.835285
434.98 24.834412
435.00 24.891951
435.02 24.890895
435.04 24.949700
435.06 24.949700
435.08 24.949674
435.10 24.991450
435.12 24.991450
435.14 24.986547
435.16 24.920245
435.18 24.920245
435.20 24.589414
435.22 24.589414
435.24 24.561446
435.26 24.331196
435.28 24.320556
435.30 24.290515
435.32 24.290515
435.34 24.295900
435.36 24.302106
435.38 24.330922
435.40 25.349545
435.42 25.349545
435.44 25.639604
435.46 26.015732
435.48 26.443558
435.50 28.458886
435.52 28.458886
435.54 28.922634
435.56 29.340316
435.58 29.801456
435.60 31.485314
435.62 32.303740
435.64 32.303740
435.66 32.731045
435.68 33.121985
435.70 35.052248
435.72 35.500806
435.74 35.865277
435.76 36.569028
435.78 37.919838
435.80 37.919838
435.82 38.282536
435.84 38.282536
435.86 39.118904
435.88 40.719249
435.90 41.451399
435.92 41.451399
435.94 41.912839
435.96 42.702619
435.98 44.381953
436.00 44.845075
436.02 44.845075
436.04 45.236014
436.06 46.134368
436.08 48.116774
436.10 48.449691
436.12 48.449691
436.14 48.902121
436.16 49.868003
436.18 51.485611
436.20 51.876355
436.22 51.876355
436.24 52.201840
436.26 52.992403
436.28 54.892626
436.30 55.333816
436.32 55.333816
436.34 55.847528
436.36 56.697639
436.38 57.892076
436.40 58.240875
436.42 58.240875
436.44 58.426233
436.46 58.545342
436.48 58.732147
436.50 58.709251
436.52 58.709251
436.54 58.654580
436.56 58.769907
436.58 58.867463
436.60 58.847253
436.62 58.847253
436.64 58.842429
436.66 58.870840
436.68 59.048884
436.70 59.111248
436.72 59.111248
436.74 59.107845
436.76 59.126503
436.78 59.254543
436.80 59.240174
436.82 59.240174
436.84 59.266500
436.86 59.314508
436.88 59.321210
436.90 59.393627
436.92 59.393627
436.94 59.345071
436.96 59.408243
436.98 59.594736
437.00 59.562909
437.02 59.562909
437.04 59.603055
437.06 59.548553
437.08 59.505903
437.10 59.484624
437.12 59.484624
437.14 59.439445
437.16 59.425820
437.18 59.532398
437.20 59.588973
437.22 59.588973
437.24 59.636616
437.26 59.702266
437.28 59.675407
437.30 59.643709
437.32 59.643709
437.34 59.628128
437.36 59.544420
437.38 59.639159
437.40 59.696334
437.42 59.696334
437.44 59.690623
437.46 59.743482
437.48 59.847518
437.50 59.887103
437.52 59.887103
437.54 60.000592
437.56 60.020828
437.58 59.892631
437.60 59.892905
437.62 59.892905
437.64 59.843554
437.66 59.871926
437.68 59.909530
437.70 59.870088
437.72 59.870088
437.74 59.934068
437.76 59.906348
437.78 59.689801
437.80 59.680218
437.82 59.649825
437.84 59.649825
437.86 59.677571
437.88 59.752700
437.90 59.802769
437.92 59.802769
437.94 59.853607
437.96 59.839825
437.98 59.839825
438.00 59.800383
438.02 59.827438
438.04 59.833175
438.06 59.833292
438.08 59.874143
438.10 59.874143
438.12 59.900103
438.14 59.910129
438.16 59.995950
438.18 59.988948
438.20 59.988948
438.22 59.991100
438.24 60.011988
438.26 60.045771
438.28 60.064247
438.30 60.064247
438.32 60.090963
438.34 60.108526
438.36 60.188388
438.38 60.159051
438.40 60.159051
438.42 60.197763
438.44 60.216813
438.46 60.132791
438.48 60.108344
438.50 60.108344
438.52 60.093754
438.54 60.086882
438.56 60.206669
438.58 60.187606
438.60 60.187606
438.62 60.188441
438.64 60.182169
438.66 60.210424
438.68 60.137577
438.70 60.137577
438.72 60.123025
438.74 59.983055
438.76 59.100634
438.78 58.697334
438.80 58.697334
438.82 58.260837
438.84 57.796177
438.86 55.887857
438.88 54.891465
438.90 54.891465
438.92 54.325742
438.94 53.839515
438.96 51.776596
438.98 50.780438
439.00 50.780438
439.02 50.355429
439.04 49.867611
439.06 47.938873
439.08 46.983136
439.10 46.983136
439.12 46.490821
439.14 45.942725
439.16 43.900811
439.18 42.915854
439.20 42.915854
439.22 42.293204
439.24 41.848245
439.26 39.826710
439.28 38.771149
439.30 38.771149
439.32 38.339854
439.34 37.818462
439.36 35.918305
439.38 35.019990
439.40 35.019990
439.42 34.469848
439.44 33.947739
439.46 32.053202
439.48 31.207615
439.50 31.207615
439.52 30.752682
439.54 30.272766
439.56 28.142489
439.58 27.130046
439.60 27.130046
439.62 26.610714
439.64 26.083676
439.66 24.214173
439.68 23.158286
439.70 23.158286
439.72 22.759197
439.74 22.343523
439.76 21.105484
439.78 20.578160
439.80 20.578160
439.82 20.520424
439.84 20.480135
439.86 20.435490
439.88 20.421826
439.90 20.421826
439.92 20.418618
439.94 20.416284
439.96 20.406544
439.98 20.401824
440.00 20.401824
440.02 20.400038
440.04 20.396661
440.06 20.389516
440.08 20.388160
440.10 20.388160
440.12 20.386061
440.14 20.382944
440.16 20.381862
440.18 20.380676
440.20 20.378785
440.22 20.378785
440.24 20.371470
440.26 20.368589
440.28 20.368589
440.30 20.367741
440.32 20.366672
440.34 20.362317
440.36 20.360400
440.38 20.360400
440.40 20.359618
440.42 20.358875
440.44 20.355185
440.46 20.353438
440.48 20.353438
440.50 20.352903
440.52 20.352212
440.54 20.349539
440.56 20.347805
440.58 20.347805
440.60 20.346814
440.62 20.345588
440.64 20.342146
440.66 20.341494
440.68 20.341494
440.70 20.340660
440.72 20.340829
440.74 20.338195
440.76 20.336957
440.78 20.336957
440.80 20.336618
440.82 20.335914
440.84 20.334297
440.86 20.333110
440.88 20.333110
440.90 20.332602
440.92 20.331976
440.94 20.330255
440.96 20.329551
440.98 20.329551
441.00 20.332954
441.02 20.336722
441.04 20.351012
441.06 20.357428
441.08 20.357428
441.10 20.357141
441.12 20.356463
441.14 20.353242
441.16 20.352082
441.18 20.352082
441.20 20.351260
441.22 20.350556
441.24 20.346618
441.26 20.344936
441.28 20.344936
441.30 20.344037
441.32 20.342811
441.34 20.339473
441.36 20.337609
441.38 20.337609
441.40 20.336774
441.42 20.335627
441.44 20.332211
441.46 20.330568
441.48 20.330568
441.50 20.329368
441.52 20.328677
441.54 20.326135
441.56 20.324818
441.58 20.324818
441.60 20.323788
441.62 20.322966
441.64 20.320502
441.66 20.318781
441.68 20.318781
441.70 20.317764
441.72 20.316864
441.74 20.314648
441.76 20.313370
441.78 20.313370
441.80 20.312587
441.82 20.311714
441.84 20.308924
441.86 20.307502
441.88 20.307502
441.90 20.306916
441.92 20.306029
441.94 20.302326
441.96 20.300474
441.98 20.300474
442.00 20.295468
442.02 20.290878
442.04 20.271685
442.06 20.263784
442.08 20.263784
442.10 20.263301
442.12 20.261945
442.14 20.261632
442.16 20.260576
442.18 20.260576
442.20 20.260211
442.22 20.259689
442.24 20.257981
442.26 20.257629
442.28 20.257629
442.30 20.257251
442.32 20.256860
442.34 20.256925
442.36 20.256756
442.38 20.256756
442.40 20.256938
442.42 20.257121
442.44 20.257525
442.46 20.257525
442.48 20.257564
442.50 20.257786
442.52 20.257251
442.54 20.257342
442.56 20.257342
442.58 20.257134
442.60 20.256769
442.62 20.256964
442.64 20.256443
442.66 20.256443
442.68 20.256664
442.70 20.256521
442.72 20.256208
442.74 20.255608
442.76 20.255608
442.78 20.255387
442.80 20.255361
442.82 20.255465
442.84 20.255321
442.86 20.255321
442.88 20.255308
442.90 20.254917
442.92 20.256234
442.94 20.256156
442.96 20.256156
442.98 20.255374
443.00 20.255400
443.02 20.254578
443.04 20.254148
443.06 20.254148
443.08 20.254252
443.10 20.254422
443.12 20.253366
443.14 20.253014
443.16 20.253014
443.18 20.252570
443.20 20.252909
443.22 20.252375
443.24 20.253053
443.26 20.253053
443.28 20.252648
443.30 20.252701
443.32 20.251983
443.34 20.251384
443.36 20.251384
443.38 20.250862
443.40 20.250640
443.42 20.249324
443.44 20.249337
443.46 20.249337
443.48 20.249258
443.50 20.249011
443.52 20.248215
443.54 20.247746
443.56 20.247746
443.58 20.247655
443.60 20.247368
443.62 20.247094
443.64 20.246964
443.66 20.246964
443.68 20.246794
443.70 20.246768
443.72 20.246051
443.74 20.246572
443.76 20.246572
443.78 20.246338
443.80 20.246025
443.82 20.245282
443.84 20.244773
443.86 20.244773
443.88 20.244786
443.90 20.244265
443.92 20.243326
443.94 20.244134
443.96 20.244134
443.98 20.244199
444.00 20.244317
444.02 20.242387
444.04 20.242126
444.06 20.242126
444.08 20.241957
444.10 20.241787
444.12 20.241096
444.14 20.240861
444.16 20.240861
444.18 20.241122
444.20 20.240901
444.22 20.241448
444.24 20.241174
444.26 20.241174
444.28 20.241253
444.30 20.241253
444.32 20.240705
444.34 20.240979
444.36 20.240979
444.38 20.241070
444.40 20.240731
444.42 20.240118
444.44 20.240118
444.46 20.240118
444.48 20.240027
444.50 20.240366
444.52 20.239936
444.54 20.239440
444.56 20.239440
444.58 20.239440
444.60 20.238697
444.62 20.238697
444.64 20.238697
444.66 20.238619
444.68 20.238267
444.70 20.238175
444.72 20.237537
444.74 20.237537
444.76 20.237041
444.78 20.237263
444.80 20.235842
444.82 20.235972
444.84 20.235972
444.86 20.236363
444.88 20.236363
444.90 20.235789
444.92 20.235789
444.94 20.235672
444.96 20.235724
444.98 20.236102
445.00 20.236102
445.02 20.235476
445.04 20.235476
445.06 20.234446
445.08 20.234825
445.10 20.234825
445.12 20.234772
445.14 20.234772
445.16 20.235007
445.18 20.234420
445.20 20.234420
445.22 20.233886
445.24 20.233599
445.26 20.233247
445.28 20.233247
445.30 20.232491
445.32 20.232152
445.34 20.232152
445.36 20.231943
445.38 20.231969
445.40 20.230965
445.42 20.230822
445.44 20.230991
445.46 20.230991
445.48 20.231369
445.50 20.241057
445.52 20.241057
445.54 20.241057
445.56 20.332289
445.58 20.331872
445.60 20.753335
445.62 21.029847
445.64 21.029847
445.66 21.060214
445.68 21.060214
445.70 21.465366
445.72 21.465366
445.74 21.527326
445.76 21.526726
445.78 21.632744
445.80 21.632744
445.82 21.704248
445.84 21.752361
445.86 21.752361
445.88 21.751396
445.90 22.187189
445.92 22.187189
445.94 22.243933
445.96 22.243933
445.98 22.244103
446.00 22.292685
446.02 22.409107
446.04 22.409107
446.06 22.465826
446.08 22.470285
446.10 22.772705
446.12 22.876415
446.14 22.876415
446.16 22.962118
446.18 22.990204
446.20 23.231915
446.22 23.368978
446.24 23.368978
446.26 23.450209
446.28 23.466781
446.30 23.907946
446.32 24.048008
446.34 24.048008
446.36 24.109551
446.38 24.126697
446.40 24.287555
446.42 24.398097
446.44 24.455076
446.46 24.455076
446.48 24.453942
446.50 24.617461
446.52 24.717311
446.54 24.717311
446.56 24.749803
446.58 24.709253
446.60 24.609663
446.62 24.680998
446.64 24.428790
446.66 24.399284
446.68 24.399284
446.70 24.399284
446.72 24.240629
446.74 24.240629
446.76 24.220054
446.78 24.219623
446.80 24.276133
446.82 24.262260
446.84 24.261856
446.86 24.261843
446.88 24.306735
446.90 24.175983
446.92 24.177052
446.94 24.234670
446.96 24.234670
446.98 24.277268
447.00 24.274425
447.02 24.274425
447.04 24.273095
447.06 24.273369
447.08 24.245192
447.10 24.302732
447.12 24.302732
447.14 24.289185
447.16 24.540767
447.18 24.280814
447.20 24.665899
447.22 24.665899
447.24 24.873163
447.26 25.195532
447.28 25.792705
447.30 27.172396
447.32 27.172396
447.34 27.549957
447.36 27.950168
447.38 28.745529
447.40 30.390649
447.42 30.390649
447.44 30.763426
447.46 31.303997
447.48 32.086150
447.50 33.787454
447.52 33.787454
447.54 34.262520
447.56 34.763310
447.58 35.560875
447.60 37.293615
447.62 37.293615
447.64 37.694203
447.66 38.191917
447.68 39.022835
447.70 40.796308
447.72 40.796308
447.74 41.216467
447.76 41.714820
447.78 42.634688
447.80 44.356827
447.82 44.356827
447.84 44.797457
447.86 45.272171
447.88 46.097664
447.90 48.191342
447.92 48.191342
447.94 48.564484
447.96 49.015649
447.98 49.813618
448.00 51.188654
448.02 51.188654
448.04 51.603650
448.06 52.077647
448.08 52.928918
448.10 54.641331
448.12 54.641331
448.14 54.944872
448.16 55.129591
448.18 55.983574
448.20 57.378495
448.22 57.378495
448.24 57.656897
448.26 57.877173
448.28 58.139147
448.30 58.304295
448.32 58.304295
448.34 58.342538
448.36 58.311818
448.38 58.344324
448.40 58.417654
448.42 58.405123
448.44 58.408500
448.46 58.448503
448.48 58.486263
448.50 58.553439
448.52 58.553439
448.54 58.477632
448.56 58.422556
448.58 58.421265
448.60 58.340256
448.62 58.336696
448.64 58.378537
448.66 58.369071
448.68 58.360492
448.70 58.437303
448.72 58.489640
448.74 58.507203
448.76 58.546150
448.78 58.567651
448.80 58.497698
448.82 58.497698
448.84 58.516226
448.86 58.553739
448.88 58.564417
448.90 58.564769
448.92 58.564769
448.94 58.599426
448.96 58.658531
448.98 58.760089
449.00 58.986650
449.02 58.986650
449.04 59.030655
449.06 59.024605
449.08 59.054973
449.10 59.054973
449.12 59.067320
449.14 59.082576
449.16 59.076982
449.18 59.212767
449.20 59.212767
449.22 59.284232
449.24 59.280673
449.26 59.395231
449.28 59.331980
449.30 59.331980
449.32 59.388751
449.34 59.412233
449.36 59.387551
449.38 59.427658
449.40 59.427658
449.42 59.411855
449.44 59.408296
449.46 59.537157
449.48 59.667270
449.50 59.667270
449.52 59.691575
449.54 59.777043
449.56 59.756664
449.58 59.856397
449.60 59.813513
449.62 59.979873
449.64 59.926832
449.66 59.917848
449.68 59.959233
449.70 59.920130
449.72 59.807345
449.74 59.838104
449.76 59.758124
449.78 59.682552
449.80 59.657218
449.82 59.714040
449.84 59.714040
449.86 59.749493
449.88 59.807645
449.90 59.855484
449.92 59.768399
449.94 59.768399
449.96 59.837569
449.98 59.777291
450.00 59.736310
450.02 59.882683
450.04 59.882683
450.06 59.755947
450.08 59.812209
450.10 59.841689
450.12 59.766925
450.14 59.766925
450.16 59.946468
450.18 59.973471
450.20 59.917392
450.22 59.961997
450.24 59.935698
450.26 59.834570
450.28 59.840216
450.30 59.876972
450.32 59.863307
450.34 59.820684
450.36 59.904601
450.38 59.923937
450.40 59.884521
450.42 59.913950
450.44 59.964071
450.46 59.940249
450.48 59.865172
450.50 59.838364
450.52 59.849030
450.54 59.795780
450.56 59.732620
450.58 59.760067
450.60 59.657491
450.62 59.541095
450.64 59.365620
450.66 58.788461
450.68 57.651929
450.70 57.334098
450.72 56.824310
450.74 56.330730
450.76 55.335942
450.78 53.792863
450.80 53.233137
450.82 52.740834
450.84 52.230695
450.86 51.175159
450.88 49.846058
450.90 49.293608
450.92 48.864348
450.94 48.418933
450.96 47.438187
450.98 45.994020
451.00 45.565842
451.02 44.986284
451.04 44.424889
451.06 43.568846
451.08 42.060541
451.10 41.552136
451.12 40.658267
451.14 40.658267
451.16 39.690130
451.18 38.145030
451.20 37.663562
451.22 36.648994
451.24 36.154019
451.26 34.559059
451.28 34.070094
451.30 33.741780
451.32 33.290732
451.34 32.522113
451.36 31.567418
451.38 30.630457
451.40 30.148859
451.42 29.662411
451.44 28.658717
451.46 27.589543
451.48 26.648435
451.50 26.141686
451.52 25.698813
451.54 24.711652
451.56 23.858777
451.58 23.372381
451.60 22.366797
451.62 22.008963
451.64 21.315486
451.66 20.624995
451.68 20.624995
451.70 20.497502
451.72 20.471907
451.74 20.440967
451.76 20.423364
451.78 20.423364
451.80 20.417823
451.82 20.415489
451.84 20.410065
451.86 20.403415
451.88 20.403415
451.90 20.399282
451.92 20.396361
451.94 20.391824
451.96 20.386139
451.98 20.386139
452.00 20.382879
452.02 20.381054
452.04 20.377429
452.06 20.374443
452.08 20.373635
452.10 20.370779
452.12 20.369358
452.14 20.366881
452.16 20.363530
452.18 20.363530
452.20 20.361665
452.22 20.359866
452.24 20.358601
452.26 20.356345
452.28 20.355250
452.30 20.353412
452.32 20.352382
452.34 20.351169
452.36 20.347427
452.38 20.347427
452.40 20.345953
452.42 20.345054
452.44 20.344206
452.46 20.341664
452.48 20.341142
452.50 20.340047
452.52 20.340855
452.54 20.345067
452.56 20.351704
452.58 20.355276
452.60 20.360792
452.62 20.363830
452.64 20.364390
452.66 20.361443
452.68 20.361443
452.70 20.359918
452.72 20.358823
452.74 20.357310
452.76 20.354859
452.78 20.354859
452.80 20.353112
452.82 20.351169
452.84 20.349461
452.86 20.347140
452.88 20.347140
452.90 20.345080
452.92 20.345197
452.94 20.344050
452.96 20.342589
452.98 20.342589
453.00 20.341038
453.02 20.339786
453.04 20.338443
453.06 20.335601
453.08 20.335601
453.10 20.334206
453.12 20.334206
453.14 20.332315
453.16 20.330320
453.18 20.330320
453.20 20.328534
453.22 20.327295
453.24 20.325626
453.26 20.324088
453.28 20.324088
453.30 20.322510
453.32 20.321688
453.34 20.320202
453.36 20.317985
453.38 20.317985
453.40 20.315717
453.42 20.315130
453.44 20.314035
453.46 20.314035
453.48 20.313513
453.50 20.311922
453.52 20.310201
453.54 20.302991
453.56 20.302991
453.58 20.294803
453.60 20.286627
453.62 20.281516
453.64 20.272089
453.66 20.272089
453.68 20.271946
453.70 20.271815
453.72 20.271542
453.74 20.271137
453.76 20.271137
453.78 20.270733
453.80 20.270577
453.82 20.270733
453.84 20.270837
453.86 20.270837
453.88 20.270864
453.90 20.270694
453.92 20.270277
453.94 20.268438
453.96 20.268438
453.98 20.268165
454.00 20.267826
454.02 20.267930
454.04 20.267421
454.06 20.267421
454.08 20.267343
454.10 20.267265
454.12 20.266652
454.14 20.266065
454.16 20.266065
454.18 20.266078
454.20 20.265061
454.22 20.265061
454.24 20.264070
454.26 20.264070
454.28 20.263536
454.30 20.263001
454.32 20.262675
454.34 20.261306
454.36 20.261306
454.38 20.261111
454.40 20.260954
454.42 20.259572
454.44 20.258881
454.46 20.258881
454.48 20.258477
454.50 20.258659
454.52 20.257968
454.54 20.257264
454.56 20.257264
454.58 20.257225
454.60 20.255934
454.62 20.255426
454.64 20.254761
454.66 20.254761
454.68 20.254200
454.70 20.254070
454.72 20.254057
454.74 20.253444
454.76 20.252948
454.78 20.252427
454.80 20.251788
454.82 20.252322
454.84 20.251931
454.86 20.251762
454.88 20.251488
454.90 20.250875
454.92 20.250536
454.94 20.250575
454.96 20.250575
454.98 20.250419
455.00 20.250158
455.02 20.250328
455.04 20.249584
455.06 20.249584
455.08 20.249584
455.10 20.248750
455.12 20.247876
455.14 20.247811
455.16 20.247811
455.18 20.247472
455.20 20.247420
455.22 20.247811
455.24 20.247811
455.26 20.247707
455.28 20.247277
455.30 20.246977
455.32 20.247224
455.34 20.247355
455.36 20.247355
455.38 20.247355
455.40 20.247185
455.42 20.247524
455.44 20.246664
455.46 20.246664
455.48 20.246220
455.50 20.245712
455.52 20.245516
455.54 20.245321
455.56 20.244930
455.58 20.244669
455.60 20.244838
455.62 20.244838
455.64 20.244838
455.66 20.244669
455.68 20.244173
455.70 20.244056
455.72 20.244082
455.74 20.244525
455.76 20.244864
455.78 20.244669
455.80 20.244525
455.82 20.243978
455.84 20.244408
455.86 20.244408
455.88 20.244291
455.90 20.243769
455.92 20.243430
455.94 20.243430
455.96 20.243430
455.98 20.243143
456.00 20.242465
456.02 20.241227
456.04 20.241227
456.06 20.240718
456.08 20.240744
456.10 20.240301
456.12 20.239975
456.14 20.239975
456.16 20.240144
456.18 20.239466
456.20 20.238710
456.22 20.238958
456.24 20.238958
456.26 20.238893
456.28 20.238827
456.30 20.238541
456.32 20.238371
456.34 20.238371
456.36 20.238084
456.38 20.237132
456.40 20.237132
456.42 20.237054
456.44 20.237054
456.46 20.237576
456.48 20.237185
456.50 20.236467
456.52 20.236546
456.54 20.236546
456.56 20.236259
456.58 20.235294
456.60 20.235294
456.62 20.234942
456.64 20.234942
456.66 20.234720
456.68 20.234512
456.70 20.233768
456.72 20.233169
456.74 20.232999
456.76 20.233025
456.78 20.233025
456.80 20.232347
456.82 20.231395
456.84 20.231395
456.86 20.230665
456.88 20.230665
456.90 20.230991
456.92 20.309797
456.94 20.561457
456.96 20.561457
456.98 20.594015
457.00 20.764574
457.02 20.802791
457.04 21.038100
457.06 21.144274
457.08 21.143883
457.10 21.143988
457.12 21.372139
457.14 21.448624
457.16 21.506320
457.18 21.742777
457.20 21.779651
457.22 22.070088
457.24 22.206186
457.26 22.318762
457.28 22.344396
457.30 22.517342
457.32 22.572287
457.34 22.572287
457.36 22.687093
457.38 22.687093
457.40 22.744124
457.42 22.852515
457.44 22.852515
457.46 22.958128
457.48 22.958128
457.50 23.082439
457.52 23.207950
457.54 23.207950
457.56 23.207950
457.58 23.265985
457.60 23.311204
457.62 23.408551
457.64 23.408551
457.66 23.466051
457.68 23.533970
457.70 23.533461
457.72 23.643951
457.74 23.713630
457.76 23.771014
457.78 23.815893
457.80 23.815867
457.82 23.931103
457.84 23.931103
457.86 23.931103
457.88 24.089406
457.90 24.160754
457.92 24.160754
457.94 24.173180
457.96 24.218111
457.98 24.470384
458.00 24.813289
458.02 24.677243
458.04 24.530375
458.06 24.672367
458.08 25.393159
458.10 25.959952
458.12 26.173409
458.14 26.515584
458.16 26.915559
458.18 27.715575
458.20 28.937915
458.22 29.327303
458.24 29.740461
458.26 29.938219
458.28 30.827067
458.30 31.974109
458.32 32.423371
458.34 32.816475
458.36 33.164360
458.38 34.131063
458.40 35.480192
458.42 35.897782
458.44 36.349626
458.46 36.814782
458.48 37.986740
458.50 39.278993
458.52 39.675605
458.54 40.100588
458.56 40.569734
458.58 41.545590
458.60 42.921291
458.62 43.371753
458.64 43.807963
458.66 44.198146
458.68 44.954117
458.70 46.362285
458.72 46.857417
458.74 46.857417
458.76 47.686444
458.78 48.704950
458.80 49.973329
458.82 50.286219
458.84 50.286219
458.86 51.108649
458.88 52.214866
458.90 53.580280
458.92 54.033296
458.94 54.424536
458.96 54.927543
458.98 55.502485
459.00 56.407763
459.02 56.685878
459.04 56.685878
459.06 57.258447
459.08 57.534672
459.10 58.090969
459.12 58.246025
459.14 58.334675
459.16 58.455687
459.18 58.552526
459.20 58.616468
459.22 58.626873
459.24 58.626873
459.26 58.663629
459.28 58.732043
459.30 58.871609
459.32 58.910086
459.34 58.910086
459.36 58.813352
459.38 58.740675
459.40 58.616546
459.42 58.600782
459.44 58.608045
459.46 58.610314
459.48 58.665806
459.50 58.672091
459.52 58.690906
459.54 58.690906
459.56 58.716788
459.58 58.697712
459.60 58.724050
459.62 58.681961
459.64 58.681257
459.66 58.664672
459.68 58.727792
459.70 58.719252
459.72 58.712289
459.74 58.712289
459.76 58.753596
459.78 58.774015
459.80 58.854320
459.82 58.897087
459.84 58.897087
459.86 58.906305
459.88 58.971812
459.90 58.937038
459.92 59.002361
459.94 59.080489
459.96 59.106189
459.98 59.085666
460.00 59.149894
460.02 59.238492
460.04 59.238492
460.06 59.230382
460.08 59.452027
460.10 59.433786
460.12 59.433786
460.14 59.486619
460.16 59.402715
460.18 59.157196
460.20 59.104272
460.22 59.104272
460.24 59.046172
460.26 58.993391
460.28 58.835388
460.30 58.795867
460.32 58.795867
460.34 58.825961
460.36 58.879133
460.38 59.095823
460.40 59.090268
460.42 59.090268
460.44 59.121640
460.46 59.096188
460.48 59.012975
460.50 59.047762
460.52 59.047762
460.54 59.055755
460.56 59.036901
460.58 59.281325
460.60 59.320363
460.62 59.320363
460.64 59.335018
460.66 59.401633
460.68 59.347548
460.70 59.345501
460.72 59.345501
460.74 59.362282
460.76 59.311105
460.78 59.518616
460.80 59.523427
460.82 59.523427
460.84 59.471716
460.86 59.481638
460.88 59.478939
460.90 59.393171
460.92 59.393171
460.94 59.416797
460.96 59.430070
460.98 59.534328
461.00 59.522867
461.02 59.522867
461.04 59.480387
461.06 59.551135
461.08 59.512996
461.10 59.446303
461.12 59.446303
461.14 59.459120
461.16 59.535423
461.18 59.537600
461.20 59.624399
461.22 59.624399
461.24 59.615389
461.26 59.640046
461.28 60.024075
461.30 60.160564
461.32 60.160564
461.34 60.211637
461.36 60.240530
461.38 59.987605
461.40 59.994477
461.42 59.994477
461.44 59.952218
461.46 59.841976
461.48 59.246290
461.50 58.434878
461.52 58.434878
461.54 57.960086
461.56 57.502193
461.58 55.988190
461.60 54.434406
461.62 54.434406
461.64 53.920864
461.66 53.408221
461.68 52.457621
461.70 50.549379
461.72 50.549379
461.74 50.069190
461.76 49.570042
461.78 48.620668
461.80 46.656660
461.82 46.656660
461.84 46.168869
461.86 45.620826
461.88 44.712223
461.90 42.751879
461.92 42.751879
461.94 42.290635
461.96 41.795386
461.98 40.780335
462.00 38.914809
462.02 38.914809
462.04 38.431112
462.06 37.963544
462.08 36.955026
462.10 34.921274
462.12 34.494296
462.14 34.494296
462.16 33.965550
462.18 33.004519
462.20 31.120308
462.22 31.120308
462.24 30.631878
462.26 29.457403
462.28 28.088052
462.30 28.088052
462.32 27.644814
462.34 27.250615
462.36 26.167789
462.38 23.856874
462.40 23.856874
462.42 23.437640
462.44 22.880600
462.46 22.140301
462.48 20.837695
462.50 20.837695
462.52 20.646209
462.54 20.605241
462.56 20.521989
462.58 20.430275
462.60 20.430275
462.62 20.425868
462.64 20.423012
462.66 20.418136
462.68 20.411682
462.70 20.409361
462.72 20.407170
462.74 20.405097
462.76 20.401733
462.78 20.394236
462.80 20.394236
462.82 20.392580
462.84 20.390337
462.86 20.387886
462.88 20.382175
462.90 20.382175
462.92 20.380610
462.94 20.378668
462.96 20.375669
462.98 20.371027
463.00 20.371027
463.02 20.369906
463.04 20.369188
463.06 20.367024
463.08 20.362773
463.10 20.362773
463.12 20.361769
463.14 20.360765
463.16 20.359096
463.18 20.356345
463.20 20.356345
463.22 20.355615
463.24 20.354676
463.26 20.353294
463.28 20.350100
463.30 20.350100
463.32 20.348900
463.34 20.348001
463.36 20.346944
463.38 20.344558
463.40 20.344024
463.42 20.343163
463.44 20.342746
463.46 20.341142
463.48 20.339995
463.50 20.339434
463.52 20.339265
463.54 20.338574
463.56 20.337609
463.58 20.335848
463.60 20.335392
463.62 20.335053
463.64 20.334271
463.66 20.336540
463.68 20.345249
463.70 20.349005
463.72 20.353581
463.74 20.369228
463.76 20.424081
463.78 20.512562
463.80 20.544989
463.82 20.577182
463.84 20.596883
463.86 20.608305
463.88 20.610757
463.90 20.610757
463.92 20.609427
463.94 20.608005
463.96 20.605854
463.98 20.603051
464.00 20.602203
464.02 20.601538
464.04 20.600665
464.06 20.598865
464.08 20.597001
464.10 20.595697
464.12 20.594862
464.14 20.593650
464.16 20.592489
464.18 20.590221
464.20 20.589386
464.22 20.589530
464.24 20.589373
464.26 20.587117
464.28 20.585357
464.30 20.584927
464.32 20.582697
464.34 20.582697
464.36 20.580885
464.38 20.578016
464.40 20.576908
464.42 20.576217
464.44 20.575187
464.46 20.575291
464.48 20.573622
464.50 20.572501
464.52 20.572775
464.54 20.570284
464.56 20.568602
464.58 20.568863
464.60 20.568016
464.62 20.566699
464.64 20.566242
464.66 20.562957
464.68 20.557780
464.70 20.554090
464.72 20.549501
464.74 20.525914
464.76 20.492574
464.78 20.437994
464.80 20.405892
464.82 20.374808
464.84 20.324322
464.86 20.288583
464.88 20.273184
464.90 20.269677
464.92 20.268673
464.94 20.268373
464.96 20.267304
464.98 20.266808
465.00 20.266300
465.02 20.266691
465.04 20.265831
465.06 20.265544
465.08 20.264957
465.10 20.264644
465.12 20.264644
465.14 20.264448
465.16 20.264136
465.18 20.263705
465.20 20.263027
465.22 20.262793
465.24 20.263040
465.26 20.262832
465.28 20.262845
465.30 20.262467
465.32 20.262506
465.34 20.261763
465.36 20.261906
465.38 20.261919
465.40 20.261293
465.42 20.261254
465.44 20.260798
465.46 20.260628
465.48 20.260081
465.50 20.259481
465.52 20.259820
465.54 20.259311
465.56 20.259546
465.58 20.258751
465.60 20.258490
465.62 20.258190
465.64 20.258385
465.66 20.256977
465.68 20.255960
465.70 20.255543
465.72 20.255543
465.74 20.255204
465.76 20.254448
465.78 20.253783
465.80 20.253613
465.82 20.253379
465.84 20.252349
465.86 20.252010
465.88 20.251775
465.90 20.251266
465.92 20.251149
465.94 20.250654
465.96 20.250093
465.98 20.249936
466.00 20.249871
466.02 20.249689
466.04 20.249754
466.06 20.248893
466.08 20.248450
466.10 20.248280
466.12 20.247902
466.14 20.247342
466.16 20.247316
466.18 20.247081
466.20 20.247237
466.22 20.247107
466.24 20.247824
466.26 20.247733
466.28 20.247707
466.30 20.247785
466.32 20.247576
466.34 20.247407
466.36 20.246859
466.38 20.245477
466.40 20.245308
466.42 20.245138
466.44 20.245282
466.46 20.244851
466.48 20.244434
466.50 20.244538
466.52 20.244551
466.54 20.244421
466.56 20.243534
466.58 20.243534
466.60 20.243534
466.62 20.243365
466.64 20.242570
466.66 20.243091
466.68 20.242739
466.70 20.242570
466.72 20.242922
466.74 20.242804
466.76 20.243521
466.78 20.243691
466.80 20.243704
466.82 20.243235
466.84 20.243574
466.86 20.243156
466.88 20.243156
466.90 20.242635
466.92 20.242765
466.94 20.242348
466.96 20.242609
466.98 20.242270
467.00 20.242113
467.02 20.242178
467.04 20.242009
467.06 20.242452
467.08 20.242452
467.10 20.242439
467.12 20.242231
467.14 20.241957
467.16 20.241005
467.18 20.240562
467.20 20.240223
467.22 20.240223
467.24 20.239584
467.26 20.239584
467.28 20.239362
467.30 20.239362
467.32 20.239206
467.34 20.238684
467.36 20.238684
467.38 20.238567
467.40 20.237850
467.42 20.237628
467.44 20.237445
467.46 20.237289
467.48 20.237289
467.50 20.237302
467.52 20.237315
467.54 20.236833
467.56 20.236898
467.58 20.236898
467.60 20.236898
467.62 20.236728
467.64 20.235959
467.66 20.235255
467.68 20.235190
467.70 20.234864
467.72 20.233977
467.74 20.239505
467.76 20.486798
467.78 20.714701
467.80 21.011045
467.82 21.010563
467.84 21.062431
467.86 21.228961
467.88 21.387590
467.90 21.389168
467.92 21.500753
467.94 21.629771
467.96 21.629771
467.98 21.698602
468.00 21.698289
468.02 21.746950
468.04 21.779546
468.06 22.122126
468.08 22.176080
468.10 22.187019
468.12 22.519545
468.14 22.518972
468.16 22.643778
468.18 22.736640
468.20 22.755024
468.22 22.906091
468.24 22.906430
468.26 23.019984
468.28 23.064798
468.30 23.065841
468.32 23.174193
468.34 23.174727
468.36 23.348742
468.38 23.348742
468.40 23.417130
468.42 23.472714
468.44 23.705638
468.46 23.835464
468.48 23.922093
468.50 23.954455
468.52 24.100619
468.54 24.246053
468.56 24.363792
468.58 24.405516
468.60 24.406442
468.62 24.518210
468.64 24.575476
468.66 24.685275
468.68 24.751890
468.70 25.046643
468.72 25.156259
468.74 25.338775
468.76 25.214790
468.78 25.062693
468.80 25.141591
468.82 25.044765
468.84 25.043227
468.86 24.933884
468.88 24.834490
468.90 24.771096
468.92 24.824176
468.94 24.846681
468.96 24.846968
468.98 24.939230
469.00 25.010473
469.02 25.039954
469.04 24.788880
469.06 24.790615
469.08 24.849132
469.10 24.698366
469.12 24.754667
469.14 24.737352
469.16 24.705381
469.18 24.734731
469.20 24.629065
469.22 24.686996
469.24 24.688365
469.26 24.687687
469.28 24.744666
469.30 24.743806
469.32 24.801528
469.34 24.802610
469.36 24.803823
469.38 24.861702
469.40 24.862341
469.42 24.791149
469.44 24.784382
469.46 24.770861
469.48 24.810029
469.50 24.592296
469.52 24.592296
469.54 24.577771
469.56 24.560625
469.58 24.621216
469.60 24.620642
469.62 24.618777
469.64 24.619377
469.66 24.617734
469.68 24.550155
469.70 24.549568
469.72 24.520348
469.74 24.493410
469.76 24.470188
469.78 24.265155
469.80 24.264164
469.82 24.260422
469.84 24.255532
469.86 24.255402
469.88 24.256080
469.90 24.282822
469.92 24.754119
469.94 24.838845
469.96 25.008192
469.98 25.315527
470.00 26.012798
470.02 26.765210
470.04 27.663955
470.06 28.026196
470.08 28.347392
470.10 28.938254
470.12 29.752952
470.14 30.442426
470.16 30.893265
470.18 31.269666
470.20 32.178073
470.22 33.069334
470.24 33.956318
470.26 34.412269
470.28 34.912956
470.30 35.721160
470.32 36.607336
470.34 37.312443
470.36 37.720216
470.38 38.045284
470.40 38.849185
470.42 39.808913
470.44 40.638526
470.46 41.082573
470.48 41.531130
470.50 42.328356
470.52 43.262188
470.54 44.204822
470.56 44.671764
470.58 45.092575
470.60 45.966899
470.62 46.867405
470.64 47.709171
470.66 48.106812
470.68 48.495952
470.70 49.397514
470.72 50.256934
470.74 51.054577
470.76 51.365551
470.78 51.785918
470.80 52.627919
470.82 53.532740
470.84 54.383764
470.86 54.930790
470.88 55.278219
470.90 55.967432
470.92 56.459226
470.94 57.429163
470.96 57.429163
470.98 57.651616
471.00 57.896040
471.02 58.136617
471.04 58.221017
471.06 58.215123
471.08 58.480957
471.10 58.612322
471.12 58.741092
471.14 58.791304
471.16 58.853668
471.18 58.974732
471.20 59.037827
471.22 58.962867
471.24 58.930622
471.26 58.971447
471.28 58.974537
471.30 58.942918
471.32 59.154249
471.34 59.214540
471.36 59.210277
471.38 59.415089
471.40 59.562387
471.42 59.559323
471.44 59.588647
471.46 59.719151
471.48 59.700128
471.50 59.511497
471.52 59.543129
471.54 59.527130
471.56 59.500297
471.58 59.546010
471.60 59.640228
471.62 59.715735
471.64 59.672629
471.66 59.735020
471.68 59.818924
471.70 59.839681
471.72 59.751774
471.74 59.805637
471.76 59.859174
471.78 59.829342
471.80 59.859005
471.82 59.934577
471.84 59.906791
471.86 59.906791
471.88 59.894287
471.90 59.889111
471.92 59.869318
471.94 59.868197
471.96 59.868197
471.98 59.828637
472.00 59.793211
472.02 59.802743
472.04 59.825078
472.06 59.825078
472.08 59.912815
472.10 59.900924
472.12 59.823109
472.14 59.799183
472.16 59.799183
472.18 59.786066
472.20 59.765986
472.22 59.863438
472.24 59.896035
472.26 59.896035
472.28 59.882357
472.30 59.947720
472.32 59.827216
472.34 59.795715
472.36 59.795715
472.38 59.792572
472.40 59.702762
472.42 59.839225
472.44 59.801908
472.46 59.801908
472.48 59.707560
472.50 59.847843
472.52 59.848091
472.54 59.875616
472.56 59.875616
472.58 59.887168
472.60 59.848874
472.62 59.882500
472.64 59.877141
472.66 59.877141
472.68 59.849369
472.70 59.913650
472.72 60.096779
472.74 60.141410
472.76 60.141410
472.78 60.246906
472.80 60.211949
472.82 60.254625
472.84 60.296036
472.86 60.296036
472.88 60.295136
472.90 60.359652
472.92 60.429044
472.94 60.429005
472.96 60.429005
472.98 60.477339
473.00 60.472398
473.02 60.435811
473.04 60.394752
473.06 60.394752
473.08 60.332623
473.10 60.367384
473.12 60.452618
473.14 60.463896
473.16 60.461836
473.18 60.461836
473.20 60.489165
473.22 60.373108
473.24 60.367214
473.26 60.367214
473.28 60.288969
473.30 59.786092
473.32 59.247672
473.34 58.876082
473.36 58.411864
473.38 57.438603
473.40 56.136688
473.42 55.751707
473.44 55.751707
473.46 54.861385
473.48 53.829215
473.50 52.306437
473.52 51.727753
473.54 51.727753
473.56 50.702102
473.58 49.673948
473.60 48.276746
473.62 47.813519
473.64 47.813519
473.66 46.807296
473.68 45.776156
473.70 44.154154
473.72 43.655944
473.74 43.655944
473.76 42.624739
473.78 41.693306
473.80 40.252150
473.82 39.675592
473.84 39.675592
473.86 38.672745
473.88 37.673641
473.90 36.233555
473.92 35.789548
473.94 35.789548
473.96 34.853447
473.98 33.978980
474.00 32.543079
474.02 32.128005
474.04 32.128005
474.06 31.093513
474.08 30.053207
474.10 28.628063
474.12 27.996703
474.14 27.996703
474.16 26.954284
474.18 26.067508
474.20 24.334586
474.22 23.966034
474.24 23.966034
474.26 23.029255
474.28 22.066450
474.30 21.153441
474.32 20.843810
474.34 20.843810
474.36 20.555864
474.38 20.481439
474.40 20.447721
474.42 20.432126
474.44 20.432126
474.46 20.425046
474.48 20.420105
474.50 20.415215
474.52 20.409517
474.54 20.409517
474.56 20.404393
474.58 20.401446
474.60 20.398108
474.62 20.394640
474.64 20.394640
474.66 20.389672
474.68 20.386986
474.70 20.384170
474.72 20.380845
474.74 20.380845
474.76 20.377194
474.78 20.374821
474.80 20.372487
474.82 20.370010
474.84 20.370010
474.86 20.367572
474.88 20.365955
474.90 20.363712
474.92 20.361378
474.94 20.361378
474.96 20.359344
474.98 20.357936
475.00 20.355863
475.02 20.354181
475.04 20.354181
475.06 20.352447
475.08 20.350921
475.10 20.349904
475.12 20.348287
475.14 20.348287
475.16 20.345745
475.18 20.344245
475.20 20.342824
475.22 20.341651
475.24 20.341651
475.26 20.340347
475.28 20.339551
475.30 20.337909
475.32 20.336540
475.34 20.336540
475.36 20.334988
475.38 20.334910
475.40 20.333358
475.42 20.332354
475.44 20.332354
475.46 20.332185
475.48 20.334923
475.50 20.341416
475.52 20.345445
475.54 20.350230
475.56 20.356345
475.58 20.356098
475.60 20.360257
475.62 20.360257
475.64 20.358679
475.66 20.357089
475.68 20.355433
475.70 20.353581
475.72 20.353581
475.74 20.352486
475.76 20.350778
475.78 20.349357
475.80 20.347792
475.82 20.347792
475.84 20.346788
475.86 20.345288
475.88 20.344037
475.90 20.342694
475.92 20.341820
475.94 20.340256
475.96 20.339004
475.98 20.338065
476.00 20.337113
476.02 20.336279
476.04 20.335457
476.06 20.333827
476.08 20.331559
476.10 20.330881
476.12 20.330881
476.14 20.329759
476.16 20.327869
476.18 20.326630
476.20 20.324948
476.22 20.324948
476.24 20.322979
476.26 20.321623
476.28 20.320580
476.30 20.318950
476.32 20.318950
476.34 20.318025
476.36 20.316708
476.38 20.315586
476.40 20.313917
476.42 20.313917
476.44 20.312196
476.46 20.309276
476.48 20.305168
476.50 20.296784
476.52 20.291817
476.54 20.286210
476.56 20.276927
476.58 20.272454
476.60 20.268738
476.62 20.268738
476.64 20.267134
476.66 20.266170
476.68 20.266130
476.70 20.265113
476.72 20.264683
476.74 20.264175
476.76 20.263132
476.78 20.262532
476.80 20.261958
476.82 20.261958
476.84 20.261710
476.86 20.261124
476.88 20.260954
476.90 20.260354
476.92 20.259924
476.94 20.259311
476.96 20.258803
476.98 20.257942
477.00 20.257043
477.02 20.257043
477.04 20.256599
477.06 20.256443
477.08 20.255334
477.10 20.254995
477.12 20.254995
477.14 20.254148
477.16 20.253626
477.18 20.253144
477.20 20.252974
477.22 20.252974
477.24 20.251879
477.26 20.252049
477.28 20.251123
477.30 20.250654
477.32 20.250654
477.34 20.249715
477.36 20.249519
477.38 20.248606
477.40 20.248541
477.42 20.248007
477.44 20.247863
477.46 20.247889
477.48 20.247694
477.50 20.247172
477.52 20.247172
477.54 20.246833
477.56 20.246155
477.58 20.245725
477.60 20.245907
477.62 20.245907
477.64 20.245516
477.66 20.245660
477.68 20.245660
477.70 20.245829
477.72 20.245516
477.74 20.245542
477.76 20.245960
477.78 20.245764
477.80 20.245764
477.82 20.245960
477.84 20.245934
477.86 20.245047
477.88 20.245242
477.90 20.245242
477.92 20.245073
477.94 20.245803
477.96 20.245725
477.98 20.245686
478.00 20.245686
478.02 20.244630
478.04 20.244604
478.06 20.244199
478.08 20.244056
478.10 20.243899
478.12 20.244212
478.14 20.244069
478.16 20.244317
478.18 20.244317
478.20 20.244317
478.22 20.243965
478.24 20.243939
478.26 20.243404
478.28 20.242791
478.30 20.242791
478.32 20.243482
478.34 20.244030
478.36 20.243965
478.38 20.244043
478.40 20.244043
478.42 20.243886
478.44 20.243886
478.46 20.243795
478.48 20.243639
478.50 20.243639
478.52 20.243078
478.54 20.243078
478.56 20.243443
478.58 20.242987
478.60 20.242987
478.62 20.243182
478.64 20.243182
478.66 20.243091
478.68 20.242817
478.70 20.242817
478.72 20.242622
478.74 20.242622
478.76 20.267043
478.78 20.326604
478.80 20.326604
478.82 20.360466
478.84 20.391537
478.86 20.462520
478.88 20.495573
478.90 20.495573
478.92 20.496094
478.94 20.496094
478.96 20.496420
478.98 20.495951
479.00 20.495951
479.02 20.496316
479.04 20.496172
479.06 20.496251
479.08 20.496733
479.10 20.495886
479.12 20.496368
479.14 20.496824
479.16 20.495520
479.18 20.494816
479.20 20.494816
479.22 20.494842
479.24 20.493708
479.26 20.493708
479.28 20.493017
479.30 20.493017
479.32 20.492313
479.34 20.493434
479.36 20.495377
479.38 20.495859
479.40 20.496185
479.42 20.495534
479.44 20.495534
479.46 20.493499
479.48 20.493343
479.50 20.493343
479.52 20.571002
479.54 20.569985
479.56 20.569828
479.58 20.712967
479.60 20.712537
479.62 20.995685
479.64 20.995685
479.66 21.026248
479.68 21.256994
479.70 21.256994
479.72 21.316920
479.74 21.618544
479.76 21.618544
479.78 21.944525
479.80 21.944525
479.82 21.941813
479.84 21.959572
479.86 22.057975
479.88 22.057975
479.90 22.124381
479.92 22.124381
479.94 22.434676
479.96 22.553146
479.98 22.561048
480.00 22.561048
480.02 22.629683
480.04 22.697198
480.06 22.909664
480.08 22.909664
480.10 22.910107
480.12 22.967816
480.14 23.128714
480.16 23.365823
480.18 23.365823
480.20 23.440626
480.22 23.440626
480.24 23.773752
480.26 23.933176
480.28 23.933176
480.30 24.064685
480.32 24.064685
480.34 24.246235
480.36 24.302980
480.38 24.302980
480.40 24.302641
480.42 24.360911
480.44 24.466903
480.46 24.653434
480.48 24.653434
480.50 24.723191
480.52 24.718589
480.54 24.860802
480.56 25.031753
480.58 25.031753
480.60 25.336754
480.62 25.125944
480.64 25.211335
480.66 25.072994
480.68 25.072994
480.70 25.134015
480.72 25.115239
480.74 25.233018
480.76 25.010421
480.78 25.010421
480.80 25.037894
480.82 25.037594
480.84 25.108146
480.86 24.858690
480.88 24.858690
480.90 24.908341
480.92 24.907585
480.94 24.700543
480.96 24.667138
480.98 24.667138
481.00 24.697909
481.02 24.698014
481.04 24.732931
481.06 24.730311
481.08 24.730311
481.10 24.801971
481.12 24.801241
481.14 24.829261
481.16 24.805661
481.18 24.805661
481.20 24.822038
481.22 24.821947
481.24 24.545122
481.26 24.510791
481.28 24.510791
481.30 24.582673
481.32 24.582725
481.34 24.581291
481.36 24.580235
481.38 24.580235
481.40 24.640422
481.42 24.639978
481.44 24.639913
481.46 24.639027
481.48 24.639027
481.50 24.615505
481.52 24.615505
481.54 24.558839
481.56 24.536595
481.58 24.536595
481.60 24.308717
481.62 24.307987
481.64 24.303241
481.66 24.301037
481.68 24.301037
481.70 24.300020
481.72 24.300020
481.74 24.299499
481.76 24.298781
481.78 24.298781
481.80 24.298560
481.82 24.301207
481.84 24.315223
481.86 24.895146
481.88 24.895146
481.90 25.137288
481.92 25.367395
481.94 26.031835
481.96 27.439676
481.98 27.439676
482.00 28.057437
482.02 28.887612
482.04 29.352207
482.06 30.529289
482.08 30.529289
482.10 30.962540
482.12 31.325629
482.14 32.691759
482.16 33.101814
482.18 33.497369
482.20 33.889508
482.22 34.527244
482.24 36.477236
482.26 36.477236
482.28 36.893509
482.30 37.241643
482.32 38.114624
482.34 40.038759
482.36 40.038759
482.38 40.379017
482.40 40.915312
482.42 41.731940
482.44 43.395770
482.46 43.395770
482.48 43.779473
482.50 44.201458
482.52 45.063969
482.54 46.640401
482.56 46.640401
482.58 47.208562
482.60 47.638227
482.62 48.536477
482.64 50.607623
482.66 50.607623
482.68 51.017952
482.70 51.453666
482.72 52.246472
482.74 53.892152
482.76 53.892152
482.78 54.354622
482.80 54.758131
482.82 55.576571
482.84 56.996773
482.86 56.996773
482.88 57.339118
482.90 57.624339
482.92 57.918858
482.94 58.303487
482.96 58.303487
482.98 58.405528
483.00 58.427433
483.02 58.667032
483.04 59.013079
483.06 59.013079
483.08 59.043538
483.10 59.104350
483.12 59.247580
483.14 59.351082
483.16 59.351082
483.18 59.375933
483.20 59.398047
483.22 59.383014
483.24 59.510128
483.26 59.552543
483.28 59.582767
483.30 59.550039
483.32 59.573731
483.34 59.519777
483.36 59.425441
483.38 59.403563
483.40 59.405362
483.42 59.405844
483.44 59.441922
483.46 59.454140
483.48 59.573392
483.50 59.601008
483.52 59.710546
483.54 59.845940
483.56 59.824283
483.58 59.783211
483.60 59.816446
483.62 59.707325
483.64 59.638090
483.66 59.530077
483.68 59.572401
483.70 59.571527
483.72 59.685798
483.74 59.731590
483.76 59.804438
483.78 59.774775
483.80 59.788687
483.82 59.741604
483.84 59.803238
483.86 59.766704
483.88 59.740757
483.90 59.778099
483.92 59.735189
483.94 59.806172
483.96 59.905579
483.98 59.829459
484.00 59.913715
484.02 59.975140
484.04 59.955569
484.06 59.895500
484.08 59.941501
484.10 59.995481
484.12 59.931291
484.14 59.920143
484.16 59.985689
484.18 59.960029
484.20 59.958738
484.22 59.967421
484.24 59.940145
484.26 59.940145
484.28 59.873960
484.30 59.910612
484.32 59.901576
484.34 59.862890
484.36 59.883113
484.38 59.866293
484.40 59.864950
484.42 59.862316
484.44 59.885108
484.46 59.926024
484.48 59.912555
484.50 59.926793
484.52 59.913037
484.54 59.872747
484.56 59.966313
484.58 59.945582
484.60 59.967669
484.62 60.059657
484.64 60.185846
484.66 60.254716
484.68 60.221807
484.70 60.270219
484.72 60.244846
484.74 60.290795
484.76 60.212080
484.78 60.265956
484.80 60.250987
484.82 60.157708
484.84 60.190409
484.86 60.232538
484.88 60.197802
484.90 60.250388
484.92 60.306402
484.94 60.266047
484.96 60.216096
484.98 60.269333
485.00 60.219421
485.02 60.153953
485.04 60.201440
485.06 60.265904
485.08 60.144213
485.10 60.140549
485.12 60.189940
485.14 60.184007
485.16 60.126220
485.18 60.168765
485.20 60.164228
485.22 59.922738
485.24 59.603342
485.26 59.157418
485.28 58.724846
485.30 58.332876
485.32 57.451889
485.34 56.572572
485.36 55.604044
485.38 55.148458
485.40 54.569396
485.42 53.551034
485.44 52.631231
485.46 51.592541
485.48 51.089743
485.50 50.587896
485.52 49.647283
485.54 48.646132
485.56 47.676965
485.58 47.174544
485.60 46.653387
485.62 45.710584
485.64 44.699458
485.66 44.150385
485.68 42.996655
485.70 42.471678
485.72 41.468375
485.74 40.481840
485.76 40.024156
485.78 38.999522
485.80 38.562999
485.82 37.656535
485.84 36.767503
485.86 36.263987
485.88 35.785519
485.90 34.751028
485.92 33.774728
485.94 32.758609
485.96 32.294392
485.98 31.754954
486.00 30.764899
486.02 29.720029
486.04 28.812365
486.06 28.294781
486.08 27.857880
486.10 26.902051
486.12 26.027923
486.14 24.881521
486.16 24.395464
486.18 23.833234
486.20 22.925271
486.22 21.998662
486.24 21.311822
486.26 20.995203
486.28 20.630575
486.30 20.552174
486.32 20.471933
486.34 20.435373
486.36 20.430223
486.38 20.426976
486.40 20.419779
486.42 20.415997
486.44 20.410756
486.46 20.409426
486.48 20.407053
486.50 20.402828
486.52 20.399282
486.54 20.393675
486.56 20.393675
486.58 20.388760
486.60 20.386452
486.62 20.384105
486.64 20.382697
486.66 20.381640
486.68 20.378003
486.70 20.376946
486.72 20.374026
486.74 20.372226
486.76 20.371001
486.78 20.367898
486.80 20.366776
486.82 20.364964
486.84 20.363386
486.86 20.362108
486.88 20.360752
486.90 20.358862
486.92 20.356880
486.94 20.355068
486.96 20.354559
486.98 20.353177
487.00 20.351886
487.02 20.350321
487.04 20.349826
487.06 20.348991
487.08 20.346514
487.10 20.344976
487.12 20.343828
487.14 20.343150
487.16 20.342720
487.18 20.342563
487.20 20.341481
487.22 20.340308
487.24 20.338873
487.26 20.338313
487.28 20.337530
487.30 20.336826
487.32 20.335496
487.34 20.334388
487.36 20.333919
487.38 20.332380
487.40 20.332159
487.42 20.335418
487.44 20.337335
487.46 20.345784
487.48 20.349396
487.50 20.354963
487.52 20.359735
487.54 20.359110
487.56 20.357010
487.58 20.355915
487.60 20.353985
487.62 20.352225
487.64 20.351325
487.66 20.349291
487.68 20.348222
487.70 20.346214
487.72 20.344206
487.74 20.343998
487.76 20.343294
487.78 20.342589
487.80 20.340542
487.82 20.338626
487.84 20.338013
487.86 20.336879
487.88 20.334258
487.90 20.332615
487.92 20.331141
487.94 20.331572
487.96 20.329929
487.98 20.329381
488.00 20.328143
488.02 20.326239
488.04 20.325535
488.06 20.324726
488.08 20.322705
488.10 20.320763
488.12 20.319967
488.14 20.319733
488.16 20.318663
488.18 20.316590
488.20 20.314895
488.22 20.313187
488.24 20.312848
488.26 20.311010
488.28 20.310358
488.30 20.309067
488.32 20.307124
488.34 20.307007
488.36 20.305807
488.38 20.303838
488.40 20.302000
488.42 20.299718
488.44 20.296589
488.46 20.291347
488.48 20.280995
488.50 20.273693
488.52 20.263901
488.54 20.263562
488.56 20.262349
488.58 20.262193
488.60 20.261410
488.62 20.260641
488.64 20.260472
488.66 20.259337
488.68 20.259689
488.70 20.259442
488.72 20.259181
488.74 20.259181
488.76 20.258790
488.78 20.258790
488.80 20.258842
488.82 20.259011
488.84 20.259624
488.86 20.259742
488.88 20.260433
488.90 20.260302
488.92 20.259768
488.94 20.259598
488.96 20.258894
488.98 20.258451
489.00 20.258294
489.02 20.258320
489.04 20.258724
489.06 20.258724
489.08 20.258555
489.10 20.258255
489.12 20.258255
489.14 20.258086
489.16 20.257499
489.18 20.257655
489.20 20.257668
489.22 20.257642
489.24 20.258020
489.26 20.258112
489.28 20.258046
489.30 20.258125
489.32 20.258125
489.34 20.257760
489.36 20.257825
489.38 20.257734
489.40 20.257121
489.42 20.256951
489.44 20.256886
489.46 20.256873
489.48 20.257134
489.50 20.256899
489.52 20.256756
489.54 20.256690
489.56 20.256378
489.58 20.256104
489.60 20.255999
489.62 20.255660
489.64 20.255752
489.66 20.255752
489.68 20.255595
489.70 20.255778
489.72 20.255439
489.74 20.255452
489.76 20.254826
489.78 20.254565
489.80 20.254735
489.82 20.254396
489.84 20.253679
489.86 20.253248
489.88 20.252062
489.90 20.251618
489.92 20.251449
489.94 20.250406
489.96 20.250236
489.98 20.250419
490.00 20.250249
490.02 20.250080
490.04 20.249949
490.06 20.249858
490.08 20.249623
490.10 20.249545
490.12 20.249154
490.14 20.248698
490.16 20.248111
490.18 20.248072
490.20 20.247655
490.22 20.247368
490.24 20.246781
490.26 20.246990
490.28 20.246429
490.30 20.246546
490.32 20.246716
490.34 20.245999
490.36 20.245503
490.38 20.245034
490.40 20.245125
490.42 20.244617
490.44 20.244278
490.46 20.243704
490.48 20.243534
490.50 20.243691
490.52 20.244134
490.54 20.244095
490.56 20.243691
490.58 20.243678
490.60 20.243508
490.62 20.243521
490.64 20.242791
490.66 20.242556
490.68 20.241774
490.70 20.241513
490.72 20.241735
490.74 20.241566
490.76 20.241214
490.78 20.240888
490.80 20.240118
490.82 20.240183
490.84 20.239688
490.86 20.239571
490.88 20.239153
490.90 20.238593
490.92 20.238514
490.94 20.238906
490.96 20.238906
490.98 20.238906
491.00 20.238736
491.02 20.238215
491.04 20.238215
491.06 20.237654
491.08 20.237654
491.10 20.237654
491.12 20.237628
491.14 20.237589
491.16 20.237263
491.18 20.236806
491.20 20.236741
491.22 20.236050
491.24 20.235594
491.26 20.235255
491.28 20.234577
491.30 20.234525
491.32 20.234525
491.34 20.234916
491.36 20.234446
491.38 20.234446
491.40 20.234720
491.42 20.234316
491.44 20.234316
491.46 20.234147
491.48 20.233495
491.50 20.233156
491.52 20.232660
491.54 20.232830
491.56 20.232491
491.58 20.526487
491.60 20.526487
491.62 20.557089
491.64 20.837656
491.66 21.263344
491.68 21.263344
491.70 21.263070
491.72 21.263070
491.74 21.403406
491.76 21.508185
491.78 21.607227
491.80 21.607227
491.82 21.635417
491.84 21.699632
491.86 22.259814
491.88 22.404948
491.90 22.404948
491.92 22.406956
491.94 22.488539
491.96 22.631183
491.98 22.751035
492.00 22.750018
492.02 22.795601
492.04 22.795601
492.06 22.923693
492.08 23.035996
492.10 23.035996
492.12 23.092623
492.14 23.091449
492.16 23.309274
492.18 23.309274
492.20 23.365627
492.22 23.365627
492.24 23.420729
492.26 23.465999
492.28 23.593179
492.30 23.593179
492.32 23.594052
492.34 23.684580
492.36 23.739551
492.38 23.911701
492.40 23.911701
492.42 23.927530
492.44 24.670228
492.46 24.769583
492.48 25.040671
492.50 25.040671
492.52 25.056787
492.54 25.251663
492.56 25.308512
492.58 25.320064
492.60 25.320064
492.62 25.318982
492.64 25.246318
492.66 25.303570
492.68 24.902239
492.70 24.902239
492.72 24.903347
492.74 24.863227
492.76 24.919502
492.78 24.868912
492.80 24.868912
492.82 24.847633
492.84 24.973691
492.86 24.870307
492.88 24.632416
492.90 24.632416
492.92 24.622155
492.94 24.709631
492.96 24.562828
492.98 24.545930
493.00 24.545930
493.02 24.545930
493.04 24.661153
493.06 24.660606
493.08 24.660306
493.10 24.660306
493.12 24.660488
493.14 24.792909
493.16 24.793887
493.18 24.793574
493.20 24.793053
493.22 24.824059
493.24 24.824033
493.26 24.824515
493.28 24.824515
493.30 24.823733
493.32 24.988620
493.34 24.989077
493.36 24.988164
493.38 24.988164
493.40 24.983314
493.42 24.537416
493.44 24.519110
493.46 24.519110
493.48 24.414630
493.50 24.332617
493.52 24.284335
493.54 24.260748
493.56 24.260748
493.58 24.260748
493.60 24.259887
493.62 24.259444
493.64 24.259405
493.66 24.259339
493.68 24.259339
493.70 24.259431
493.72 24.259287
493.74 24.258987
493.76 24.259379
493.78 24.259379
493.80 24.268727
493.82 24.353009
493.84 24.382581
493.86 24.478285
493.88 24.478285
493.90 24.805805
493.92 25.035117
493.94 25.114966
493.96 25.802066
493.98 25.802066
494.00 26.246165
494.02 27.593168
494.04 27.961550
494.06 29.098643
494.08 29.098643
494.10 29.606527
494.12 30.713644
494.14 31.120921
494.16 32.235444
494.18 32.235444
494.20 32.235444
494.22 33.820220
494.24 34.180232
494.26 35.474898
494.28 35.474898
494.30 35.474898
494.32 37.477252
494.34 37.893578
494.36 39.219198
494.38 39.219198
494.40 39.219198
494.42 41.038528
494.44 41.430263
494.46 42.708539
494.48 42.708539
494.50 42.708539
494.52 44.378132
494.54 44.852442
494.56 45.609013
494.58 46.055393
494.60 46.055393
494.62 47.997548
494.64 48.408293
494.66 49.278131
494.68 49.788023
494.70 49.788023
494.72 51.401929
494.74 51.813130
494.76 52.669891
494.78 53.055354
494.80 53.055354
494.82 54.860342
494.84 55.223965
494.86 55.944432
494.88 56.291692
494.90 56.291692
494.92 57.480066
494.94 57.776332
494.96 58.293199
494.98 58.519851
495.00 58.519851
495.02 58.650095
495.04 58.773037
495.06 58.859209
495.08 58.886082
495.10 58.886082
495.12 59.115929
495.14 59.085574
495.16 59.287062
495.18 59.357419
495.20 59.357419
495.22 59.660973
495.24 59.802860
495.26 59.760080
495.28 59.760080
495.30 59.760080
495.32 59.775479
495.34 59.737745
495.36 59.861769
495.38 59.861769
495.40 59.848169
495.42 59.813004
495.44 59.847739
495.46 59.842602
495.48 59.842602
495.50 59.888029
495.52 59.907052
495.54 59.843997
495.56 59.803825
495.58 59.803825
495.60 59.956299
495.62 59.878784
495.64 59.898447
495.66 59.974019
495.68 59.974019
495.70 59.884730
495.72 59.944786
495.74 59.911264
495.76 59.859161
495.78 59.859161
495.80 60.060283
495.82 60.101981
495.84 60.095018
495.86 60.118605
495.88 60.118605
495.90 60.040282
495.92 60.074365
495.94 60.055563
495.96 60.094158
495.98 60.094158
496.00 60.195090
496.02 60.159482
496.04 60.112647
496.06 60.141175
496.08 60.141175
496.10 60.025809
496.12 59.931917
496.14 59.973732
496.16 59.945673
496.18 59.945673
496.20 59.991087
496.22 60.018846
496.24 59.939623
496.26 59.943508
496.28 59.943508
496.30 59.917757
496.32 59.826434
496.34 59.858522
496.36 59.899490
496.38 59.899490
496.40 59.870557
496.42 59.984567
496.44 59.966222
496.46 59.927041
496.48 59.927041
496.50 59.973458
496.52 59.885160
496.54 59.921734
496.56 59.997072
496.58 59.997072
496.60 59.917183
496.62 60.087717
496.64 60.134669
496.66 60.084692
496.68 60.090051
496.70 60.121265
496.72 60.068719
496.74 60.070858
496.76 60.092254
496.78 60.104041
496.80 60.009993
496.82 60.028782
496.84 60.022979
496.86 60.060374
496.88 60.015300
496.90 60.071483
496.92 60.061730
496.94 60.042394
496.96 60.048509
496.98 60.042042
497.00 59.974814
497.02 59.962728
497.04 59.968712
497.06 60.029447
497.08 60.001439
497.10 60.074248
497.12 60.157174
497.14 60.205978
497.16 60.181934
497.18 60.202796
497.20 60.119922
497.22 60.100742
497.24 60.057688
497.26 60.012027
497.28 59.895630
497.30 59.512201
497.32 58.947925
497.34 58.132940
497.36 57.690459
497.38 57.221065
497.40 56.157745
497.42 55.093565
497.44 54.105270
497.46 53.591297
497.48 52.605584
497.50 52.066316
497.52 51.173086
497.54 50.099687
497.56 49.676607
497.58 49.070112
497.60 47.734101
497.62 46.766394
497.64 46.365088
497.66 45.205895
497.68 45.205895
497.70 44.452336
497.72 43.116155
497.74 42.585271
497.76 42.003666
497.78 40.994340
497.80 39.987165
497.82 39.061990
497.84 38.510700
497.86 38.144169
497.88 37.125794
497.90 36.268499
497.92 35.246864
497.94 34.816821
497.96 34.266940
497.98 33.283026
498.00 32.324485
498.02 31.280554
498.04 30.754937
498.06 30.265855
498.08 29.308293
498.10 28.420083
498.12 27.502523
498.14 27.046663
498.16 26.562210
498.18 25.540745
498.20 24.375971
498.22 23.305884
498.24 22.785600
498.26 22.306206
498.28 21.562387
498.30 20.997094
498.32 20.635152
498.34 20.533372
498.36 20.510580
498.38 20.461776
498.40 20.430392
498.42 20.422778
498.44 20.421043
498.46 20.419035
498.48 20.413194
498.50 20.408213
498.52 20.403233
498.54 20.400455
498.56 20.398604
498.58 20.393571
498.60 20.390324
498.62 20.386465
498.64 20.384587
498.66 20.383244
498.68 20.379489
498.70 20.376647
498.72 20.373152
498.74 20.371392
498.76 20.370023
498.78 20.366672
498.80 20.364403
498.82 20.362108
498.84 20.361078
498.86 20.360413
498.88 20.357884
498.90 20.356045
498.92 20.353946
498.94 20.352838
498.96 20.352316
498.98 20.350973
499.00 20.349135
499.02 20.347479
499.04 20.347088
499.06 20.346175
499.08 20.344271
499.10 20.342107
499.12 20.340621
499.14 20.339930
499.16 20.339643
499.18 20.338274
499.20 20.337152
499.22 20.335053
499.24 20.334519
499.26 20.334010
499.28 20.332719
499.30 20.332093
499.32 20.330177
499.34 20.330007
499.36 20.329812
499.38 20.328025
499.40 20.326682
499.42 20.325313
499.44 20.324792
499.46 20.324622
499.48 20.324479
499.50 20.323253
499.52 20.322523
499.54 20.322262
499.56 20.321480
499.58 20.320280
499.60 20.321597
499.62 20.324739
499.64 20.327686
499.66 20.330503
499.68 20.339473
499.70 20.347166
499.72 20.350491
499.74 20.350843
499.76 20.349813
499.78 20.347557
499.80 20.345028
499.82 20.344011
499.84 20.344011
499.86 20.343150
499.88 20.342811
499.90 20.341859
499.92 20.341142
499.94 20.340164
499.96 20.338795
499.98 20.337061
500.00 20.336031
500.02 20.335483
500.04 20.335014
500.06 20.332680
500.08 20.331050
500.10 20.329838
500.12 20.328638
500.14 20.327973
500.16 20.326604
500.18 20.324870
500.20 20.324127
500.22 20.323696
500.24 20.323018
500.26 20.321467
500.28 20.320111
500.30 20.319302
500.32 20.318364
500.34 20.317568
500.36 20.315326
500.38 20.313774
500.40 20.312992
500.42 20.312079
500.44 20.311192
500.46 20.309719
500.48 20.308702
500.50 20.307620
500.52 20.306824
500.54 20.306159
500.56 20.304360
500.58 20.302574
500.60 20.301139
500.62 20.298558
500.64 20.296028
500.66 20.285115
500.68 20.274058
500.70 20.265348
500.72 20.262454
500.74 20.260680
500.76 20.259885
500.78 20.258751
500.80 20.257942
500.82 20.257368
500.84 20.257199
500.86 20.255543
500.88 20.255204
500.90 20.254317
500.92 20.254057
500.94 20.253366
500.96 20.252857
500.98 20.252870
501.00 20.252349
501.02 20.251918
501.04 20.251775
501.06 20.251345
501.08 20.250654
501.10 20.250497
501.12 20.250588
501.14 20.250080
501.16 20.249141
501.18 20.248972
501.20 20.248789
501.22 20.248619
501.24 20.248619
501.26 20.249298
501.28 20.249689
501.30 20.248815
501.32 20.248489
501.34 20.248659
501.36 20.247237
501.38 20.246859
501.40 20.246638
501.42 20.246533
501.44 20.246507
501.46 20.245881
501.48 20.245542
501.50 20.244917
501.52 20.244708
501.54 20.244708
501.56 20.245438
501.58 20.245451
501.60 20.245229
501.62 20.245229
501.64 20.244786
501.66 20.244421
501.68 20.244382
501.70 20.244317
501.72 20.244212
501.74 20.244486
501.76 20.244343
501.78 20.243847
501.80 20.242961
501.82 20.242896
501.84 20.242452
501.86 20.242478
501.88 20.242126
501.90 20.242387
501.92 20.242387
501.94 20.242387
501.96 20.242231
501.98 20.242596
502.00 20.242426
502.02 20.242426
502.04 20.242909
502.06 20.242856
502.08 20.242752
502.10 20.243182
502.12 20.243039
502.14 20.243000
502.16 20.243169
502.18 20.243169
502.20 20.242909
502.22 20.242687
502.24 20.242009
502.26 20.241709
502.28 20.242113
502.30 20.241944
502.32 20.241435
502.34 20.241566
502.36 20.241761
502.38 20.241292
502.40 20.241057
502.42 20.240888
502.44 20.241487
502.46 20.241070
502.48 20.240796
502.50 20.240940
502.52 20.240927
502.54 20.240927
502.56 20.240940
502.58 20.240666
502.60 20.240666
502.62 20.241122
502.64 20.240392
502.66 20.240444
502.68 20.239871
502.70 20.239597
502.72 20.239310
502.74 20.239297
502.76 20.239323
502.78 20.239753
502.80 20.240105
502.82 20.240105
502.84 20.240105
502.86 20.239688
502.88 20.239271
502.90 20.239362
502.92 20.239362
502.94 20.238840
502.96 20.238867
502.98 20.238449
503.00 20.238280
503.02 20.238110
503.04 20.238293
503.06 20.237602
503.08 20.237263
503.10 20.236989
503.12 20.236950
503.14 20.236272
503.16 20.235646
503.18 20.234916
503.20 20.234694
503.22 20.234733
503.24 20.234694
503.26 20.234512
503.28 20.234499
503.30 20.234368
503.32 20.234368
503.34 20.234368
503.36 20.234003
503.38 20.233768
503.40 20.233768
503.42 20.233808
503.44 20.233064
503.46 20.232686
503.48 20.231656
503.50 20.231656
503.52 20.231278
503.54 20.230926
503.56 20.230822
503.58 20.230822
503.60 20.440980
503.62 20.440980
503.64 20.440980
503.66 20.441292
503.68 20.441332
503.70 20.472481
503.72 20.472638
503.74 20.611591
503.76 20.611591
503.78 20.690893
503.80 20.707295
503.82 20.707074
503.84 20.777717
503.86 20.788683
503.88 21.040552
503.90 21.316138
503.92 21.335591
503.94 21.335591
503.96 21.439145
503.98 21.506490
504.00 21.576156
504.02 21.576156
504.04 21.912580
504.06 22.264730
504.08 22.375220
504.10 22.432603
504.12 22.499740
504.14 22.531971
504.16 22.679700
504.18 22.741412
504.20 22.741412
504.22 22.902923
504.24 22.902923
504.26 22.949132
504.28 23.006215
504.30 23.042711
504.32 23.044080
504.34 23.201952
504.36 23.259492
504.38 23.316654
504.40 23.316654
504.42 23.429791
504.44 23.572604
504.46 23.617013
504.48 23.681229
504.50 23.681229
504.52 23.781301
504.54 24.177991
504.56 24.265207
504.58 24.339697
504.60 24.339697
504.62 24.398788
504.64 24.480789
504.66 24.538055
504.68 24.564276
504.70 24.564276
504.72 24.649536
504.74 24.568931
504.76 24.654856
504.78 24.694141
504.80 24.694141
504.82 25.141786
504.84 25.269109
504.86 25.103700
504.88 24.992050
504.90 24.992050
504.92 25.125892
504.94 25.125892
504.96 25.073372
504.98 24.965268
505.00 24.965268
505.02 24.832339
505.04 24.841244
505.06 24.802597
505.08 24.801711
505.10 24.801711
505.12 24.736035
505.14 24.562737
505.16 24.562737
505.18 24.562724
505.20 24.562724
505.22 24.619469
505.24 24.689082
505.26 24.688052
505.28 24.687557
505.30 24.687557
505.32 24.761186
505.34 24.803901
505.36 24.803901
505.38 24.830239
505.40 24.830239
505.42 24.901170
505.44 25.020761
505.46 25.662109
505.48 25.791414
505.50 25.791414
505.52 26.410244
505.54 27.227145
505.56 27.980378
505.58 28.349674
505.60 28.349674
505.62 29.084509
505.64 30.300265
505.66 30.721676
505.68 31.630813
505.70 31.630813
505.72 32.623789
505.74 33.857629
505.76 34.293343
505.78 35.249237
505.80 35.249237
505.82 35.733781
505.84 36.919091
505.86 37.280485
505.88 38.118496
505.90 38.118496
505.92 38.887519
505.94 40.075841
505.96 40.075841
505.98 41.303318
506.00 41.303318
506.02 42.100127
506.04 43.372222
506.06 43.372222
506.08 44.785005
506.10 44.785005
506.12 45.601281
506.14 46.911332
506.16 46.911332
506.18 48.225882
506.20 48.225882
506.22 49.170745
506.24 50.558911
506.26 50.558911
506.28 51.947429
506.30 51.947429
506.32 53.121747
506.34 53.121747
506.36 54.967663
506.38 55.346073
506.40 55.346073
506.42 56.155294
506.44 57.248107
506.46 57.591312
506.48 57.591312
506.50 57.591312
506.52 58.127738
506.54 58.289170
506.56 58.645948
506.58 58.645948
506.60 58.846797
506.62 58.939398
506.64 58.976832
506.66 58.849052
506.68 58.849052
506.70 59.012792
506.72 59.095992
506.74 59.044007
506.76 58.999480
506.78 58.999480
506.80 58.984172
506.82 59.079746
506.84 59.104050
506.86 59.231100
506.88 59.231100
506.90 59.355658
506.92 59.438506
506.94 59.455091
506.96 59.469043
506.98 59.469043
507.00 59.570849
507.02 59.607188
507.04 59.658378
507.06 59.765934
507.08 59.765934
507.10 59.729595
507.12 59.773705
507.14 59.760510
507.16 59.636786
507.18 59.636786
507.20 59.651272
507.22 59.565256
507.24 59.491300
507.26 59.571162
507.28 59.571162
507.30 59.435220
507.32 59.534419
507.34 59.551760
507.36 59.502226
507.38 59.502226
507.40 59.611608
507.42 59.572753
507.44 59.540808
507.46 59.620005
507.48 59.620005
507.50 59.569637
507.52 59.534797
507.54 59.585296
507.56 59.565464
507.58 59.565464
507.60 59.583927
507.62 59.610722
507.64 59.546128
507.66 59.551760
507.68 59.551760
507.70 59.513870
507.72 59.540443
507.74 59.633970
507.76 59.742152
507.78 59.742152
507.80 59.821870
507.82 59.859696
507.84 59.879723
507.86 59.828246
507.88 59.828246
507.90 59.741708
507.92 59.708812
507.94 59.728161
507.96 59.823683
507.98 59.823683
508.00 59.861273
508.02 59.876855
508.04 59.897482
508.06 59.932465
508.08 59.932465
508.10 59.967552
508.12 59.913467
508.14 59.911538
508.16 59.905175
508.18 59.905175
508.20 59.839720
508.22 59.862251
508.24 59.857779
508.26 59.784867
508.28 59.695956
508.30 59.764200
508.32 59.776613
508.34 59.754499
508.36 59.793837
508.38 59.852903
508.40 59.842876
508.42 59.900898
508.44 59.942491
508.46 59.935164
508.48 59.883191
508.50 59.932765
508.52 59.997502
508.54 59.896882
508.56 59.956234
508.58 59.956234
508.60 59.957382
508.62 59.940275
508.64 59.997606
508.66 60.027960
508.68 60.027960
508.70 59.983785
508.72 59.950706
508.74 59.916531
508.76 59.916531
508.78 59.898160
508.80 59.796315
508.82 59.704887
508.84 59.404188
508.86 59.165776
508.88 58.361783
508.90 57.457014
508.92 57.036255
508.94 56.005910
508.96 55.510817
508.98 54.657564
509.00 53.682190
509.02 53.145634
509.04 52.175906
509.06 51.678349
509.08 50.671565
509.10 49.657245
509.12 49.234387
509.14 48.227277
509.16 47.758561
509.18 46.736861
509.20 45.957420
509.22 45.524743
509.24 44.636886
509.26 44.069245
509.28 43.255500
509.30 42.296529
509.32 41.777523
509.34 40.812098
509.36 40.261434
509.38 39.124902
509.40 37.961679
509.42 37.550869
509.44 36.588716
509.46 36.145961
509.48 35.253644
509.50 34.142824
509.52 33.655476
509.54 32.736899
509.56 32.163926
509.58 30.949579
509.60 30.062738
509.62 29.595157
509.64 28.584044
509.66 28.083619
509.68 27.157310
509.70 26.235864
509.72 25.732244
509.74 24.894064
509.76 24.484401
509.78 23.535365
509.80 22.524044
509.82 22.068901
509.84 21.323909
509.86 21.071414
509.88 20.750206
509.90 20.570141
509.92 20.498924
509.94 20.433965
509.96 20.426128
509.98 20.416610
510.00 20.410143
510.02 20.407705
510.04 20.402828
510.06 20.400729
510.08 20.397522
510.10 20.393884
510.12 20.391967
510.14 20.388538
510.16 20.386491
510.18 20.382579
510.20 20.378368
510.22 20.377325
510.24 20.374391
510.26 20.372592
510.28 20.370440
510.30 20.367715
510.32 20.366581
510.34 20.364182
510.36 20.362265
510.38 20.359814
510.40 20.358288
510.42 20.357780
510.44 20.356032
510.46 20.354455
510.48 20.353020
510.50 20.350999
510.52 20.350308
510.54 20.347635
510.56 20.346292
510.58 20.345732
510.60 20.344558
510.62 20.344376
510.64 20.342915
510.66 20.342185
510.68 20.340269
510.70 20.340712
510.72 20.341872
510.74 20.347609
510.76 20.355276
510.78 20.358744
510.80 20.360818
510.82 20.362839
510.84 20.361965
510.86 20.361965
510.88 20.359527
510.90 20.359527
510.92 20.359018
510.94 20.357780
510.96 20.356267
510.98 20.352329
511.00 20.350999
511.02 20.348900
511.04 20.348261
511.06 20.346527
511.08 20.344467
511.10 20.343698
511.12 20.342550
511.14 20.342303
511.16 20.340542
511.18 20.339760
511.20 20.338913
511.22 20.337061
511.24 20.336800
511.26 20.334962
511.28 20.332419
511.30 20.332067
511.32 20.330594
511.34 20.330164
511.36 20.328456
511.38 20.326369
511.40 20.325691
511.42 20.324570
511.44 20.324570
511.46 20.322223
511.48 20.320750
511.50 20.319733
511.52 20.318246
511.54 20.318129
511.56 20.316708
511.58 20.314256
511.60 20.313748
511.62 20.312744
511.64 20.312744
511.66 20.310553
511.68 20.309002
511.70 20.308206
511.72 20.304112
511.74 20.301439
511.76 20.293603
511.78 20.282520
511.80 20.277148
511.82 20.269781
511.84 20.269442
511.86 20.269168
511.88 20.268543
511.90 20.268373
511.92 20.267643
511.94 20.267017
511.96 20.265648
511.98 20.264266
512.00 20.263927
512.02 20.263079
512.04 20.263079
512.06 20.262819
512.08 20.262441
512.10 20.262271
512.12 20.261671
512.14 20.261684
512.16 20.260967
512.18 20.260393
512.20 20.260224
512.22 20.259794
512.24 20.259794
512.26 20.259168
512.28 20.258438
512.30 20.257955
512.32 20.257486
512.34 20.257486
512.36 20.257603
512.38 20.256743
512.40 20.256417
512.42 20.255530
512.44 20.255530
512.46 20.254304
512.48 20.253457
512.50 20.253431
512.52 20.253157
512.54 20.253157
512.56 20.252388
512.58 20.252205
512.60 20.251866
512.62 20.250784
512.64 20.250784
512.66 20.250471
512.68 20.249923
512.70 20.249754
512.72 20.249728
512.74 20.249728
512.76 20.248998
512.78 20.248633
512.80 20.248463
512.82 20.248215
512.84 20.248215
512.86 20.246820
512.88 20.246859
512.90 20.246520
512.92 20.246273
512.94 20.245751
512.96 20.245960
512.98 20.245190
513.00 20.245190
513.02 20.245282
513.04 20.245282
513.06 20.244643
513.08 20.245034
513.10 20.245216
513.12 20.245047
513.14 20.244838
513.16 20.244864
513.18 20.245073
513.20 20.245034
513.22 20.244695
513.24 20.244278
513.26 20.244095
513.28 20.244082
513.30 20.244265
513.32 20.244265
513.34 20.243404
513.36 20.243756
513.38 20.243169
513.40 20.242987
513.42 20.242987
513.44 20.242896
513.46 20.243600
513.48 20.243613
513.50 20.243665
513.52 20.243665
513.54 20.243443
513.56 20.242400
513.58 20.242426
513.60 20.242257
513.62 20.242257
513.64 20.241931
513.66 20.241905
513.68 20.242035
513.70 20.241892
513.72 20.241892
513.74 20.241474
513.76 20.242022
513.78 20.241748
513.80 20.241566
513.82 20.241566
513.84 20.241422
513.86 20.241070
513.88 20.241005
513.90 20.241174
513.92 20.241174
513.94 20.240718
513.96 20.240679
513.98 20.240562
514.00 20.240314
514.02 20.240210
514.04 20.239466
514.06 20.238775
514.08 20.238893
514.10 20.238658
514.12 20.238658
514.14 20.238736
514.16 20.238580
514.18 20.238488
514.20 20.238006
514.22 20.238006
514.24 20.237641
514.26 20.237445
514.28 20.236767
514.30 20.236885
514.32 20.236780
514.34 20.236780
514.36 20.235476
514.38 20.235203
514.40 20.235033
514.42 20.234251
514.44 20.234251
514.46 20.234251
514.48 20.234251
514.50 20.234094
514.52 20.234094
514.54 20.234068
514.56 20.233899
514.58 20.233482
514.60 20.233312
514.62 20.233312
514.64 20.232699
514.66 20.232504
514.68 20.232008
514.70 20.231669
514.72 20.231669
514.74 20.230717
514.76 20.230430
514.78 20.230430
514.80 20.288440
514.82 20.288440
514.84 20.298962
514.86 20.665219
514.88 20.665363
514.90 21.306189
514.92 21.417553
514.94 21.417553
514.96 21.418074
514.98 21.478157
515.00 21.530233
515.02 21.530233
515.04 21.538956
515.06 21.598113
515.08 21.598113
515.10 21.723454
515.12 21.723454
515.14 21.978856
515.16 22.025026
515.18 22.081706
515.20 22.248940
515.22 22.248940
515.24 22.248940
515.26 22.306323
515.28 22.306323
515.30 22.375024
515.32 22.375376
515.34 22.491955
515.36 22.827624
515.38 22.882999
515.40 23.002343
515.42 23.090771
515.44 23.148898
515.46 23.518402
515.48 23.592175
515.50 23.655869
515.52 23.703721
515.54 23.747427
515.56 23.994758
515.58 23.994758
515.60 23.994758
515.62 24.052754
515.64 24.232532
515.66 24.232532
515.68 24.348994
515.70 24.348994
515.72 24.418620
515.74 24.535538
515.76 24.582791
515.78 24.615218
515.80 24.672314
515.82 24.714338
515.84 24.581161
515.86 24.695302
515.88 24.218450
515.90 24.218450
515.92 24.248582
515.94 24.079979
515.96 24.190678
515.98 24.180703
516.00 24.135328
516.02 24.191004
516.04 24.190117
516.06 24.306918
516.08 24.307739
516.10 24.307583
516.12 24.509852
516.14 24.819391
516.16 25.023277
516.18 25.122880
516.20 25.195519
516.22 26.122649
516.24 26.424860
516.26 27.189202
516.28 27.493722
516.30 27.956309
516.32 28.695108
516.34 29.570618
516.36 30.230377
516.38 30.680095
516.40 31.027420
516.42 31.846747
516.44 32.592144
516.46 33.006018
516.48 33.330721
516.50 33.688086
516.52 34.613417
516.54 35.595441
516.56 36.361843
516.58 36.795145
516.60 37.273927
516.62 38.157677
516.64 39.108916
516.66 40.034039
516.68 40.536603
516.70 40.902912
516.72 41.968618
516.74 42.806055
516.76 43.665528
516.78 44.003961
516.80 44.472807
516.82 45.289212
516.84 46.320587
516.86 47.214860
516.88 47.680068
516.90 48.113292
516.92 49.155881
516.94 50.090834
516.96 50.960816
516.98 51.454983
517.00 51.873995
517.02 52.725866
517.04 53.621690
517.06 54.314033
517.08 54.748365
517.10 55.155682
517.12 55.829222
517.14 56.549167
517.16 57.412082
517.18 57.630767
517.20 57.976111
517.22 58.146383
517.24 58.422713
517.26 58.566295
517.28 58.691636
517.30 58.688024
517.32 58.761954
517.34 58.940128
517.36 59.081415
517.38 58.994890
517.40 58.994890
517.42 59.149034
517.44 59.328812
517.46 59.350469
517.48 59.516843
517.50 59.644766
517.52 59.603185
517.54 59.569076
517.56 59.558958
517.58 59.555138
517.60 59.616302
517.62 59.646682
517.64 59.694117
517.66 59.649003
517.68 59.576899
517.70 59.580889
517.72 59.552738
517.74 59.479448
517.76 59.527248
517.78 59.593080
517.80 59.576795
517.82 59.480478
517.84 59.573535
517.86 59.542633
517.88 59.488040
517.90 59.511562
517.92 59.649134
517.94 59.529112
517.96 59.575843
517.98 59.611034
518.00 59.595727
518.02 59.574735
518.04 59.698524
518.06 59.680453
518.08 59.704013
518.10 59.768790
518.12 59.865524
518.14 59.859852
518.16 59.876881
518.18 59.874925
518.20 59.875134
518.22 59.778569
518.24 59.844506
518.26 59.874351
518.28 59.899646
518.30 59.898329
518.32 60.082397
518.34 60.099217
518.36 60.066816
518.38 60.085709
518.40 60.103298
518.42 60.020685
518.44 59.984502
518.46 60.018364
518.48 59.997502
518.50 60.004295
518.52 60.144292
518.54 60.181530
518.56 60.124016
518.58 60.120587
518.60 60.120587
518.62 60.149064
518.64 60.144096
518.66 60.227570
518.68 60.249032
518.70 60.249032
518.72 60.247584
518.74 60.254495
518.76 60.232759
518.78 60.207790
518.80 60.207790
518.82 60.221963
518.84 60.202288
518.86 60.273557
518.88 60.281550
518.90 60.281550
518.92 60.195012
518.94 60.242669
518.96 60.253008
518.98 60.236136
519.00 60.236136
519.02 60.272110
519.04 60.228795
519.06 60.324056
519.08 60.331580
519.10 60.331580
519.12 60.247936
519.14 60.275735
519.16 60.193930
519.18 60.171569
519.20 60.171569
519.22 60.236188
519.24 60.244755
519.26 60.282398
519.28 60.309283
519.30 60.309283
519.32 60.124642
519.34 60.154644
519.36 60.181048
519.38 60.130627
519.40 60.130627
519.42 60.259775
519.44 60.237740
519.46 60.214127
519.48 60.244064
519.50 60.244064
519.52 59.807084
519.54 59.560731
519.56 58.899356
519.58 58.503879
519.60 57.521190
519.62 56.523938
519.64 56.059538
519.66 55.022452
519.68 54.549238
519.70 54.549238
519.72 53.618157
519.74 53.618157
519.76 52.881535
519.78 52.881535
519.80 50.155102
519.82 49.257491
519.84 47.972135
519.86 47.477916
519.88 47.477916
519.90 45.618192
519.92 45.156869
519.94 44.574052
519.96 43.646244
519.98 43.646244
520.00 41.642351
520.02 41.083081
520.04 40.183788
520.06 39.654612
520.08 39.654612
520.10 37.698180
520.12 37.268450
520.14 36.655644
520.16 35.798506
520.18 35.798506
520.20 34.021434
520.22 33.467980
520.24 33.023542
520.26 32.103505
520.28 32.103505
520.30 29.982668
520.32 29.530576
520.34 29.016525
520.36 28.034450
520.38 28.034450
520.40 26.256022
520.42 25.750798
520.44 25.233188
520.46 24.302615
520.48 24.302615
520.50 22.131344
520.52 21.713649
520.54 21.443343
520.56 20.875273
520.58 20.875273
520.60 20.482104
520.62 20.465245
520.64 20.450146
520.66 20.432218
520.68 20.432218
520.70 20.419622
520.72 20.417249
520.74 20.414667
520.76 20.410339
520.78 20.410339
520.80 20.401759
520.82 20.399308
520.84 20.397274
520.86 20.393832
520.88 20.393832
520.90 20.387208
520.92 20.385604
520.94 20.384026
520.96 20.380649
520.98 20.380649
521.00 20.375017
521.02 20.373974
521.04 20.372253
521.06 20.371053
521.08 20.371053
521.10 20.365238
521.12 20.364221
521.14 20.362995
521.16 20.361157
521.18 20.361157
521.20 20.356397
521.22 20.355511
521.24 20.353698
521.26 20.352460
521.28 20.352460
521.30 20.348248
521.32 20.347596
521.34 20.346918
521.36 20.345627
521.38 20.345627
521.40 20.342355
521.42 20.341833
521.44 20.341377
521.46 20.340451
521.48 20.340451
521.50 20.348014
521.52 20.351039
521.54 20.354768
521.56 20.362317
521.58 20.362317
521.60 20.363738
521.62 20.362865
521.64 20.360792
521.66 20.359579
521.68 20.359579
521.70 20.356763
521.72 20.355876
521.74 20.353581
521.76 20.352681
521.78 20.352681
521.80 20.349839
521.82 20.348991
521.84 20.347114
521.86 20.346618
521.88 20.346618
521.90 20.344884
521.92 20.344884
521.94 20.344167
521.96 20.342459
521.98 20.340438
522.00 20.338886
522.02 20.336370
522.04 20.335861
522.06 20.335861
522.08 20.333932
522.10 20.333306
522.12 20.331793
522.14 20.331102
522.16 20.331102
522.18 20.328482
522.20 20.327543
522.22 20.325652
522.24 20.325052
522.26 20.325052
522.28 20.323996
522.30 20.323005
522.32 20.321988
522.34 20.321219
522.36 20.321219
522.38 20.317568
522.40 20.317360
522.42 20.315873
522.44 20.315195
522.46 20.315195
522.48 20.309276
522.50 20.304816
522.52 20.295155
522.54 20.290487
522.56 20.290487
522.58 20.276614
522.60 20.275140
522.62 20.273432
522.64 20.272924
522.66 20.272924
522.68 20.271659
522.70 20.271763
522.72 20.271255
522.74 20.270877
522.76 20.270877
522.78 20.269403
522.80 20.269312
522.82 20.269312
522.84 20.268986
522.86 20.268986
522.88 20.266926
522.90 20.266665
522.92 20.265974
522.94 20.265700
522.96 20.265700
522.98 20.264448
523.00 20.264214
523.02 20.263914
523.04 20.263914
523.06 20.263914
523.08 20.263797
523.10 20.263536
523.12 20.262467
523.14 20.261958
523.16 20.261958
523.18 20.260185
523.20 20.259924
523.22 20.259624
523.24 20.259194
523.26 20.259194
523.28 20.258281
523.30 20.257851
523.32 20.257016
523.34 20.256756
523.36 20.256756
523.38 20.255478
523.40 20.255282
523.42 20.254357
523.44 20.254526
523.46 20.254526
523.48 20.254304
523.50 20.254122
523.52 20.253613
523.54 20.253613
523.56 20.253613
523.58 20.252922
523.60 20.252779
523.62 20.252440
523.64 20.252362
523.66 20.252362
523.68 20.250745
523.70 20.249806
523.72 20.249193
523.74 20.249180
523.76 20.249180
523.78 20.248463
523.80 20.248267
523.82 20.247602
523.84 20.252753
523.86 20.252753
523.88 20.355889
523.90 20.388616
523.92 20.453758
523.94 20.480995
523.96 20.480995
523.98 20.505221
524.00 20.505730
524.02 20.505143
524.04 20.505026
524.06 20.505026
524.08 20.503787
524.10 20.503604
524.12 20.503774
524.14 20.503774
524.16 20.505326
524.18 20.505495
524.20 20.505104
524.22 20.505456
524.24 20.505456
524.26 20.504061
524.28 20.503018
524.30 20.502887
524.32 20.502757
524.34 20.502757
524.36 20.503670
524.38 20.504269
524.40 20.504413
524.42 20.504622
524.44 20.504622
524.46 20.503722
524.48 20.503435
524.50 20.504674
524.52 20.504504
524.54 20.504504
524.56 20.503761
524.58 20.504282
524.60 20.504309
524.62 20.503070
524.64 20.503070
524.66 20.503709
524.68 20.503213
524.70 20.503070
524.72 20.503891
524.74 20.503891
524.76 20.504687
524.78 20.505026
524.80 20.504934
524.82 20.504217
524.84 20.504217
524.86 20.491492
524.88 20.472090
524.90 20.411903
524.92 20.380923
524.94 20.380923
524.96 20.264540
524.98 20.250171
525.00 20.245686
525.02 20.244630
525.04 20.244630
525.06 20.244121
525.08 20.244460
525.10 20.244225
525.12 20.243574
525.14 20.242452
525.16 20.241566
525.18 20.240848
525.20 20.240848
525.22 20.240666
525.24 20.240666
525.26 20.240157
525.28 20.239427
525.30 20.239427
525.32 20.239271
525.34 20.239271
525.36 20.239479
525.38 20.239805
525.40 20.239453
525.42 20.239584
525.44 20.238867
525.46 20.497594
525.48 20.497476
525.50 20.497098
525.52 20.529265
525.54 20.529265
525.56 20.659169
525.58 20.659000
525.60 20.680696
525.62 20.780325
525.64 20.780325
525.66 20.861387
525.68 21.233251
525.70 21.233251
525.72 21.520376
525.74 21.520376
525.76 21.602455
525.78 21.604332
525.80 21.703687
525.82 21.703687
525.84 21.703544
525.86 21.795480
525.88 21.795271
525.90 21.850894
525.92 21.908734
525.94 21.908734
525.96 22.296427
525.98 22.296479
526.00 22.353263
526.02 22.408821
526.04 22.408821
526.06 22.547813
526.08 22.570357
526.10 22.626137
526.12 22.750683
526.14 22.750683
526.16 22.863402
526.18 23.193477
526.20 23.561834
526.22 23.651501
526.24 23.651501
526.26 23.785878
526.28 23.845152
526.30 23.944024
526.32 23.944024
526.34 24.005880
526.36 24.052193
526.38 24.097451
526.40 24.236274
526.42 24.236274
526.44 24.339501
526.46 24.339501
526.48 24.433302
526.50 24.508287
526.52 24.508287
526.54 24.328836
526.56 24.385554
526.58 24.425244
526.60 24.522904
526.62 24.522904
526.64 24.863410
526.66 24.911549
526.68 24.738955
526.70 24.527533
526.72 24.527533
526.74 24.683658
526.76 24.718406
526.78 24.676526
526.80 24.652756
526.82 24.652756
526.84 24.757653
526.86 24.828831
526.88 24.897662
526.90 24.897597
526.92 24.897597
526.94 24.794774
526.96 24.837450
526.98 24.837932
527.00 24.878952
527.02 24.878952
527.04 25.160366
527.06 25.395624
527.08 25.631781
527.10 26.213672
527.12 26.213672
527.14 27.361470
527.16 27.817238
527.18 28.163285
527.20 28.588452
527.22 28.588452
527.24 30.322391
527.26 30.636559
527.28 30.967951
527.30 31.698679
527.32 31.698679
527.34 33.501189
527.36 33.865595
527.38 34.226950
527.40 34.981500
527.42 34.981500
527.44 36.066360
527.46 36.817481
527.48 37.203374
527.50 37.981264
527.52 37.981264
527.54 39.353510
527.56 40.136966
527.58 40.502063
527.60 41.343047
527.62 41.343047
527.64 42.541057
527.66 43.292595
527.68 43.691110
527.70 44.394040
527.72 44.394040
527.74 45.301769
527.76 46.072721
527.78 46.072721
527.80 47.380047
527.82 47.380047
527.84 48.694128
527.86 49.567421
527.88 49.567421
527.90 50.808211
527.92 50.808211
527.94 52.189401
527.96 53.118514
527.98 53.551581
528.00 54.328610
528.02 54.328610
528.04 55.031983
528.06 56.103165
528.08 56.301236
528.10 56.703546
528.12 56.703546
528.14 57.005509
528.16 57.230688
528.18 57.230688
528.20 57.402238
528.22 57.402238
528.24 57.570177
528.26 57.670588
528.28 57.670588
528.30 57.886809
528.32 57.886809
528.34 57.931557
528.36 58.066026
528.38 58.066026
528.40 58.281256
528.42 58.281256
528.44 58.613482
528.46 58.657944
528.48 58.657944
528.50 58.886760
528.52 58.948525
528.54 59.121392
528.56 59.121392
528.58 59.109135
528.60 59.109135
528.62 59.351721
528.64 59.507155
528.66 59.507155
528.68 59.528134
528.70 59.528134
528.72 59.580732
528.74 59.615350
528.76 59.615350
528.78 59.961411
528.80 59.961411
528.82 60.123808
528.84 60.229043
528.86 60.229043
528.88 60.279751
528.90 60.279751
528.92 60.358909
528.94 60.337056
528.96 60.337056
528.98 60.449189
529.00 60.449189
529.02 60.295749
529.04 60.189249
529.06 60.189249
529.08 60.268629
529.10 60.268629
529.12 60.363485
529.14 60.309023
529.16 60.309023
529.18 60.341293
529.20 60.341293
529.22 60.242877
529.24 60.189797
529.26 60.189797
529.28 60.155844
529.30 60.155844
529.32 60.206864
529.34 60.252500
529.36 60.252500
529.38 60.152219
529.40 60.152219
529.42 60.124773
529.44 60.031246
529.46 60.031246
529.48 60.056684
529.50 60.056684
529.52 60.028925
529.54 60.094614
529.56 60.094614
529.58 60.015169
529.60 60.015169
529.62 60.014609
529.64 59.919113
529.66 59.919113
529.68 60.018194
529.70 60.018194
529.72 60.040138
529.74 60.051938
529.76 60.051938
529.78 59.936259
529.80 59.936259
529.82 59.916975
529.84 59.905357
529.86 59.905357
529.88 59.937680
529.90 59.937680
529.92 59.863399
529.94 59.908943
529.96 59.908943
529.98 59.764722
530.00 59.764722
530.02 59.852381
530.04 59.861612
530.06 59.861612
530.08 59.852903
530.10 59.852903
530.12 59.747198
530.14 59.837491
530.16 59.837491
530.18 59.805024
530.20 59.805024
530.22 59.885460
530.24 59.979991
530.26 59.979991
530.28 60.052212
530.30 60.052212
530.32 60.015730
530.34 59.956899
530.36 59.956899
530.38 59.998388
530.40 59.949076
530.42 59.962010
530.44 60.052238
530.46 60.052238
530.48 59.798309
530.50 59.664506
530.52 59.336491
530.54 57.690159
530.56 57.690159
530.58 56.776628
530.60 56.165934
530.62 55.116448
530.64 54.121386
530.66 53.556771
530.68 52.588099
530.70 52.070267
530.72 51.555772
530.74 51.555772
530.76 50.686821
530.78 50.327030
530.80 49.884327
530.82 47.174649
530.84 46.774817
530.86 45.381044
530.88 44.907348
530.90 44.465231
530.92 43.497694
530.94 42.580486
530.96 41.586897
530.98 41.126943
531.00 40.673001
531.02 39.737421
531.04 38.661715
531.06 37.754846
531.08 37.304750
531.10 36.748284
531.12 35.805194
531.14 34.877973
531.16 34.003740
531.18 33.429868
531.20 32.976916
531.22 32.070530
531.24 31.029611
531.26 30.015069
531.28 29.587947
531.30 29.056411
531.32 27.907883
531.34 27.005865
531.36 26.059268
531.38 25.512007
531.40 25.063450
531.42 24.216260
531.44 23.165274
531.46 22.196016
531.48 21.885316
531.50 21.521419
531.52 20.936972
531.54 20.613938
531.56 20.474489
531.58 20.448438
531.60 20.442257
531.62 20.430614
531.64 20.422934
531.66 20.416610
531.68 20.414707
531.70 20.412373
531.72 20.407444
531.74 20.403193
531.76 20.399947
531.78 20.397939
531.80 20.396387
531.82 20.392097
531.84 20.389294
531.86 20.386191
531.88 20.384457
531.90 20.383036
531.92 20.379619
531.94 20.376673
531.96 20.373935
531.98 20.372500
532.00 20.370740
532.02 20.366750
532.04 20.364834
532.06 20.363021
532.08 20.361913
532.10 20.361039
532.12 20.358940
532.14 20.357454
532.16 20.355498
532.18 20.355185
532.20 20.353711
532.22 20.351534
532.24 20.350673
532.26 20.349474
532.28 20.348744
532.30 20.348079
532.32 20.346697
532.34 20.345562
532.36 20.344050
532.38 20.343176
532.40 20.342277
532.42 20.339995
532.44 20.338639
532.46 20.336970
532.48 20.336031
532.50 20.335444
532.52 20.333501
532.54 20.332250
532.56 20.331415
532.58 20.331115
532.60 20.331141
532.62 20.329329
532.64 20.328482
532.66 20.327634
532.68 20.328964
532.70 20.331233
532.72 20.337322
532.74 20.344584
532.76 20.353294
532.78 20.355224
532.80 20.356241
532.82 20.353711
532.84 20.351964
532.86 20.351964
532.88 20.351404
532.90 20.350374
532.92 20.349461
532.94 20.348835
532.96 20.347088
532.98 20.347088
533.00 20.346540
533.02 20.344741
533.04 20.343176
533.06 20.342498
533.08 20.341103
533.10 20.340595
533.12 20.339004
533.14 20.337491
533.16 20.336279
533.18 20.336005
533.20 20.335392
533.22 20.333528
533.24 20.331989
533.26 20.331298
533.28 20.330190
533.30 20.329173
533.32 20.327269
533.34 20.325939
533.36 20.325483
533.38 20.324896
533.40 20.324857
533.42 20.323357
533.44 20.321884
533.46 20.321310
533.48 20.320437
533.50 20.319524
533.52 20.317855
533.54 20.316121
533.56 20.315195
533.58 20.314139
533.60 20.313357
533.62 20.312874
533.64 20.310762
533.66 20.310423
533.68 20.307998
533.70 20.304360
533.72 20.292364
533.74 20.281503
533.76 20.276053
533.78 20.272350
533.80 20.269273
533.82 20.268008
533.84 20.267473
533.86 20.266756
533.88 20.266626
533.90 20.266326
533.92 20.264970
533.94 20.264136
533.96 20.263797
533.98 20.263575
534.00 20.263184
534.02 20.261880
534.04 20.261332
534.06 20.260719
534.08 20.260380
534.10 20.260315
534.12 20.258816
534.14 20.258138
534.16 20.257890
534.18 20.258073
534.20 20.257721
534.22 20.256795
534.24 20.255713
534.26 20.255243
534.28 20.254604
534.30 20.254370
534.32 20.253092
534.34 20.252935
534.36 20.252166
534.38 20.251970
534.40 20.251866
534.42 20.251084
534.44 20.250732
534.46 20.250497
534.48 20.250328
534.50 20.250380
534.52 20.249923
534.54 20.249584
534.56 20.249076
534.58 20.248919
534.60 20.248880
534.62 20.248320
534.64 20.248059
534.66 20.248046
534.68 20.247863
534.70 20.247902
534.72 20.247915
534.74 20.247576
534.76 20.247133
534.78 20.246990
534.80 20.246468
534.82 20.244630
534.84 20.244212
534.86 20.244004
534.88 20.243952
534.90 20.243743
534.92 20.243821
534.94 20.243678
534.96 20.243339
534.98 20.242830
535.00 20.242309
535.02 20.242543
535.04 20.242413
535.06 20.242452
535.08 20.242283
535.10 20.241905
535.12 20.241631
535.14 20.241735
535.16 20.241905
535.18 20.242139
535.20 20.242335
535.22 20.243130
535.24 20.243300
535.26 20.243991
535.28 20.243965
535.30 20.243730
535.32 20.243652
535.34 20.244121
535.36 20.244617
535.38 20.244173
535.40 20.243182
535.42 20.243156
535.44 20.243378
535.46 20.242869
535.48 20.242882
535.50 20.242987
535.52 20.243274
535.54 20.243443
535.56 20.243443
535.58 20.242882
535.60 20.242178
535.62 20.242231
535.64 20.242191
535.66 20.242374
535.68 20.242191
535.70 20.241944
535.72 20.242113
535.74 20.242100
535.76 20.242048
535.78 20.241813
535.80 20.241683
535.82 20.241487
535.84 20.241892
535.86 20.241761
535.88 20.241539
535.90 20.241513
535.92 20.241709
535.94 20.241878
535.96 20.241878
535.98 20.242478
536.00 20.242165
536.02 20.241605
536.04 20.241878
536.06 20.241892
536.08 20.241826
536.10 20.241657
536.12 20.241357
536.14 20.241187
536.16 20.241187
536.18 20.240640
536.20 20.240457
536.22 20.239727
536.24 20.239232
536.26 20.238880
536.28 20.238397
536.30 20.239271
536.32 20.238867
536.34 20.238919
536.36 20.238580
536.38 20.238136
536.40 20.237876
536.42 20.237484
536.44 20.237419
536.46 20.237419
536.48 20.237419
536.50 20.237419
536.52 20.237080
536.54 20.236976
536.56 20.236976
536.58 20.236780
536.60 20.236663
536.62 20.236089
536.64 20.235724
536.66 20.235555
536.68 20.235385
536.70 20.234942
536.72 20.234812
536.74 20.234812
536.76 20.234316
536.78 20.234329
536.80 20.384040
536.82 20.493160
536.84 20.823261
536.86 20.852938
536.88 20.852794
536.90 21.086969
536.92 21.342698
536.94 21.414071
536.96 21.416236
536.98 21.487545
537.00 21.545632
537.02 21.545632
537.04 21.599951
537.06 21.599182
537.08 21.598374
537.10 21.646421
537.12 21.704222
537.14 21.761853
537.16 21.761123
537.18 21.826942
537.20 22.069919
537.22 22.128006
537.24 22.195807
537.26 22.198454
537.28 22.219212
537.30 22.559639
537.32 22.920929
537.34 23.001821
537.36 23.034248
537.38 23.282023
537.40 23.524908
537.42 23.524908
537.44 23.523865
537.46 23.523865
537.48 23.779671
537.50 23.822425
537.52 23.822425
537.54 23.823886
537.56 23.823664
537.58 24.002294
537.60 24.106526
537.62 24.162384
537.64 24.162892
537.66 24.344886
537.68 24.344886
537.70 24.457450
537.72 24.513894
537.74 24.513868
537.76 24.514011
537.78 24.637475
537.80 24.728250
537.82 24.617526
537.84 24.617526
537.86 24.922853
537.88 24.808856
537.90 24.634841
537.92 24.478338
537.94 24.478338
537.96 24.545552
537.98 24.660306
538.00 24.714690
538.02 24.713817
538.04 24.713817
538.06 24.781396
538.08 24.867439
538.10 24.924796
538.12 24.924600
538.14 24.924600
538.16 24.985139
538.18 25.046643
538.20 25.100910
538.22 25.100584
538.24 25.100584
538.26 25.116843
538.28 24.918251
538.30 24.870672
538.32 24.859537
538.34 24.859537
538.36 24.885419
538.38 24.648141
538.40 24.417655
538.42 24.403913
538.44 24.403913
538.46 24.472248
538.48 24.467359
538.50 24.466655
538.52 24.466146
538.54 24.466146
538.56 24.511156
538.58 24.511990
538.60 24.511430
538.62 24.511260
538.64 24.568683
538.66 24.568344
538.68 24.567548
538.70 24.567561
538.72 24.567392
538.74 24.625558
538.76 24.625245
538.78 24.626118
538.80 24.625688
538.82 24.625688
538.84 24.625688
538.86 24.468402
538.88 24.450435
538.90 24.454737
538.92 24.482666
538.94 24.482666
538.96 24.485405
538.98 24.562333
539.00 24.601866
539.02 24.611541
539.04 24.611541
539.06 25.180120
539.08 25.857077
539.10 26.362809
539.12 26.712273
539.14 26.712273
539.16 27.511428
539.18 28.428467
539.20 29.140771
539.22 29.461628
539.24 29.461628
539.26 29.895413
539.28 31.525186
539.30 32.412601
539.32 32.939208
539.34 32.939208
539.36 33.361597
539.38 35.399338
539.40 36.097118
539.42 36.469530
539.44 36.929014
539.46 36.929014
539.48 38.605883
539.50 39.360824
539.52 39.725308
539.54 39.725308
539.56 40.768575
539.58 41.164964
539.60 41.530544
539.62 41.935409
539.64 41.935409
539.66 43.897317
539.68 45.597187
539.70 45.984332
539.72 45.984332
539.74 46.456151
539.76 48.268166
539.78 49.070216
539.80 49.493583
539.82 49.493583
539.84 49.849683
539.86 51.500045
539.88 52.305003
539.90 52.647451
539.92 52.647451
539.94 53.148424
539.96 55.085233
539.98 55.805270
540.00 56.302240
540.02 56.302240
540.04 56.696766
540.06 57.783842
540.08 58.347010
540.10 58.496407
540.12 58.496407
540.14 58.638999
540.16 59.026157
540.18 59.136438
540.20 59.155305
540.22 59.155305
540.24 59.138055
540.26 59.178893
540.28 59.340833
540.30 59.357080
540.32 59.357080
540.34 59.404071
540.36 59.501327
540.38 59.497976
540.40 59.497976
540.42 59.598087
540.44 59.575778
540.46 59.492995
540.48 59.615781
540.50 59.615781
540.52 59.665654
540.54 59.712945
540.56 59.851690
540.58 59.901785
540.60 59.901785
540.62 59.854545
540.64 59.917079
540.66 59.853398
540.68 59.690479
540.70 59.690479
540.72 59.744473
540.74 59.690610
540.76 59.803799
540.78 59.898616
540.80 59.898616
540.82 59.880023
540.84 59.912098
540.86 59.903701
540.88 59.768972
540.90 59.768972
540.92 59.830802
540.94 59.842941
540.96 59.891927
540.98 60.012183
541.00 60.012183
541.02 59.993264
541.04 60.000722
541.06 59.989939
541.08 59.941905
541.10 59.941905
541.12 59.987605
541.14 59.947394
541.16 59.906479
541.18 59.900742
541.20 59.900742
541.22 59.899790
541.24 59.903584
541.26 59.955139
541.28 59.932778
541.30 59.900872
541.32 59.921747
541.34 59.914302
541.36 59.855158
541.38 59.875473
541.40 59.876320
541.42 59.840503
541.44 59.827777
541.46 59.980799
541.48 60.023266
541.50 60.050061
541.52 60.041194
541.54 60.106101
541.56 59.990748
541.58 60.036827
541.60 60.047583
541.62 60.105919
541.64 60.084848
541.66 60.249618
541.68 60.247949
541.70 60.266803
541.72 60.191348
541.74 60.229799
541.76 60.196838
541.78 60.149885
541.80 60.183929
541.82 60.183929
541.84 60.066711
541.86 60.078003
541.88 60.087547
541.90 60.078107
541.92 59.986380
541.94 59.979391
541.96 60.105971
541.98 60.098382
542.00 60.073530
542.02 60.103154
542.04 60.108579
542.06 60.010606
542.08 60.005508
542.10 59.995116
542.12 59.950093
542.14 59.892071
542.16 59.949493
542.18 59.988427
542.20 59.949324
542.22 59.975388
542.24 59.935920
542.26 59.875681
542.28 59.875681
542.30 59.891654
542.32 59.923755
542.34 59.904366
542.36 59.964840
542.38 59.964840
542.40 59.790291
542.42 59.594423
542.44 59.081350
542.46 58.020521
542.48 58.020521
542.50 57.128347
542.52 56.621558
542.54 55.577053
542.56 54.196137
542.58 54.196137
542.60 53.188271
542.62 52.690661
542.64 51.824122
542.66 50.347853
542.68 50.347853
542.70 49.403003
542.72 48.918550
542.74 47.879795
542.76 46.351841
542.78 46.351841
542.80 45.421099
542.82 44.877750
542.84 43.978666
542.86 42.579469
542.88 42.579469
542.90 41.613874
542.92 41.188121
542.94 40.180411
542.96 38.596534
542.98 38.596534
543.00 37.609243
543.02 37.063039
543.04 36.111330
543.06 34.641307
543.08 34.641307
543.10 33.584337
543.12 33.165534
543.14 32.184201
543.16 30.835204
543.18 30.835204
543.20 29.947906
543.22 29.484380
543.24 28.560823
543.26 27.021929
543.28 27.021929
543.30 26.054691
543.32 25.503506
543.34 24.541523
543.36 23.177257
543.38 23.177257
543.40 22.281120
543.42 21.889163
543.44 21.264244
543.46 20.651268
543.48 20.651268
543.50 20.497163
543.52 20.461894
543.54 20.437277
543.56 20.418058
543.58 20.418058
543.60 20.412764
543.62 20.410339
543.64 20.404941
543.66 20.398526
543.68 20.398526
543.70 20.394731
543.72 20.392110
543.74 20.388681
543.76 20.384704
543.78 20.384704
543.80 20.381640
543.82 20.380310
543.84 20.378172
543.86 20.374169
543.88 20.374169
543.90 20.371757
543.92 20.370284
543.94 20.368354
543.96 20.364768
543.98 20.362656
544.00 20.362656
544.02 20.359514
544.04 20.358653
544.06 20.358653
544.08 20.356371
544.10 20.354507
544.12 20.353568
544.14 20.351182
544.16 20.351182
544.18 20.348848
544.20 20.347792
544.22 20.346527
544.24 20.344506
544.26 20.344506
544.28 20.343020
544.30 20.342759
544.32 20.341638
544.34 20.339943
544.36 20.339943
544.38 20.338678
544.40 20.338326
544.42 20.336696
544.44 20.335079
544.46 20.334414
544.48 20.332915
544.50 20.332093
544.52 20.331454
544.54 20.330789
544.56 20.330907
544.58 20.329694
544.60 20.329694
544.62 20.333267
544.64 20.338235
544.66 20.344115
544.68 20.347792
544.70 20.351234
544.72 20.353920
544.74 20.354220
544.76 20.353920
544.78 20.352968
544.80 20.351925
544.82 20.350048
544.84 20.347935
544.86 20.347088
544.88 20.345771
544.90 20.345262
544.92 20.342811
544.94 20.341612
544.96 20.340751
544.98 20.339291
545.00 20.338235
545.02 20.335875
545.04 20.333684
545.06 20.332837
545.08 20.332002
545.10 20.331128
545.12 20.328977
545.14 20.327282
545.16 20.326435
545.18 20.324987
545.20 20.323762
545.22 20.321884
545.24 20.320489
545.26 20.319459
545.28 20.318181
545.30 20.317320
545.32 20.315573
545.34 20.313813
545.36 20.313031
545.38 20.312431
545.40 20.311570
545.42 20.309928
545.44 20.309080
545.46 20.308232
545.48 20.307867
545.50 20.306459
545.52 20.304360
545.54 20.302522
545.56 20.302026
545.58 20.301270
545.60 20.300370
545.62 20.294490
545.64 20.288831
545.66 20.283420
545.68 20.275466
545.70 20.270238
545.72 20.263992
545.74 20.259715
545.76 20.259233
545.78 20.258529
545.80 20.258255
545.82 20.257707
545.84 20.257434
545.86 20.257251
545.88 20.256638
545.90 20.256156
545.92 20.256143
545.94 20.255465
545.96 20.255465
545.98 20.255113
546.00 20.254591
546.02 20.254083
546.04 20.253809
546.06 20.253809
546.08 20.253379
546.10 20.253848
546.12 20.254552
546.14 20.254722
546.16 20.254265
546.18 20.254265
546.20 20.253926
546.22 20.253639
546.24 20.253639
546.26 20.253405
546.28 20.253222
546.30 20.252688
546.32 20.253274
546.34 20.253235
546.36 20.252766
546.38 20.252805
546.40 20.252987
546.42 20.252857
546.44 20.253209
546.46 20.253131
546.48 20.253131
546.50 20.253522
546.52 20.253613
546.54 20.253483
546.56 20.253040
546.58 20.253587
546.60 20.253705
546.62 20.253783
546.64 20.253913
546.66 20.253326
546.68 20.253287
546.70 20.252792
546.72 20.252505
546.74 20.252544
546.76 20.252296
546.78 20.252296
546.80 20.251775
546.82 20.251553
546.84 20.252049
546.86 20.251462
546.88 20.251801
546.90 20.251436
546.92 20.250888
546.94 20.250706
546.96 20.250836
546.98 20.250849
547.00 20.250367
547.02 20.250223
547.04 20.250406
547.06 20.249962
547.08 20.249962
547.10 20.249689
547.12 20.249232
547.14 20.249063
547.16 20.248633
547.18 20.248320
547.20 20.247981
547.22 20.247459
547.24 20.247629
547.26 20.247407
547.28 20.247407
547.30 20.246325
547.32 20.245725
547.34 20.245934
547.36 20.245412
547.38 20.245555
547.40 20.244956
547.42 20.244343
547.44 20.244004
547.46 20.243469
547.48 20.242935
547.50 20.241852
547.52 20.241487
547.54 20.241279
547.56 20.241279
547.58 20.240835
547.60 20.240861
547.62 20.240627
547.64 20.240470
547.66 20.240301
547.68 20.239962
547.70 20.239818
547.72 20.239884
547.74 20.240053
547.76 20.240170
547.78 20.239831
547.80 20.238971
547.82 20.238775
547.84 20.238593
547.86 20.238136
547.88 20.238019
547.90 20.238189
547.92 20.238306
547.94 20.238071
547.96 20.238019
547.98 20.238136
548.00 20.238293
548.02 20.238097
548.04 20.237954
548.06 20.237654
548.08 20.237680
548.10 20.236833
548.12 20.236389
548.14 20.236337
548.16 20.236285
548.18 20.236311
548.20 20.235842
548.22 20.235789
548.24 20.235672
548.26 20.235463
548.28 20.235294
548.30 20.235424
548.32 20.235294
548.34 20.234564
548.36 20.234603
548.38 20.234433
548.40 20.234407
548.42 20.234029
548.44 20.234199
548.46 20.234199
548.48 20.234968
548.50 20.235320
548.52 20.235098
548.54 20.235268
548.56 20.235281
548.58 20.284593
548.60 20.284254
548.62 20.284528
548.64 20.532994
548.66 20.532994
548.68 20.873056
548.70 20.904075
548.72 20.903345
548.74 20.903423
548.76 21.035910
548.78 21.088325
548.80 21.388424
548.82 21.388150
548.84 21.450541
548.86 21.450541
548.88 21.506346
548.90 21.564929
548.92 21.565047
548.94 21.630045
548.96 21.630045
548.98 21.696881
549.00 21.744850
549.02 21.744772
549.04 21.744994
549.06 21.791060
549.08 21.836082
549.10 22.164306
549.12 22.220242
549.14 22.250739
549.16 22.321448
549.18 22.377710
549.20 22.749053
549.22 22.966186
549.24 22.966630
549.26 23.069388
549.28 23.125897
549.30 23.588380
549.32 23.588380
549.34 23.646285
549.36 23.654200
549.38 23.724765
549.40 23.830209
549.42 23.953751
549.44 23.954090
549.46 24.082391
549.48 24.082391
549.50 24.149280
549.52 24.276120
549.54 24.275951
549.56 24.371603
549.58 24.393755
549.60 24.526190
549.62 24.627487
549.64 24.656642
549.66 24.885093
549.68 24.642195
549.70 24.753298
549.72 24.874154
549.74 24.875431
549.76 24.748734
549.78 24.738212
549.80 24.853292
549.82 24.670698
549.84 24.671819
549.86 24.705733
549.88 24.704351
549.90 24.805609
549.92 24.856799
549.94 24.856630
549.96 24.915643
549.98 24.915747
550.00 25.012755
550.02 25.054453
550.04 25.052497
550.06 25.122854
550.08 25.196966
550.10 24.953455
550.12 25.024751
550.14 24.995218
550.16 25.054153
550.18 24.832938
550.20 24.817135
550.22 24.710935
550.24 24.710218
550.26 24.720766
550.28 24.645611
550.30 24.645546
550.32 24.448727
550.34 24.447736
550.36 24.486174
550.38 24.485496
550.40 24.483201
550.42 24.482327
550.44 24.481988
550.46 24.539815
550.48 24.540350
550.50 24.540167
550.52 24.539215
550.54 24.591396
550.56 24.591396
550.58 24.591840
550.60 24.573937
550.62 24.559608
550.64 24.539763
550.66 24.300424
550.68 24.300320
550.70 24.287503
550.72 24.264372
550.74 24.260174
550.76 24.260604
550.78 24.260813
550.80 24.260722
550.82 24.260369
550.84 24.259913
550.86 24.260213
550.88 24.259535
550.90 24.259261
550.92 24.259261
550.94 24.258622
550.96 24.258375
550.98 24.265898
551.00 24.295065
551.02 24.589310
551.04 24.962504
551.06 25.207162
551.08 25.738320
551.10 26.180789
551.12 26.553891
551.14 26.934244
551.16 27.136331
551.18 27.687829
551.20 28.487102
551.22 28.864677
551.24 29.701240
551.26 30.087316
551.28 30.917321
551.30 31.576050
551.32 32.094039
551.34 32.987112
551.36 33.377517
551.38 34.161157
551.40 35.068846
551.42 35.562674
551.44 36.353446
551.46 36.845566
551.48 37.808788
551.50 38.712866
551.52 39.237217
551.54 40.156877
551.56 40.555587
551.58 41.505914
551.60 42.422626
551.62 42.907796
551.64 43.320993
551.66 44.202631
551.68 45.006403
551.70 45.787317
551.72 46.223944
551.74 46.705529
551.76 47.473092
551.78 48.389935
551.80 49.271664
551.82 49.799093
551.84 50.229423
551.86 51.146435
551.88 52.014617
551.90 52.884938
551.92 53.320953
551.94 53.809956
551.96 54.721688
551.98 55.530466
552.00 56.399274
552.02 56.630151
552.04 56.958974
552.06 57.434600
552.08 57.884214
552.10 58.132393
552.12 58.150060
552.14 58.389581
552.16 58.840929
552.18 59.058936
552.20 59.207760
552.22 59.207760
552.24 59.345749
552.26 59.294103
552.28 59.306933
552.30 59.448038
552.32 59.448038
552.34 59.360209
552.36 59.477740
552.38 59.580354
552.40 59.578438
552.42 59.578438
552.44 59.716700
552.46 59.651833
552.48 59.566781
552.50 59.567094
552.52 59.567094
552.54 59.494508
552.56 59.542216
552.58 59.537939
552.60 59.527926
552.62 59.527926
552.64 59.593849
552.66 59.630801
552.68 59.597213
552.70 59.634165
552.72 59.634165
552.74 59.612769
552.76 59.578125
552.78 59.716439
552.80 59.707195
552.82 59.707195
552.84 59.748515
552.86 59.780981
552.88 59.695682
552.90 59.687832
552.92 59.731186
552.94 59.729856
552.96 59.718356
552.98 59.701523
553.00 59.701523
553.02 59.617932
553.04 59.567042
553.06 59.673764
553.08 59.695408
553.10 59.695408
553.12 59.669239
553.14 59.673425
553.16 59.660516
553.18 59.708121
553.20 59.708121
553.22 59.776430
553.24 59.753182
553.26 59.774423
553.28 59.760406
553.30 59.760406
553.32 59.707795
553.34 59.816629
553.36 59.876802
553.38 59.870335
553.40 59.870335
553.42 59.908578
553.44 59.853607
553.46 59.849069
553.48 59.857844
553.50 59.919074
553.52 59.804294
553.54 59.954591
553.56 59.986732
553.58 59.966483
553.60 59.929831
553.62 60.016447
553.64 59.976210
553.66 59.925476
553.68 59.932908
553.70 59.926754
553.72 59.838169
553.74 59.852746
553.76 59.871209
553.78 59.851064
553.80 59.831141
553.82 59.835457
553.84 59.884378
553.86 59.780120
553.88 59.736506
553.90 59.765374
553.92 59.743416
553.94 59.695121
553.96 59.739713
553.98 59.769011
554.00 59.719138
554.02 59.795910
554.04 59.877494
554.06 59.830984
554.08 59.800682
554.10 59.835952
554.12 59.797736
554.14 59.757498
554.16 59.709242
554.18 59.715201
554.20 59.649199
554.22 59.679996
554.24 59.792077
554.26 59.799626
554.28 59.752478
554.30 59.802730
554.32 59.880688
554.34 59.854154
554.36 59.833592
554.38 59.865537
554.40 59.764761
554.42 59.452823
554.44 58.959425
554.46 58.261124
554.48 57.797676
554.50 57.307225
554.52 56.370707
554.54 55.404447
554.56 54.479442
554.58 53.984675
554.60 53.490208
554.62 52.484950
554.64 51.881114
554.66 50.462920
554.68 49.980357
554.70 49.541905
554.72 48.531092
554.74 47.527437
554.76 46.561308
554.78 46.105344
554.80 45.686176
554.82 44.631670
554.84 43.725024
554.86 42.814596
554.88 42.375765
554.90 41.843199
554.92 41.370285
554.94 39.953486
554.96 38.965308
554.98 38.008280
555.00 38.008280
555.02 37.048970
555.04 35.911447
555.06 34.915628
555.08 34.467540
555.10 33.640247
555.12 32.252251
555.14 31.885172
555.16 31.475235
555.18 31.091245
555.20 30.266664
555.22 29.868488
555.24 28.256069
555.26 27.807811
555.28 27.325744
555.30 26.798576
555.32 25.735399
555.34 24.160741
555.36 23.700696
555.38 23.181794
555.40 22.710328
555.42 22.016864
555.44 20.971251
555.46 20.744234
555.48 20.648973
555.50 20.542799
555.52 20.476693
555.54 20.424720
555.56 20.419935
555.58 20.416741
555.60 20.414694
555.62 20.409413
555.64 20.402985
555.66 20.400560
555.68 20.398825
555.70 20.396804
555.72 20.393206
555.74 20.387977
555.76 20.386595
555.78 20.384691
555.80 20.383492
555.82 20.380715
555.84 20.376673
555.86 20.375369
555.88 20.374326
555.90 20.372944
555.92 20.369071
555.94 20.365590
555.96 20.364455
555.98 20.363725
556.00 20.362695
556.02 20.361209
556.04 20.358040
556.06 20.356736
556.08 20.355954
556.10 20.354715
556.12 20.352538
556.14 20.349865
556.16 20.348639
556.18 20.348001
556.20 20.346957
556.22 20.344754
556.24 20.341390
556.26 20.340386
556.28 20.339473
556.30 20.339056
556.32 20.338130
556.34 20.336474
556.36 20.335066
556.38 20.334571
556.40 20.333840
556.42 20.332080
556.44 20.329603
556.46 20.328808
556.48 20.328469
556.50 20.328117
556.52 20.326760
556.54 20.326278
556.56 20.325717
556.58 20.325065
556.60 20.324753
556.62 20.324935
556.64 20.333097
556.66 20.333097
556.68 20.336292
556.70 20.338652
556.72 20.347609
556.74 20.350882
556.76 20.350022
556.78 20.349252
556.80 20.348353
556.82 20.347505
556.84 20.344493
556.86 20.343606
556.88 20.343111
556.90 20.342094
556.92 20.339734
556.94 20.337478
556.96 20.336318
556.98 20.335822
557.00 20.334662
557.02 20.333449
557.04 20.331780
557.06 20.331128
557.08 20.330294
557.10 20.328951
557.12 20.328442
557.14 20.325391
557.16 20.324831
557.18 20.323801
557.20 20.322184
557.22 20.321571
557.24 20.320124
557.26 20.319993
557.28 20.319315
557.30 20.318246
557.32 20.317529
557.34 20.317255
557.36 20.316968
557.38 20.315951
557.40 20.313930
557.42 20.312705
557.44 20.312288
557.46 20.311388
557.48 20.310110
557.50 20.308793
557.52 20.306577
557.54 20.306146
557.56 20.305807
557.58 20.304816
557.60 20.304021
557.62 20.301035
557.64 20.297332
557.66 20.293394
557.68 20.285975
557.70 20.275179
557.72 20.266326
557.74 20.264279
557.76 20.263079
557.78 20.260915
557.80 20.260993
557.82 20.260511
557.84 20.260172
557.86 20.259663
557.88 20.258907
557.90 20.258855
557.92 20.258229
557.94 20.257851
557.96 20.257342
557.98 20.257225
558.00 20.257329
558.02 20.257134
558.04 20.256612
558.06 20.256391
558.08 20.256039
558.10 20.256078
558.12 20.255347
558.14 20.255178
558.16 20.254982
558.18 20.254748
558.20 20.254370
558.22 20.254409
558.24 20.253757
558.26 20.253770
558.28 20.252896
558.30 20.252557
558.32 20.251853
558.34 20.251279
558.36 20.251279
558.38 20.250706
558.40 20.249597
558.42 20.249298
558.44 20.249128
558.46 20.249128
558.48 20.248802
558.50 20.248685
558.52 20.248241
558.54 20.247994
558.56 20.248163
558.58 20.247446
558.60 20.247563
558.62 20.247994
558.64 20.247316
558.66 20.247511
558.68 20.246625
558.70 20.245881
558.72 20.245960
558.74 20.246025
558.76 20.245829
558.78 20.245725
558.80 20.246207
558.82 20.245868
558.84 20.245868
558.86 20.245868
558.88 20.245751
558.90 20.245621
558.92 20.244760
558.94 20.244356
558.96 20.244721
558.98 20.244147
559.00 20.243300
559.02 20.243026
559.04 20.242869
559.06 20.242948
559.08 20.243274
559.10 20.243808
559.12 20.243652
559.14 20.243534
559.16 20.243730
559.18 20.243404
559.20 20.243065
559.22 20.241931
559.24 20.242035
559.26 20.241852
559.28 20.241931
559.30 20.242335
559.32 20.242152
559.34 20.241826
559.36 20.241839
559.38 20.241761
559.40 20.240731
559.42 20.240392
559.44 20.240301
559.46 20.239949
559.48 20.239532
559.50 20.239271
559.52 20.238762
559.54 20.238736
559.56 20.238997
559.58 20.238840
559.60 20.239545
559.62 20.239662
559.64 20.239518
559.66 20.239245
559.68 20.238840
559.70 20.238528
559.72 20.238580
559.74 20.238371
559.76 20.238410
559.78 20.238254
559.80 20.237497
559.82 20.237158
559.84 20.237028
559.86 20.237484
559.88 20.237145
559.90 20.236793
559.92 20.236924
559.94 20.236585
559.96 20.236650
559.98 20.235672
560.00 20.235072
560.02 20.234903
560.04 20.234681
560.06 20.234446
560.08 20.234538
560.10 20.234916
560.12 20.234746
560.14 20.234616
560.16 20.234173
560.18 20.233638
560.20 20.233090
560.22 20.233260
560.24 20.232660
560.26 20.232830
560.28 20.232999
560.30 20.232856
560.32 20.232686
560.34 20.232804
560.36 20.232373
560.38 20.232647
560.40 20.232256
560.42 20.232595
560.44 20.232478
560.46 20.231539
560.48 20.231369
560.50 20.230874
560.52 20.230339
560.54 20.229948
560.56 20.229596
560.58 20.229609
560.60 20.229114
560.62 20.228983
560.64 20.228696
560.66 20.227823
560.68 20.227640
560.70 20.227106
560.72 20.226923
560.74 20.226936
560.76 20.227275
560.78 20.315547
560.80 20.315039
560.82 20.314726
560.84 20.315404
560.86 20.347844
560.88 20.347844
560.90 20.667788
560.92 20.667540
560.94 20.667540
560.96 20.667462
560.98 20.666849
561.00 20.715144
561.02 20.796845
561.04 20.796571
561.06 20.796428
561.08 21.160416
561.10 21.280764
561.12 21.548175
561.14 21.547836
561.16 21.567211
561.18 21.639028
561.20 21.709594
561.22 21.766130
561.24 21.766312
561.26 21.776678
561.28 21.834635
561.30 22.161633
561.32 22.241482
561.34 22.534735
561.36 22.552690
561.38 23.043389
561.40 23.139745
561.42 23.139745
561.44 23.243872
561.46 23.243780
561.48 23.342614
561.50 23.563959
561.52 23.625032
561.54 23.674410
561.56 23.674410
561.58 23.742329
561.60 23.909798
561.62 23.953425
561.64 24.008801
561.66 24.009270
561.68 24.067918
561.70 24.232558
561.72 24.289094
561.74 24.288924
561.76 24.332095
561.78 24.442520
561.80 24.503463
561.82 24.602870
561.84 24.601501
561.86 24.695745
561.88 24.561968
561.90 24.626470
561.92 24.681520
561.94 24.995766
561.96 25.065027
561.98 25.167720
562.00 25.225390
562.02 25.294913
562.04 25.341278
562.06 24.960248
562.08 24.960248
562.10 24.960248
562.12 25.016667
562.14 25.015167
562.16 24.984852
562.18 25.042405
562.20 25.034856
562.22 25.091144
562.24 25.150718
562.26 25.150718
562.28 25.043266
562.30 25.043266
562.32 24.952334
562.34 24.972270
562.36 24.972544
562.38 24.922253
562.40 24.859185
562.42 24.660475
562.44 24.660228
562.46 24.657854
562.48 24.448922
562.50 24.423549
562.52 24.409193
562.54 24.632833
562.56 24.814997
562.58 24.956884
562.60 25.218089
562.62 25.708592
562.64 26.159040
562.66 27.056351
562.68 27.974446
562.70 28.240918
562.72 28.952584
562.74 29.454235
562.76 30.264982
562.78 30.964430
562.80 31.413457
562.82 32.183680
562.84 32.684836
562.86 33.343825
562.88 34.195631
562.90 34.463876
562.92 35.308941
562.94 35.694391
562.96 36.436789
562.98 37.321244
563.00 37.823521
563.02 38.667895
563.04 39.197071
563.06 40.012551
563.08 40.867356
563.10 41.359228
563.12 42.372779
563.14 42.813657
563.16 43.587556
563.18 44.197416
563.20 44.537257
563.22 45.237905
563.24 45.237905
563.26 46.773930
563.28 47.832373
563.30 48.291127
563.32 49.125305
563.34 49.628690
563.36 50.434521
563.38 51.114021
563.40 51.504960
563.42 52.290960
563.44 52.290960
563.46 53.541894
563.48 54.468033
563.50 54.755693
563.52 55.663148
563.54 55.663148
563.56 56.638404
563.58 57.261381
563.60 57.564557
563.62 58.009959
563.64 58.009959
563.66 58.203349
563.68 58.269143
563.70 58.372031
563.72 58.472912
563.74 58.472912
563.76 58.625543
563.78 58.828921
563.80 58.903554
563.82 58.938276
563.84 58.938276
563.86 59.035219
563.88 59.047984
563.90 59.106006
563.92 59.113477
563.94 59.157222
563.96 59.229209
563.98 59.297545
564.00 59.245429
564.02 59.245429
564.04 59.329450
564.06 59.332358
564.08 59.241869
564.10 59.334171
564.12 59.334171
564.14 59.264348
564.16 59.320154
564.18 59.399612
564.20 59.382453
564.22 59.382453
564.24 59.580185
564.26 59.577577
564.28 59.588060
564.30 59.705187
564.32 59.705187
564.34 59.726362
564.36 59.750536
564.38 59.919165
564.40 59.959794
564.42 59.959794
564.44 60.026565
564.46 60.052616
564.48 59.959116
564.50 59.929727
564.52 59.929727
564.54 59.999197
564.56 60.004543
564.58 60.103233
564.60 60.042146
564.62 60.084861
564.64 59.925385
564.66 59.993512
564.68 59.952896
564.70 59.914080
564.72 59.939101
564.74 60.047257
564.76 60.030646
564.78 60.037505
564.80 60.034088
564.82 60.045236
564.84 59.892292
564.86 59.967721
564.88 60.021754
564.90 59.960772
564.92 59.928592
564.94 59.966196
564.96 59.935685
564.98 59.863060
565.00 59.884508
565.02 59.932478
565.04 59.828155
565.06 59.852485
565.08 59.943887
565.10 59.910351
565.12 59.843684
565.14 60.025287
565.16 60.039539
565.18 60.066190
565.20 60.131657
565.22 60.177632
565.24 60.181661
565.26 60.164880
565.28 60.174072
565.30 60.188467
565.32 60.135021
565.34 60.079098
565.36 60.079972
565.38 60.001570
565.40 60.061991
565.42 60.059696
565.44 60.094601
565.46 60.055837
565.48 60.100807
565.50 60.082749
565.52 60.105084
565.54 60.142936
565.56 60.168765
565.58 60.114003
565.60 60.120613
565.62 60.066059
565.64 60.075578
565.66 59.997971
565.68 60.060179
565.70 60.036566
565.72 60.057845
565.74 59.955504
565.76 60.019016
565.78 59.969117
565.80 59.915945
565.82 59.862238
565.84 59.898173
565.86 59.849186
565.88 59.847544
565.90 59.919309
565.92 59.926597
565.94 59.555633
565.96 59.337052
565.98 59.047241
566.00 57.930971
566.02 57.465358
566.04 56.544382
566.06 56.100440
566.08 55.591044
566.10 54.647159
566.12 53.722480
566.14 52.797683
566.16 52.797683
566.18 51.629245
566.20 51.284306
566.22 49.447322
566.24 48.976429
566.26 48.976429
566.28 47.431876
566.30 46.871981
566.32 45.400237
566.34 44.935381
566.36 44.935381
566.38 43.521450
566.40 43.100782
566.42 42.094833
566.44 41.086889
566.46 41.086889
566.48 39.785834
566.50 39.264951
566.52 38.289825
566.54 37.381040
566.56 37.381040
566.58 35.866894
566.60 35.380172
566.62 34.472547
566.64 33.469414
566.66 33.469414
566.68 32.046669
566.70 31.607617
566.72 30.554963
566.74 29.565638
566.76 29.565638
566.78 28.176089
566.80 27.695613
566.82 26.714228
566.84 25.743510
566.86 25.743510
566.88 24.256028
566.90 23.671815
566.92 22.727826
566.94 21.856423
566.96 21.856423
566.98 20.926137
567.00 20.736124
567.02 20.583115
567.04 20.468869
567.06 20.468869
567.08 20.430210
567.10 20.422934
567.12 20.416649
567.14 20.411434
567.16 20.411434
567.18 20.405188
567.20 20.402998
567.22 20.398056
567.24 20.392254
567.26 20.392254
567.28 20.386465
567.30 20.385409
567.32 20.381471
567.34 20.378055
567.36 20.378055
567.38 20.373178
567.40 20.371770
567.42 20.369254
567.44 20.366581
567.46 20.366581
567.48 20.362734
567.50 20.361913
567.52 20.359136
567.54 20.356358
567.56 20.356358
567.58 20.354090
567.60 20.353060
567.62 20.351286
567.64 20.349982
567.66 20.349982
567.68 20.348300
567.70 20.347296
567.72 20.346071
567.74 20.344441
567.76 20.344441
567.78 20.342381
567.80 20.342042
567.82 20.340008
567.84 20.338717
567.86 20.338717
567.88 20.337517
567.90 20.336526
567.92 20.335444
567.94 20.334219
567.96 20.334219
567.98 20.332237
568.00 20.331572
568.02 20.329877
568.04 20.328651
568.06 20.328651
568.08 20.327660
568.10 20.327217
568.12 20.326878
568.14 20.328951
568.16 20.328951
568.18 20.340542
568.20 20.346984
568.22 20.351990
568.24 20.354194
568.26 20.353242
568.28 20.352082
568.30 20.350647
568.32 20.348822
568.34 20.348822
568.36 20.347453
568.38 20.346449
568.40 20.345706
568.42 20.344298
568.44 20.342603
568.46 20.341964
568.48 20.341625
568.50 20.340060
568.52 20.338691
568.54 20.338691
568.56 20.336696
568.58 20.336187
568.60 20.335236
568.62 20.333710
568.64 20.333710
568.66 20.330555
568.68 20.329798
568.70 20.329329
568.72 20.327412
568.74 20.327412
568.76 20.325300
568.78 20.324583
568.80 20.323175
568.82 20.321128
568.84 20.320046
568.86 20.319224
568.88 20.318337
568.90 20.317490
568.92 20.316238
568.94 20.316238
568.96 20.341964
568.98 20.362017
569.00 20.422308
569.02 20.489014
569.04 20.489014
569.06 20.556868
569.08 20.566816
569.10 20.568303
569.12 20.566164
569.14 20.562539
569.16 20.554495
569.18 20.550987
569.20 20.543268
569.22 20.533489
569.24 20.528965
569.26 20.528626
569.28 20.528117
569.30 20.527413
569.32 20.526670
569.34 20.526670
569.36 20.525144
569.38 20.524088
569.40 20.523436
569.42 20.521989
569.44 20.521989
569.46 20.522263
569.48 20.522289
569.50 20.521181
569.52 20.520633
569.54 20.520633
569.56 20.518821
569.58 20.518143
569.60 20.517830
569.62 20.517386
569.64 20.517386
569.66 20.516826
569.68 20.516291
569.70 20.515744
569.72 20.516343
569.74 20.517243
569.76 20.516343
569.78 20.516187
569.80 20.515678
569.82 20.514048
569.84 20.514048
569.86 20.512119
569.88 20.511623
569.90 20.510671
569.92 20.509954
569.94 20.509954
569.96 20.499067
569.98 20.478935
570.00 20.418605
570.02 20.352355
570.04 20.352355
570.06 20.264670
570.08 20.253300
570.10 20.247668
570.12 20.245947
570.14 20.245125
570.16 20.244956
570.18 20.245164
570.20 20.244864
570.22 20.244525
570.24 20.244525
570.26 20.243717
570.28 20.243508
570.30 20.242882
570.32 20.242843
570.34 20.242843
570.36 20.242087
570.38 20.242465
570.40 20.241878
570.42 20.241109
570.44 20.241109
570.46 20.240301
570.48 20.240601
570.50 20.240940
570.52 20.240770
570.54 20.241070
570.56 20.241070
570.58 20.241253
570.60 20.241787
570.62 20.241787
570.64 20.241500
570.66 20.241892
570.68 20.241631
570.70 20.241631
570.72 20.241631
570.74 20.241683
570.76 20.242035
570.78 20.242257
570.80 20.242309
570.82 20.242309
570.84 20.241865
570.86 20.241800
570.88 20.242022
570.90 20.242152
570.92 20.242152
570.94 20.242048
570.96 20.242048
570.98 20.241826
571.00 20.242348
571.02 20.242348
571.04 20.241944
571.06 20.242113
571.08 20.242126
571.10 20.242439
571.12 20.242439
571.14 20.242413
571.16 20.242413
571.18 20.242400
571.20 20.242765
571.22 20.242765
571.24 20.242113
571.26 20.242113
571.28 20.241839
571.30 20.241513
571.32 20.241513
571.34 20.241057
571.36 20.241122
571.38 20.240953
571.40 20.240496
571.42 20.240496
571.44 20.240092
571.46 20.239675
571.48 20.239336
571.50 20.238971
571.52 20.238971
571.54 20.238840
571.56 20.239036
571.58 20.238671
571.60 20.237758
571.62 20.237758
571.64 20.237445
571.66 20.236493
571.68 20.235633
571.70 20.235307
571.72 20.235307
571.74 20.234942
571.76 20.234694
571.78 20.234303
571.80 20.234277
571.82 20.234238
571.84 20.234238
571.86 20.234342
571.88 20.233495
571.90 20.232973
571.92 20.232973
571.94 20.232777
571.96 20.232543
571.98 20.231513
572.00 20.230561
572.02 20.230561
572.04 20.230039
572.06 20.229609
572.08 20.229361
572.10 20.229035
572.12 20.229035
572.14 20.255778
572.16 20.255048
572.18 20.268099
572.20 20.483668
572.22 20.812231
572.24 20.812231
572.26 20.812583
572.28 20.982464
572.30 20.982464
572.32 20.982464
572.34 21.034254
572.36 21.034801
572.38 21.034801
572.40 21.085196
572.42 21.085196
572.44 21.142084
572.46 21.140963
572.48 21.140793
572.50 21.273788
572.52 21.273788
572.54 21.273788
572.56 21.273293
572.58 21.273488
572.60 21.322944
572.62 21.381162
572.64 21.381162
572.66 21.380731
572.68 21.381162
572.70 21.439549
572.72 21.805728
572.74 21.836382
572.76 21.836382
572.78 21.836161
572.80 22.024622
572.82 22.024622
572.84 22.121995
572.86 22.148333
572.88 22.397894
572.90 22.621821
572.92 22.621821
572.94 23.155782
572.96 23.216308
572.98 23.345013
573.00 23.345013
573.02 23.507514
573.04 23.705090
573.06 23.763816
573.08 23.910045
573.10 23.910045
573.12 23.910045
573.14 24.041228
573.16 24.038620
573.18 24.104440
573.20 24.104440
573.22 23.909015
573.24 24.022139
573.26 24.250212
573.28 24.065728
573.30 24.065728
573.32 24.110489
573.34 24.242207
573.36 24.371707
573.38 24.436953
573.40 24.493228
573.42 24.493228
573.44 24.606573
573.46 24.664243
573.48 24.707428
573.50 24.707428
573.52 24.781435
573.54 24.894664
573.56 24.942346
573.58 25.055926
573.60 25.055926
573.62 25.055926
573.64 25.168450
573.66 25.237542
573.68 25.307443
573.70 25.307443
573.72 25.185270
573.74 25.280818
573.76 25.527132
573.78 25.509752
573.80 25.509752
573.82 25.471066
573.84 25.794999
573.86 26.559133
573.88 26.946148
573.90 26.946148
573.92 27.744182
573.94 28.188424
573.96 29.026213
573.98 29.812630
574.00 29.812630
574.02 30.601863
574.04 31.252521
574.06 32.253254
574.08 33.079935
574.10 33.079935
574.12 33.787246
574.14 34.640942
574.16 35.564396
574.18 36.407439
574.20 36.407439
574.22 37.401497
574.24 38.267528
574.26 39.059356
574.28 39.957371
574.30 39.957371
574.32 40.758144
574.34 41.561850
574.36 42.388269
574.38 43.282855
574.40 43.282855
574.42 44.095284
574.44 44.913411
574.46 45.796301
574.48 46.550981
574.50 46.550981
574.52 47.386788
574.54 48.275129
574.56 49.230931
574.58 50.133027
574.60 50.133027
574.62 50.988967
574.64 51.420091
574.66 52.760366
574.68 53.625081
574.70 53.625081
574.72 54.469246
574.74 54.801159
574.76 56.096568
574.78 56.921370
574.80 56.921370
574.82 57.693379
574.84 58.095728
574.86 58.577391
574.88 58.873604
574.90 59.004435
574.92 59.059849
574.94 59.047097
574.96 59.193796
574.98 59.361969
575.00 59.361969
575.02 59.440071
575.04 59.478248
575.06 59.720781
575.08 59.707690
575.10 59.707690
575.12 59.775779
575.14 59.793433
575.16 59.668170
575.18 59.668170
575.20 59.808154
575.22 59.821909
575.24 59.705044
575.26 59.898877
575.28 59.898877
575.30 59.863307
575.32 59.861430
575.34 59.994060
575.36 59.921486
575.38 59.921486
575.40 59.933795
575.42 59.954709
575.44 59.952896
575.46 60.060779
575.48 60.060779
575.50 60.040738
575.52 60.045302
575.54 60.024088
575.56 60.105984
575.58 60.105984
575.60 60.291577
575.62 60.348608
575.64 60.371400
575.66 60.349938
575.68 60.349938
575.70 60.298279
575.72 60.290130
575.74 60.207699
575.76 60.163172
575.78 60.163172
575.80 60.096805
575.82 60.128371
575.84 60.125268
575.86 60.049318
575.88 60.049318
575.90 60.018481
575.92 60.023019
575.94 60.032107
575.96 60.036787
575.98 60.036787
576.00 60.006003
576.02 60.018624
576.04 60.025457
576.06 59.950641
576.08 59.950641
576.10 60.007542
576.12 59.932934
576.14 59.914667
576.16 60.051625
576.18 60.051625
576.20 59.971190
576.22 60.000905
576.24 60.064195
576.26 59.958399
576.28 59.958399
576.30 59.954409
576.32 59.976796
576.34 59.920443
576.36 60.040842
576.38 60.040842
576.40 60.020202
576.42 60.022771
576.44 60.105606
576.46 60.027491
576.48 60.027491
576.50 60.157174
576.52 60.152402
576.54 60.153979
576.56 60.246176
576.58 60.246176
576.60 60.173042
576.62 60.180578
576.64 60.179653
576.66 60.183447
576.68 60.183447
576.70 60.317472
576.72 60.337603
576.74 60.326625
576.76 60.481890
576.78 60.481890
576.80 60.430113
576.82 60.426853
576.84 60.431547
576.86 60.441027
576.88 60.441027
576.90 60.548648
576.92 60.573565
576.94 60.521788
576.96 60.537826
576.98 60.537826
577.00 60.472267
577.02 60.447233
577.04 60.382065
577.06 60.391180
577.08 60.391180
577.10 60.359535
577.12 60.317576
577.14 60.317576
577.16 59.788517
577.18 59.788517
577.20 59.309058
577.22 59.006299
577.24 56.962651
577.26 56.962651
577.28 55.952216
577.30 55.512368
577.32 55.113110
577.34 53.286882
577.36 53.286882
577.38 52.384852
577.40 51.928210
577.42 51.418162
577.44 49.397227
577.46 49.397227
577.48 48.421593
577.50 47.899118
577.52 47.394768
577.54 45.370261
577.56 45.370261
577.58 44.314686
577.60 43.875855
577.62 43.338126
577.64 41.497751
577.66 41.497751
577.68 40.422084
577.70 39.939378
577.72 39.405599
577.74 37.260784
577.76 37.260784
577.78 36.271498
577.80 35.682878
577.82 35.261232
577.84 33.521373
577.86 33.521373
577.88 32.638705
577.90 32.168229
577.92 31.678130
577.94 29.523288
577.96 29.523288
577.98 28.409391
578.00 27.934286
578.02 27.499041
578.04 25.567995
578.06 25.567995
578.08 24.695993
578.10 24.231163
578.12 23.681242
578.14 21.675745
578.16 21.675745
578.18 21.054347
578.20 20.822662
578.22 20.746229
578.24 20.462402
578.26 20.462402
578.28 20.432205
578.30 20.428358
578.32 20.425646
578.34 20.413090
578.36 20.413090
578.38 20.409113
578.40 20.407509
578.42 20.405332
578.44 20.395383
578.46 20.395383
578.48 20.391224
578.50 20.389555
578.52 20.388355
578.54 20.381145
578.56 20.381145
578.58 20.377559
578.60 20.375825
578.62 20.374639
578.64 20.368445
578.66 20.368445
578.68 20.365772
578.70 20.364938
578.72 20.364195
578.74 20.359605
578.76 20.359605
578.78 20.358301
578.80 20.357349
578.82 20.356671
578.84 20.352056
578.86 20.352056
578.88 20.351012
578.90 20.350295
578.92 20.349291
578.94 20.345484
578.96 20.345484
578.98 20.343802
579.00 20.342811
579.02 20.342303
579.04 20.343189
579.06 20.343189
579.08 20.350765
579.10 20.354064
579.12 20.356111
579.14 20.365629
579.16 20.365629
579.18 20.364012
579.20 20.363178
579.22 20.362447
579.24 20.357975
579.26 20.357975
579.28 20.355759
579.30 20.354742
579.32 20.352734
579.34 20.350439
579.36 20.350439
579.38 20.348418
579.40 20.347518
579.42 20.345641
579.44 20.344728
579.46 20.344363
579.48 20.344024
579.50 20.343424
579.52 20.340595
579.54 20.340595
579.56 20.338678
579.58 20.338000
579.60 20.337126
579.62 20.334910
579.64 20.334910
579.66 20.332615
579.68 20.331872
579.70 20.330972
579.72 20.327399
579.74 20.327399
579.76 20.325626
579.78 20.324779
579.80 20.323788
579.82 20.321154
579.84 20.321154
579.86 20.319185
579.88 20.318546
579.90 20.317855
579.92 20.315104
579.94 20.315104
579.96 20.312679
579.98 20.312014
580.00 20.311166
580.02 20.307815
580.04 20.307815
580.06 20.302026
580.08 20.297828
580.10 20.294411
580.12 20.275962
580.14 20.275962
580.16 20.271502
580.18 20.270290
580.20 20.270120
580.22 20.267747
580.24 20.267747
580.26 20.267043
580.28 20.267043
580.30 20.266952
580.32 20.266261
580.34 20.266261
580.36 20.265087
580.38 20.264592
580.40 20.264514
580.42 20.262388
580.44 20.262388
580.46 20.261880
580.48 20.261541
580.50 20.261541
580.52 20.259233
580.54 20.259233
580.56 20.258346
580.58 20.258164
580.60 20.257890
580.62 20.256117
580.64 20.256117
580.66 20.254669
580.68 20.254213
580.70 20.254070
580.72 20.252231
580.74 20.252231
580.76 20.251710
580.78 20.251540
580.80 20.251201
580.82 20.250654
580.84 20.250654
580.86 20.250119
580.88 20.250119
580.90 20.250380
580.92 20.250536
580.94 20.250536
580.96 20.249663
580.98 20.249206
581.00 20.249219
581.02 20.247316
581.04 20.247316
581.06 20.246690
581.08 20.246690
581.10 20.246859
581.12 20.245973
581.14 20.245973
581.16 20.245125
581.18 20.244956
581.20 20.244604
581.22 20.244252
581.24 20.244252
581.26 20.244773
581.28 20.244943
581.30 20.244773
581.32 20.243482
581.34 20.243482
581.36 20.243560
581.38 20.243391
581.40 20.243221
581.42 20.243639
581.44 20.243639
581.46 20.243221
581.48 20.242843
581.50 20.242491
581.52 20.241513
581.54 20.241513
581.56 20.241670
581.58 20.241657
581.60 20.241944
581.62 20.242361
581.64 20.242361
581.66 20.242035
581.68 20.241839
581.70 20.243026
581.72 20.243026
581.74 20.243365
581.76 20.243417
581.78 20.243704
581.80 20.242648
581.82 20.242648
581.84 20.243495
581.86 20.243613
581.88 20.243313
581.90 20.243508
581.92 20.243508
581.94 20.243600
581.96 20.243756
581.98 20.243534
582.00 20.243339
582.02 20.243339
582.04 20.242974
582.06 20.242843
582.08 20.242635
582.10 20.242713
582.12 20.242713
582.14 20.243130
582.16 20.242739
582.18 20.242400
582.20 20.241865
582.22 20.241865
582.24 20.241344
582.26 20.241357
582.28 20.241526
582.30 20.241579
582.32 20.241579
582.34 20.241148
582.36 20.241187
582.38 20.241070
582.40 20.241292
582.42 20.241292
582.44 20.241109
582.46 20.241279
582.48 20.241227
582.50 20.240796
582.52 20.240796
582.54 20.240927
582.56 20.240888
582.58 20.240731
582.60 20.240549
582.62 20.240549
582.64 20.239962
582.66 20.239962
582.68 20.239193
582.70 20.238306
582.72 20.238306
582.74 20.237263
582.76 20.237211
582.78 20.237054
582.80 20.235737
582.82 20.235555
582.84 20.234851
582.86 20.234564
582.88 20.234368
582.90 20.234381
582.92 20.234381
582.94 20.233821
582.96 20.233482
582.98 20.233312
583.00 20.231604
583.02 20.231604
583.04 20.231421
583.06 20.231526
583.08 20.231356
583.10 20.283746
583.12 20.283746
583.14 20.283746
583.16 20.382240
583.18 20.382149
583.20 21.042129
583.22 21.042129
583.24 21.366428
583.26 21.366506
583.28 21.525605
583.30 21.525605
583.32 21.525605
583.34 21.582505
583.36 21.582166
583.38 21.581841
583.40 21.687832
583.42 21.687832
583.44 21.754134
583.46 21.753704
583.48 21.843540
583.50 21.959129
583.52 21.959129
583.54 22.006172
583.56 22.030907
583.58 22.275695
583.60 22.397347
583.62 22.397347
583.64 22.809005
583.66 22.809005
583.68 22.857613
583.70 23.026008
583.72 23.026008
583.74 23.087446
583.76 23.134842
583.78 23.200479
583.80 23.302624
583.82 23.302624
583.84 23.451370
583.86 23.451370
583.88 23.612372
583.90 23.612372
583.92 24.047147
583.94 24.103240
583.96 24.152865
583.98 24.284830
584.00 24.339462
584.02 24.584486
584.04 24.584486
584.06 24.584486
584.08 24.733114
584.10 24.870529
584.12 24.976286
584.14 25.031453
584.16 25.076110
584.18 24.696358
584.20 24.696358
584.22 24.427487
584.24 24.483018
584.26 24.566010
584.28 24.628882
584.30 24.628882
584.32 24.697831
584.34 24.752894
584.36 24.965333
584.38 24.965333
584.40 24.965333
584.42 25.010799
584.44 25.071129
584.46 25.071129
584.48 25.168894
584.50 25.168868
584.52 25.175439
584.54 25.331721
584.56 25.331721
584.58 25.817530
584.60 26.173291
584.62 26.372523
584.64 26.923565
584.66 26.923565
584.68 28.482356
584.70 28.888863
584.72 29.332297
584.74 30.196620
584.76 30.196620
584.78 31.554914
584.80 32.400279
584.82 32.733001
584.84 33.480184
584.86 33.480184
584.88 34.837605
584.90 35.625664
584.92 36.033450
584.94 36.745220
584.96 36.745220
584.98 38.074686
585.00 38.947223
585.02 39.427635
585.04 40.082334
585.06 40.082334
585.08 41.363974
585.10 42.241544
585.12 42.588648
585.14 43.537827
585.16 43.537827
585.18 45.048961
585.20 45.792050
585.22 46.139023
585.24 46.914957
585.26 46.914957
585.28 47.947909
585.30 48.761642
585.32 49.114743
585.34 49.916533
585.36 49.916533
585.38 51.090030
585.40 51.981851
585.42 52.528212
585.44 52.943886
585.46 52.943886
585.48 54.789059
585.50 55.575802
585.52 55.974552
585.54 56.434296
585.56 56.434296
585.58 57.663208
585.60 58.226819
585.62 58.434187
585.64 58.501219
585.66 58.501219
585.68 58.677593
585.70 58.709264
585.72 58.700359
585.74 58.724833
585.76 58.724833
585.78 58.703410
585.80 58.690541
585.82 58.730948
585.84 58.766622
585.86 58.766622
585.88 59.005947
585.90 59.073083
585.92 59.094532
585.94 59.109135
585.96 59.109135
585.98 58.945930
586.00 58.945930
586.02 58.942422
586.04 58.954953
586.06 58.954953
586.08 58.955266
586.10 58.955266
586.12 58.919435
586.14 58.919435
586.16 59.110048
586.18 59.110048
586.20 59.225610
586.22 59.281977
586.24 59.281977
586.26 59.493021
586.28 59.553703
586.30 59.659851
586.32 59.659851
586.34 59.659851
586.36 59.587578
586.38 59.619405
586.40 59.620853
586.42 59.567863
586.44 59.567863
586.46 59.610813
586.48 59.513414
586.50 59.462367
586.52 59.510337
586.54 59.510337
586.56 59.293268
586.58 59.301482
586.60 59.318511
586.62 59.264935
586.64 59.264935
586.66 59.523805
586.68 59.633187
586.70 59.676411
586.72 59.743755
586.74 59.743755
586.76 59.698107
586.78 59.681118
586.80 59.739609
586.82 59.754186
586.84 59.754186
586.86 59.930066
586.88 59.952688
586.90 59.935750
586.92 59.913154
586.94 59.913154
586.96 59.892827
586.98 59.869018
587.00 59.868353
587.02 59.831780
587.04 59.831780
587.06 60.014335
587.08 60.046827
587.10 60.025209
587.12 60.036344
587.14 60.036344
587.16 60.011518
587.18 59.915488
587.20 59.925411
587.22 59.884756
587.24 59.884756
587.26 59.799196
587.28 59.822940
587.30 59.837413
587.32 59.802703
587.34 59.802703
587.36 59.930118
587.38 59.847113
587.40 59.807658
587.42 59.849604
587.44 59.849604
587.46 59.725410
587.48 59.778634
587.50 59.800656
587.52 59.724119
587.54 59.724119
587.56 59.972780
587.58 59.998258
587.60 59.954213
587.62 60.023514
587.64 60.023514
587.66 59.947459
587.68 59.873960
587.70 59.893831
587.72 59.788087
587.74 59.788087
587.76 59.818754
587.78 59.852811
587.80 59.715540
587.82 59.726153
587.84 59.726153
587.86 59.716570
587.88 59.641310
587.90 59.641454
587.92 59.640124
587.94 59.640124
587.96 59.118341
587.98 58.775996
588.00 58.144258
588.02 57.706835
588.04 57.706835
588.06 56.199156
588.08 55.275585
588.10 54.262113
588.12 53.813646
588.14 53.813646
588.16 52.359074
588.18 51.336722
588.20 50.412134
588.22 49.920614
588.24 49.920614
588.26 48.501572
588.28 47.703264
588.30 46.733028
588.32 46.733028
588.34 46.319857
588.36 45.409194
588.38 44.656665
588.40 43.901476
588.42 43.901476
588.44 41.674726
588.46 40.678933
588.48 39.834038
588.50 39.279541
588.52 39.279541
588.54 37.793076
588.56 36.878971
588.58 35.792573
588.60 35.428480
588.62 35.428480
588.64 33.999555
588.66 32.910666
588.68 32.066045
588.70 31.482797
588.72 31.482797
588.74 29.934281
588.76 29.107940
588.78 28.070306
588.80 27.646587
588.82 27.646587
588.84 26.221861
588.86 25.126570
588.88 24.236052
588.90 23.643795
588.92 23.643795
588.94 22.360499
588.96 21.580602
588.98 20.995216
589.00 20.854007
589.02 20.854007
589.04 20.575917
589.06 20.464932
589.08 20.430144
589.10 20.426155
589.12 20.426155
589.14 20.418240
589.16 20.412425
589.18 20.407913
589.20 20.405697
589.22 20.405697
589.24 20.399503
589.26 20.395044
589.28 20.391198
589.30 20.389190
589.32 20.389190
589.34 20.385291
589.36 20.380936
589.38 20.377546
589.40 20.376373
589.42 20.376373
589.44 20.373661
589.46 20.370232
589.48 20.367937
589.50 20.366542
589.52 20.366542
589.54 20.362330
589.56 20.359318
589.58 20.357988
589.60 20.356971
589.62 20.356971
589.64 20.354116
589.66 20.351990
589.68 20.350608
589.70 20.349852
589.72 20.349852
589.74 20.346540
589.76 20.345588
589.78 20.344076
589.80 20.343724
589.82 20.343724
589.84 20.341951
589.86 20.340086
589.88 20.338952
589.90 20.337843
589.92 20.337843
589.94 20.336722
589.96 20.336044
589.98 20.334597
590.00 20.333814
590.02 20.333814
590.04 20.332380
590.06 20.330320
590.08 20.329473
590.10 20.328886
590.12 20.328886
590.14 20.327295
590.16 20.327086
590.18 20.328495
590.20 20.330411
590.22 20.330411
590.24 20.339721
590.26 20.347792
590.28 20.353790
590.30 20.355341
590.32 20.355341
590.34 20.352994
590.36 20.351338
590.38 20.349930
590.40 20.348679
590.42 20.348679
590.44 20.346475
590.46 20.346136
590.48 20.344702
590.50 20.344206
590.52 20.343867
590.54 20.341677
590.56 20.340112
590.58 20.339578
590.60 20.339578
590.62 20.338339
590.64 20.337283
590.66 20.335588
590.68 20.335170
590.70 20.335170
590.72 20.334284
590.74 20.332498
590.76 20.330646
590.78 20.329603
590.80 20.329603
590.82 20.327960
590.84 20.326330
590.86 20.324596
590.88 20.324114
590.90 20.324114
590.92 20.322601
590.94 20.320997
590.96 20.319211
590.98 20.318377
591.00 20.318377
591.02 20.315638
591.04 20.314322
591.06 20.312848
591.08 20.312183
591.10 20.312183
591.12 20.309341
591.14 20.307776
591.16 20.306511
591.18 20.304973
591.20 20.304973
591.22 20.296589
591.24 20.289757
591.26 20.279013
591.28 20.274775
591.30 20.274775
591.32 20.269468
591.34 20.265387
591.36 20.264670
591.38 20.265022
591.40 20.265022
591.42 20.264735
591.44 20.264396
591.46 20.263549
591.48 20.263536
591.50 20.263536
591.52 20.263340
591.54 20.262936
591.56 20.262441
591.58 20.261723
591.60 20.261723
591.62 20.261293
591.64 20.260485
591.66 20.260133
591.68 20.259298
591.70 20.259298
591.72 20.257864
591.74 20.257395
591.76 20.256612
591.78 20.256260
591.80 20.256260
591.82 20.256091
591.84 20.255765
591.86 20.255791
591.88 20.255400
591.90 20.255400
591.92 20.254213
591.94 20.253783
591.96 20.253287
591.98 20.252518
592.00 20.252518
592.02 20.252283
592.04 20.251788
592.06 20.251566
592.08 20.251723
592.10 20.251723
592.12 20.251827
592.14 20.251983
592.16 20.251253
592.18 20.251397
592.20 20.251397
592.22 20.250614
592.24 20.249910
592.26 20.249389
592.28 20.248528
592.30 20.248528
592.32 20.248424
592.34 20.248137
592.36 20.247889
592.38 20.247172
592.40 20.247172
592.42 20.246064
592.44 20.245229
592.46 20.245216
592.48 20.244864
592.50 20.244864
592.52 20.243795
592.54 20.243495
592.56 20.243235
592.58 20.243221
592.60 20.243391
592.62 20.243300
592.64 20.242882
592.66 20.243052
592.68 20.242974
592.70 20.242778
592.72 20.242374
592.74 20.242035
592.76 20.242387
592.78 20.242387
592.80 20.242257
592.82 20.241957
592.84 20.241839
592.86 20.241839
592.88 20.241839
592.90 20.241905
592.92 20.241344
592.94 20.241279
592.96 20.241631
592.98 20.241631
593.00 20.240705
593.02 20.240875
593.04 20.240392
593.06 20.240040
593.08 20.240040
593.10 20.239623
593.12 20.239545
593.14 20.239936
593.16 20.240092
593.18 20.240092
593.20 20.239571
593.22 20.238827
593.24 20.238254
593.26 20.238084
593.28 20.238084
593.30 20.237393
593.32 20.237302
593.34 20.237823
593.36 20.237471
593.38 20.237471
593.40 20.237041
593.42 20.236454
593.44 20.236115
593.46 20.236467
593.48 20.236467
593.50 20.236715
593.52 20.236546
593.54 20.236767
593.56 20.236793
593.58 20.236793
593.60 20.236024
593.62 20.235920
593.64 20.235698
593.66 20.236194
593.68 20.236194
593.70 20.235216
593.72 20.235320
593.74 20.235255
593.76 20.235059
593.78 20.234368
593.80 20.233495
593.82 20.233482
593.84 20.233077
593.86 20.232908
593.88 20.232908
593.90 20.232451
593.92 20.232451
593.94 20.232178
593.96 20.232191
593.98 20.232191
594.00 20.231434
594.02 20.231265
594.04 20.231017
594.06 20.231017
594.08 20.230835
594.10 20.230835
594.12 20.230835
594.14 20.230613
594.16 20.230848
594.18 20.230848
594.20 20.229987
594.22 20.229987
594.24 20.230000
594.26 20.230118
594.28 20.230118
594.30 20.237380
594.32 20.693631
594.34 20.962411
594.36 20.993743
594.38 20.993743
594.40 21.020159
594.42 21.346427
594.44 21.430931
594.46 21.430683
594.48 21.430683
594.50 21.430774
594.52 21.556937
594.54 21.605884
594.56 21.606484
594.58 21.606484
594.60 21.605688
594.62 21.709633
594.64 21.775231
594.66 21.774448
594.68 21.774448
594.70 21.795532
594.72 21.909243
594.74 21.991100
594.76 21.990317
594.78 21.990317
594.80 22.402758
594.82 22.471863
594.84 22.783410
594.86 22.873351
594.88 22.873351
594.90 22.937918
594.92 22.982602
594.94 23.068762
594.96 23.068762
594.98 23.114736
595.00 23.204508
595.02 23.260092
595.04 23.340984
595.06 23.340984
595.08 23.451526
595.10 23.580127
595.12 23.705233
595.14 23.980481
595.16 23.980481
595.18 24.011239
595.20 24.169007
595.22 24.343335
595.24 24.438478
595.26 24.438478
595.28 24.593104
595.30 24.479824
595.32 24.501273
595.34 24.539789
595.36 24.539789
595.38 24.863058
595.40 24.470319
595.42 24.526385
595.44 24.416691
595.46 24.416691
595.48 24.532240
595.50 24.529697
595.52 24.585777
595.54 24.643486
595.56 24.643486
595.58 24.749582
595.60 24.750103
595.62 24.806470
595.64 24.855365
595.66 24.855365
595.68 24.999338
595.70 25.000081
595.72 25.039602
595.74 25.095342
595.76 25.095342
595.78 24.962308
595.80 24.942711
595.82 24.746074
595.84 24.803132
595.86 24.803132
595.88 24.757092
595.90 24.741380
595.92 24.684558
595.94 24.711496
595.96 24.711496
595.98 24.765919
596.00 24.765593
596.02 24.765111
596.04 24.811072
596.06 24.811072
596.08 24.885041
596.10 24.884115
596.12 24.883385
596.14 24.800081
596.16 24.800081
596.18 24.813941
596.20 24.786768
596.22 24.756805
596.24 24.610785
596.26 24.610785
596.28 24.643043
596.30 24.642782
596.32 24.642704
596.34 24.629795
596.36 24.629795
596.38 24.326476
596.40 24.292927
596.42 24.292823
596.44 24.278715
596.46 24.278715
596.48 24.275351
596.50 24.275351
596.52 24.275547
596.54 24.275494
596.56 24.275494
596.58 24.275273
596.60 24.274712
596.62 24.276185
596.64 24.280671
596.66 24.280671
596.68 24.344391
596.70 25.004762
596.72 25.281261
596.74 25.881550
596.76 25.881550
596.78 26.415838
596.80 28.317964
596.82 28.693152
596.84 29.468512
596.86 29.468512
596.88 30.127137
596.90 31.325785
596.92 31.779806
596.94 32.670963
596.96 32.670963
596.98 33.180776
597.00 34.865938
597.02 35.589951
597.04 35.986459
597.06 35.986459
597.08 36.475684
597.10 36.852672
597.12 36.911242
597.14 36.958194
597.16 36.958194
597.18 37.319093
597.20 37.643274
597.22 37.865467
597.24 37.865467
597.26 38.149320
597.28 39.726782
597.30 40.046569
597.32 40.829465
597.34 40.829465
597.36 41.206180
597.38 43.039983
597.40 43.560201
597.42 44.401211
597.44 44.401211
597.46 44.817224
597.48 46.706155
597.50 47.046413
597.52 47.856769
597.54 47.856769
597.56 48.370689
597.58 50.218444
597.60 50.688216
597.62 51.444604
597.64 51.444604
597.66 51.858309
597.68 52.996028
597.70 53.278446
597.72 53.788299
597.74 53.788299
597.76 53.803893
597.78 53.987244
597.80 53.974909
597.82 54.104892
597.84 54.104892
597.86 54.085869
597.88 54.130435
597.90 54.132052
597.92 54.134712
597.94 54.134712
597.96 54.112024
597.98 54.056923
598.00 54.076533
598.02 54.048695
598.04 54.048695
598.06 54.139053
598.08 55.043405
598.10 55.354209
598.12 55.923583
598.14 55.923583
598.16 56.325032
598.18 57.673769
598.20 57.963215
598.22 58.680462
598.24 58.680462
598.26 58.785254
598.28 59.309214
598.30 59.306659
598.32 59.351538
598.34 59.351538
598.36 59.415297
598.38 59.325630
598.40 59.347992
598.42 59.433773
598.44 59.433773
598.46 59.455835
598.48 59.547106
598.50 59.547106
598.52 59.568815
598.54 59.568815
598.56 59.568815
598.58 59.508250
598.60 59.508250
598.62 59.621022
598.64 59.621022
598.66 59.621022
598.68 59.805429
598.70 59.805429
598.72 59.757185
598.74 59.757185
598.76 59.757185
598.78 59.762388
598.80 59.762388
598.82 59.750040
598.84 59.750040
598.86 59.750040
598.88 59.709490
598.90 59.709490
598.92 59.813773
598.94 59.813773
598.96 59.813773
598.98 60.062265
599.00 60.062265
599.02 60.046358
599.04 60.046358
599.06 60.046358
599.08 59.971229
599.10 59.971229
599.12 59.979900
599.14 59.979900
599.16 59.979900
599.18 60.074235
599.20 60.074235
599.22 59.925372
599.24 59.925372
599.26 59.872448
599.28 59.722476
599.30 59.722476
599.32 59.862655
599.34 59.862655
599.36 59.921069
599.38 59.921069
599.40 59.867988
599.42 59.814647
599.44 59.814647
599.46 59.867597
599.48 59.867597
599.50 59.892553
599.52 59.892553
599.54 59.892553
599.56 59.847830
599.58 59.847830
599.60 59.905083
599.62 59.881653
599.64 59.881653
599.66 59.927432
599.68 59.927432
599.70 59.870205
599.72 59.878745
599.74 59.878745
599.76 59.876959
599.78 59.876959
599.80 59.964018
599.82 59.966861
599.84 59.966861
599.86 60.093049
599.88 60.093049
599.90 60.024909
599.92 60.012783
599.94 60.012783
599.96 59.905344
599.98 59.905344
600.00 59.947746
600.02 59.947746
600.04 59.947746
600.06 59.977018
600.08 59.977018
600.10 59.987071
600.12 59.966848
600.14 59.966848
600.16 59.638911
600.18 59.638911
600.20 58.987628
600.22 58.987628
600.24 58.987628
600.26 56.623175
600.28 56.623175
600.30 55.797003
600.32 55.234175
600.34 55.234175
600.36 52.893922
600.38 52.893922
600.40 51.799596
600.42 51.355576
600.44 51.355576
600.46 48.845442
600.48 48.845442
600.50 47.908050
600.52 47.315323
600.54 47.315323
600.56 44.851255
600.58 44.851255
600.60 43.877303
600.62 43.416932
600.64 43.416932
600.66 41.035946
600.68 41.035946
600.70 40.119077
600.72 39.679138
600.74 39.679138
600.76 37.168078
600.78 37.168078
600.80 36.113025
600.82 35.534302
600.84 35.534302
600.86 33.159549
600.88 33.159549
600.90 32.234231
600.92 31.832143
600.94 31.832143
600.96 29.265865
600.98 29.265865
601.00 28.221347
601.02 27.697699
601.04 27.697699
601.06 25.326506
601.08 25.326506
601.10 24.534847
601.12 24.090514
601.14 24.090514
601.16 21.902189
601.18 21.902189
601.20 21.259080
601.22 20.898990
601.24 20.898990
601.26 20.456287
601.28 20.456287
601.30 20.431122
601.32 20.422999
601.34 20.422999
601.36 20.408018
601.38 20.408018
601.40 20.403793
601.42 20.401681
601.44 20.395305
601.46 20.395305
601.48 20.389724
601.50 20.386426
601.52 20.384535
601.54 20.384535
601.56 20.380376
601.58 20.380376
601.60 20.378263
601.62 20.374091
601.64 20.371444
601.66 20.371444
601.68 20.368902
601.70 20.367233
601.72 20.367233
601.74 20.360270
601.76 20.360270
601.78 20.358106
601.80 20.356932
601.82 20.356932
601.84 20.351704
601.86 20.351704
601.88 20.350478
601.90 20.349774
601.92 20.349774
601.94 20.344845
601.96 20.344845
601.98 20.343346
602.00 20.342381
602.02 20.342381
602.04 20.344428
602.06 20.344428
602.08 20.351651
602.10 20.355341
602.12 20.355341
602.14 20.366750
602.16 20.366750
602.18 20.365303
602.20 20.364468
602.22 20.364468
602.24 20.359005
602.26 20.359005
602.28 20.356697
602.30 20.356697
602.32 20.356697
602.34 20.352395
602.36 20.352395
602.38 20.349018
602.40 20.349018
602.42 20.348431
602.44 20.345980
602.46 20.345980
602.48 20.343346
602.50 20.343346
602.52 20.341820
602.54 20.337791
602.56 20.337791
602.58 20.334884
602.60 20.334884
602.62 20.334884
602.64 20.330216
602.66 20.330216
602.68 20.328130
602.70 20.327243
602.72 20.327243
602.74 20.323357
602.76 20.323357
602.78 20.320724
602.80 20.320724
602.82 20.319615
602.84 20.318012
602.86 20.316916
602.88 20.313917
602.90 20.313917
602.92 20.313070
602.94 20.311036
602.96 20.311036
602.98 20.309041
603.00 20.309041
603.02 20.309041
603.04 20.304947
603.06 20.302561
603.08 20.288687
603.10 20.288687
603.12 20.288687
603.14 20.266861
603.16 20.266861
603.18 20.263145
603.20 20.262427
603.22 20.262427
603.24 20.261006
603.26 20.261006
603.28 20.260498
603.30 20.260250
603.32 20.260250
603.34 20.258920
603.36 20.258920
603.38 20.258099
603.40 20.258099
603.42 20.258099
603.44 20.257029
603.46 20.257029
603.48 20.256012
603.50 20.256012
603.52 20.255361
603.54 20.254174
603.56 20.254174
603.58 20.253040
603.60 20.253040
603.62 20.253040
603.64 20.253326
603.66 20.252635
603.68 20.252414
603.70 20.252792
603.72 20.252792
603.74 20.253027
603.76 20.253027
603.78 20.253118
603.80 20.253118
603.82 20.253014
603.84 20.253105
603.86 20.253705
603.88 20.253705
603.90 20.253705
603.92 20.254487
603.94 20.254409
603.96 20.254304
603.98 20.254148
604.00 20.254148
604.02 20.253392
604.04 20.253796
604.06 20.253665
604.08 20.253261
604.10 20.253483
604.12 20.252818
604.14 20.252740
604.16 20.253105
604.18 20.253105
604.20 20.253105
604.22 20.253639
604.24 20.253952
604.26 20.253600
604.28 20.253457
604.30 20.253457
604.32 20.252140
604.34 20.252088
604.36 20.252036
604.38 20.252036
604.40 20.252036
604.42 20.252166
604.44 20.251905
604.46 20.251775
604.48 20.252296
604.50 20.252296
604.52 20.251775
604.54 20.251358
604.56 20.250823
604.58 20.250445
604.60 20.250445
604.62 20.249897
604.64 20.249767
604.66 20.249571
604.68 20.249376
604.70 20.249376
604.72 20.248359
604.74 20.248437
604.76 20.248320
604.78 20.248333
604.80 20.248333
604.82 20.246833
604.84 20.246820
604.86 20.246142
604.88 20.245477
604.90 20.245308
604.92 20.244890
604.94 20.244695
604.96 20.244773
604.98 20.244773
605.00 20.244773
605.02 20.244460
605.04 20.244186
605.06 20.244121
605.08 20.244121
605.10 20.244121
605.12 20.243169
605.14 20.243495
605.16 20.243039
605.18 20.242504
605.20 20.242504
605.22 20.242191
605.24 20.241931
605.26 20.242139
605.28 20.241774
605.30 20.241774
605.32 20.241631
605.34 20.241266
605.36 20.241279
605.38 20.241644
605.40 20.241644
605.42 20.242257
605.44 20.242426
605.46 20.241852
605.48 20.241683
605.50 20.241683
605.52 20.241018
605.54 20.240783
605.56 20.240288
605.58 20.240288
605.60 20.240288
605.62 20.239871
605.64 20.239871
605.66 20.239753
605.68 20.239558
605.70 20.239388
605.72 20.238671
605.74 20.238671
605.76 20.238488
605.78 20.238488
605.80 20.238488
605.82 20.237497
605.84 20.237380
605.86 20.237093
605.88 20.236363
605.90 20.235868
605.92 20.235672
605.94 20.235672
605.96 20.235529
605.98 20.235268
606.00 20.235268
606.02 20.235268
606.04 20.235072
606.06 20.235072
606.08 20.234903
606.10 20.234433
606.12 20.234551
606.14 20.234407
606.16 20.234407
606.18 20.234368
606.20 20.542382
606.22 20.542264
606.24 20.789439
606.26 20.789439
606.28 20.822271
606.30 21.279512
606.32 21.279512
606.34 21.368827
606.36 21.400798
606.38 21.400798
606.40 21.458442
606.42 21.603028
606.44 21.661129
606.46 21.661038
606.48 21.660881
606.50 21.747132
606.52 22.064468
606.54 22.339077
606.56 22.339103
606.58 22.339103
606.60 22.547083
606.62 22.547083
606.64 22.750409
606.66 22.750539
606.68 22.750539
606.70 22.751113
606.72 22.912010
606.74 23.025773
606.76 23.248879
606.78 23.248879
606.80 23.281188
606.82 23.491555
606.84 23.657433
606.86 23.827915
606.88 23.827745
606.90 23.924440
606.92 23.970649
606.94 24.081948
606.96 24.140687
606.98 24.268571
607.00 24.268571
607.02 24.460253
607.04 24.519018
607.06 24.519018
607.08 24.590914
607.10 24.590914
607.12 24.689200
607.14 24.788998
607.16 24.847255
607.18 24.847255
607.20 24.604174
607.22 24.695158
607.24 24.627435
607.26 24.672732
607.28 24.638101
607.30 24.637814
607.32 24.370286
607.34 24.343504
607.36 24.370025
607.38 24.370025
607.40 24.402139
607.42 24.377848
607.44 24.462782
607.46 24.534313
607.48 24.534313
607.50 24.939908
607.52 24.780118
607.54 24.698731
607.56 24.806744
607.58 24.806744
607.60 25.555009
607.62 26.366577
607.64 26.991418
607.66 27.437251
607.68 27.437251
607.70 28.201189
607.72 29.502908
607.74 30.360138
607.76 30.680773
607.78 30.680773
607.80 31.676670
607.82 32.749873
607.84 33.392329
607.86 33.564010
607.88 33.564010
607.90 34.540153
607.92 35.779547
607.94 36.539795
607.96 36.952588
607.98 36.952588
608.00 37.717764
608.02 38.909972
608.04 39.774464
608.06 40.195693
608.08 40.195693
608.10 41.428216
608.12 42.835888
608.14 44.192292
608.16 44.192292
608.18 44.192292
608.20 45.020067
608.22 46.510705
608.24 47.333252
608.26 47.861541
608.28 48.219806
608.30 49.305695
608.32 50.257039
608.34 50.556890
608.36 50.556890
608.38 51.619323
608.40 52.847661
608.42 53.748388
608.44 54.066024
608.46 54.066024
608.48 54.558339
608.50 55.864896
608.52 56.527328
608.54 56.892151
608.56 56.892151
608.58 57.265292
608.60 57.747451
608.62 57.925155
608.64 58.090226
608.66 58.090226
608.68 58.197964
608.70 58.267135
608.72 58.462898
608.74 58.529552
608.76 58.529552
608.78 58.630967
608.80 58.949059
608.82 58.989192
608.84 58.977731
608.86 58.977731
608.88 59.127963
608.90 59.121261
608.92 59.320115
608.94 59.424555
608.96 59.424555
608.98 59.304664
609.00 59.361826
609.02 59.315134
609.04 59.279173
609.06 59.279173
609.08 59.329111
609.10 59.239483
609.12 59.181083
609.14 59.239901
609.16 59.239901
609.18 59.092746
609.20 58.923673
609.22 59.081128
609.24 59.086161
609.26 59.086161
609.28 59.153141
609.30 59.264231
609.32 59.179727
609.34 59.230734
609.36 59.230734
609.38 59.210733
609.40 59.012362
609.42 58.973976
609.44 58.946047
609.46 58.946047
609.48 58.855441
609.50 58.876108
609.52 58.890828
609.54 58.877581
609.56 58.900034
609.58 58.923634
609.60 59.031386
609.62 59.058337
609.64 59.122800
609.66 59.223902
609.68 59.264061
609.70 59.315786
609.72 59.300348
609.74 59.279590
609.76 59.255221
609.78 59.272902
609.80 59.294494
609.82 59.270529
609.84 59.290373
609.86 59.320767
609.88 59.271011
609.90 59.127676
609.92 59.115329
609.94 59.103464
609.96 59.052587
609.98 59.135539
610.00 59.384917
610.02 59.404358
610.04 59.424112
610.06 59.495681
610.08 59.540638
610.10 59.417827
610.12 59.436955
610.14 59.444100
610.16 59.425181
610.18 59.400824
610.20 59.557745
610.22 59.573248
610.24 59.553351
610.26 59.605949
610.28 59.686633
610.30 59.716883
610.32 59.671625
610.34 59.730886
610.36 59.682643
610.38 59.813317
610.40 60.050765
610.42 60.137433
610.44 60.137551
610.46 60.148321
610.48 60.274809
610.50 60.260480
610.52 60.281081
610.54 60.325686
610.56 60.302112
610.58 60.402328
610.60 60.417205
610.62 60.412263
610.64 60.414493
610.66 60.417805
610.68 60.427362
610.70 60.426254
610.72 60.413580
610.74 60.382065
610.76 60.384817
610.78 60.398090
610.80 60.406005
610.82 60.434312
610.84 60.468382
610.86 60.444091
610.88 60.444143
610.90 60.453126
610.92 60.332988
610.94 60.155361
610.96 59.914432
610.98 58.796311
611.00 58.356046
611.02 57.877747
611.04 57.437299
611.06 56.971348
611.08 54.878061
611.10 54.392500
611.12 53.921490
611.14 53.428978
611.16 52.911381
611.18 51.004600
611.20 50.556420
611.22 49.995104
611.24 49.486464
611.26 49.029066
611.28 46.950631
611.30 46.418325
611.32 45.950249
611.34 45.431256
611.36 44.915184
611.38 43.039253
611.40 42.471795
611.42 41.938147
611.44 41.446887
611.46 40.896184
611.48 38.663032
611.50 38.236496
611.52 37.805750
611.54 37.394600
611.56 36.887538
611.58 35.076122
611.60 34.616573
611.62 34.118533
611.64 33.492871
611.66 32.975951
611.68 30.999974
611.70 30.492599
611.72 29.949028
611.74 29.475957
611.76 29.026891
611.78 27.019452
611.80 26.561532
611.82 26.090013
611.84 26.090013
611.86 25.067622
611.88 23.155534
611.90 22.653401
611.92 22.219277
611.94 21.913650
611.96 21.651180
611.98 20.699537
612.00 20.557663
612.02 20.501310
612.04 20.459547
612.06 20.440445
612.08 20.424016
612.10 20.420235
612.12 20.417823
612.14 20.415606
612.16 20.413025
612.18 20.404380
612.20 20.402242
612.22 20.400677
612.24 20.399386
612.26 20.397456
612.28 20.389764
612.30 20.387834
612.32 20.386491
612.34 20.385304
612.36 20.383779
612.38 20.378003
612.40 20.376425
612.42 20.375004
612.44 20.375004
612.46 20.372878
612.48 20.367754
612.50 20.366255
612.52 20.364860
612.54 20.364860
612.56 20.361913
612.58 20.358575
612.60 20.357545
612.62 20.356802
612.64 20.356802
612.66 20.355263
612.68 20.353033
612.70 20.351912
612.72 20.351912
612.74 20.351365
612.76 20.346279
612.78 20.346110
612.80 20.345888
612.82 20.345888
612.84 20.347101
612.86 20.354794
612.88 20.358523
612.90 20.362852
612.92 20.362852
612.94 20.368289
612.96 20.369032
612.98 20.368237
613.00 20.367024
613.02 20.367024
613.04 20.365133
613.06 20.361874
613.08 20.361157
613.10 20.360283
613.12 20.360283
613.14 20.358575
613.16 20.354676
613.18 20.353764
613.20 20.353294
613.22 20.353294
613.24 20.351495
613.26 20.347622
613.28 20.346905
613.30 20.346045
613.32 20.346045
613.34 20.343724
613.36 20.340973
613.38 20.340347
613.40 20.339134
613.42 20.339134
613.44 20.337152
613.46 20.333475
613.48 20.332628
613.50 20.331598
613.52 20.331598
613.54 20.329564
613.56 20.327334
613.58 20.326474
613.60 20.325965
613.62 20.325965
613.64 20.324427
613.66 20.321063
613.68 20.320098
613.70 20.318807
613.72 20.318807
613.74 20.316395
613.76 20.313748
613.78 20.312835
613.80 20.311949
613.82 20.311949
613.84 20.308480
613.86 20.300396
613.88 20.295741
613.90 20.290461
613.92 20.290461
613.94 20.281229
613.96 20.268021
613.98 20.266848
614.00 20.266678
614.02 20.266678
614.04 20.286210
614.06 20.388903
614.08 20.421069
614.10 20.454292
614.12 20.454292
614.14 20.496916
614.16 20.521220
614.18 20.521415
614.20 20.521285
614.22 20.521285
614.24 20.520855
614.26 20.519147
614.28 20.518795
614.30 20.518612
614.32 20.518612
614.34 20.518377
614.36 20.518638
614.38 20.518547
614.40 20.518025
614.42 20.518025
614.44 20.516748
614.46 20.516435
614.48 20.515326
614.50 20.514779
614.52 20.514779
614.54 20.515678
614.56 20.514414
614.58 20.514244
614.60 20.513931
614.62 20.513931
614.64 20.513736
614.66 20.513553
614.68 20.513214
614.70 20.512979
614.72 20.512979
614.74 20.512966
614.76 20.512875
614.78 20.512549
614.80 20.512719
614.82 20.512719
614.84 20.511897
614.86 20.512145
614.88 20.512510
614.90 20.512510
614.92 20.512380
614.94 20.513357
614.96 20.512823
614.98 20.512836
615.00 20.512836
615.02 20.512797
615.04 20.489288
615.06 20.471503
615.08 20.440393
615.10 20.440393
615.12 20.377455
615.14 20.270707
615.16 20.255061
615.18 20.251540
615.20 20.251540
615.22 20.251032
615.24 20.250119
615.26 20.250119
615.28 20.250445
615.30 20.250445
615.32 20.250106
615.34 20.249623
615.36 20.250223
615.38 20.250054
615.40 20.250054
615.42 20.250080
615.44 20.249702
615.46 20.249780
615.48 20.249780
615.50 20.249780
615.52 20.248776
615.54 20.248776
615.56 20.248685
615.58 20.248685
615.60 20.248685
615.62 20.248372
615.64 20.247941
615.66 20.248046
615.68 20.248007
615.70 20.248007
615.72 20.248320
615.74 20.247381
615.76 20.247550
615.78 20.247003
615.80 20.247003
615.82 20.246312
615.84 20.245595
615.86 20.245764
615.88 20.244877
615.90 20.244877
615.92 20.245256
615.94 20.244943
615.96 20.244669
615.98 20.244669
616.00 20.244669
616.02 20.243821
616.04 20.242622
616.06 20.242191
616.08 20.241878
616.10 20.241878
616.12 20.241539
616.14 20.241918
616.16 20.241396
616.18 20.241214
616.20 20.241214
616.22 20.240718
616.24 20.239688
616.26 20.239284
616.28 20.239049
616.30 20.239049
616.32 20.238619
616.34 20.237797
616.36 20.237524
616.38 20.237706
616.40 20.237706
616.42 20.237550
616.44 20.237028
616.46 20.237328
616.48 20.237158
616.50 20.237158
616.52 20.235750
616.54 20.235750
616.56 20.235646
616.58 20.235320
616.60 20.235685
616.62 20.235463
616.64 20.235346
616.66 20.234942
616.68 20.235098
616.70 20.235098
616.72 20.234929
616.74 20.234225
616.76 20.233925
616.78 20.233925
616.80 20.233573
616.82 20.233116
616.84 20.232478
616.86 20.231800
616.88 20.231630
616.90 20.231630
616.92 20.231278
616.94 20.419779
616.96 20.507360
616.98 20.507360
617.00 20.506747
617.02 20.534611
617.04 20.747976
617.06 20.985450
617.08 20.985828
617.10 20.985828
617.12 21.028295
617.14 21.028295
617.16 21.082197
617.18 21.082197
617.20 21.082654
617.22 21.362347
617.24 21.435312
617.26 21.435312
617.28 21.435312
617.30 21.435429
617.32 21.995546
617.34 22.053425
617.36 22.085695
617.38 22.085695
617.40 22.302881
617.42 22.302881
617.44 22.358778
617.46 22.358765
617.48 22.358765
617.50 22.391870
617.52 22.858187
617.54 22.915348
617.56 23.158820
617.58 23.158820
617.60 23.269884
617.62 23.388614
617.64 23.470041
617.66 23.780245
617.68 23.780245
617.70 23.788068
617.72 23.935979
617.74 24.051528
617.76 24.110333
617.78 24.110333
617.80 24.108742
617.82 24.232284
617.84 24.345551
617.86 24.451165
617.88 24.451165
617.90 24.453434
617.92 24.584407
617.94 24.639548
617.96 24.736621
617.98 24.736621
618.00 25.051506
618.02 24.981749
618.04 24.996874
618.06 24.838206
618.08 24.838206
618.10 24.936792
618.12 25.099032
618.14 25.099032
618.16 25.099032
618.18 25.099032
618.20 25.221022
618.22 25.161449
618.24 25.215403
618.26 25.272108
618.28 25.272108
618.30 25.328761
618.32 25.365361
618.34 25.179898
618.36 25.355243
618.38 25.355243
618.40 25.635588
618.42 26.553239
618.44 27.087396
618.46 27.913672
618.48 27.913672
618.50 28.359922
618.52 29.176263
618.54 29.946107
618.56 30.567271
618.58 30.567271
618.60 31.068166
618.62 31.824737
618.64 33.103887
618.66 33.746513
618.68 33.746513
618.70 34.129107
618.72 35.109397
618.74 36.362756
618.76 37.170517
618.78 37.170517
618.80 37.787352
618.82 38.663644
618.84 39.893130
618.86 40.809386
618.88 40.809386
618.90 41.296629
618.92 42.256761
618.94 43.490314
618.96 44.181548
618.98 44.181548
619.00 44.367428
619.02 45.234098
619.04 46.420894
619.06 47.299599
619.08 47.299599
619.10 47.773856
619.12 48.714390
619.14 50.091695
619.16 50.967244
619.18 50.967244
619.20 52.272197
619.22 52.272197
619.24 53.608652
619.26 54.497018
619.28 54.497018
619.30 55.260878
619.32 55.553271
619.34 56.360145
619.36 56.360145
619.38 56.609289
619.40 57.162495
619.42 58.014523
619.44 58.555290
619.46 58.555290
619.48 58.555290
619.50 58.680045
619.52 58.836874
619.54 59.005686
619.56 59.005686
619.58 59.005686
619.60 59.214084
619.62 59.458599
619.64 59.417501
619.66 59.417501
619.68 59.417501
619.70 59.552412
619.72 59.463371
619.74 59.446303
619.76 59.446303
619.78 59.446303
619.80 59.250540
619.82 59.372126
619.84 59.443735
619.86 59.443735
619.88 59.443735
619.90 59.647373
619.92 59.731447
619.94 59.748893
619.96 59.748893
619.98 59.748893
620.00 59.645000
620.02 59.660151
620.04 59.761358
620.06 59.761358
620.08 59.761358
620.10 59.828455
620.12 59.895226
620.14 59.878341
620.16 59.878341
620.18 59.878341
620.20 59.727731
620.22 59.657804
620.24 59.690258
620.26 59.690258
620.28 59.690258
620.30 59.865263
620.32 59.931682
620.34 59.866059
620.36 59.866059
620.38 59.866059
620.40 59.810044
620.42 59.728722
620.44 59.750770
620.46 59.750770
620.48 59.750770
620.50 59.670426
620.52 59.721120
620.54 59.678784
620.56 59.678784
620.58 59.678784
620.60 59.688237
620.62 59.496150
620.64 59.525879
620.66 59.525879
620.68 59.525879
620.70 59.370522
620.72 59.463945
620.74 59.462863
620.76 59.462863
620.78 59.462863
620.80 59.600004
620.82 59.569532
620.84 59.573392
620.86 59.573392
620.88 59.573392
620.90 59.524770
620.92 59.505043
620.94 59.607005
620.96 59.607005
620.98 59.607005
621.00 59.705630
621.02 59.687832
621.04 59.665445
621.06 59.665445
621.08 59.665445
621.10 59.679618
621.12 59.605584
621.14 59.635521
621.16 59.635521
621.18 59.635521
621.20 59.764005
621.22 59.830815
621.24 59.843945
621.26 59.843945
621.28 59.843945
621.30 59.761358
621.32 59.616719
621.34 59.633526
621.36 59.633526
621.38 59.633526
621.40 59.886894
621.42 59.886894
621.44 59.873073
621.46 59.857205
621.48 59.857205
621.50 59.928188
621.52 59.900129
621.54 59.947381
621.56 59.947381
621.58 59.976888
621.60 60.039760
621.62 60.048953
621.64 60.094692
621.66 60.094692
621.68 60.102868
621.70 60.077312
621.72 60.054677
621.74 59.907078
621.76 59.907078
621.78 59.092302
621.80 57.301084
621.82 56.793291
621.84 56.329100
621.86 56.329100
621.88 55.474947
621.90 53.598143
621.92 53.159207
621.94 52.678196
621.96 52.678196
621.98 51.556920
622.00 49.628938
622.02 49.070281
622.04 48.554418
622.06 48.554418
622.08 47.678425
622.10 45.774004
622.12 45.278729
622.14 44.806311
622.16 44.806311
622.18 43.740996
622.20 41.678220
622.22 41.136175
622.24 40.589071
622.26 40.589071
622.28 40.136054
622.30 37.790573
622.32 37.334622
622.34 36.898660
622.36 36.898660
622.38 36.352429
622.40 33.968692
622.42 33.442059
622.44 32.922127
622.46 32.922127
622.48 32.487430
622.50 29.671512
622.52 29.190631
622.54 28.731460
622.56 28.731460
622.58 28.238036
622.60 25.948256
622.62 25.513089
622.64 24.989794
622.66 24.989794
622.68 24.372724
622.70 22.112659
622.72 21.602963
622.74 21.195412
622.76 21.195412
622.78 21.054803
622.80 20.511962
622.82 20.474007
622.84 20.434917
622.86 20.434917
622.88 20.430210
622.90 20.417054
622.92 20.414511
622.94 20.411838
622.96 20.411838
622.98 20.409582
623.00 20.399373
623.02 20.396922
623.04 20.394901
623.06 20.394901
623.08 20.393323
623.10 20.385669
623.12 20.383805
623.14 20.382540
623.16 20.382540
623.18 20.381171
623.20 20.375291
623.22 20.373609
623.24 20.372592
623.26 20.372592
623.28 20.371183
623.30 20.365133
623.32 20.364481
623.34 20.363634
623.36 20.363634
623.38 20.362956
623.40 20.357102
623.42 20.356332
623.44 20.355563
623.46 20.355563
623.48 20.354481
623.50 20.350491
623.52 20.349161
623.54 20.348939
623.56 20.348939
623.58 20.347857
623.60 20.344311
623.62 20.342955
623.64 20.342955
623.66 20.342955
623.68 20.346553
623.70 20.358236
623.72 20.368563
623.74 20.368563
623.76 20.368302
623.78 20.364755
623.80 20.363543
623.82 20.363543
623.84 20.363543
623.86 20.362669
623.88 20.359266
623.90 20.358236
623.92 20.357493
623.94 20.357493
623.96 20.356411
623.98 20.353151
624.00 20.351730
624.02 20.350830
624.04 20.350830
624.06 20.349656
624.08 20.346592
624.10 20.345171
624.12 20.344285
624.14 20.344285
624.16 20.343059
624.18 20.339995
624.20 20.336096
624.22 20.336096
624.24 20.336096
624.26 20.334871
624.28 20.333345
624.30 20.331663
624.32 20.330568
624.34 20.330568
624.36 20.329394
624.38 20.326408
624.40 20.323188
624.42 20.323188
624.44 20.323188
624.46 20.322119
624.48 20.319472
624.50 20.318025
624.52 20.317112
624.54 20.317112
624.56 20.316369
624.58 20.314217
624.60 20.313018
624.62 20.311988
624.64 20.311988
624.66 20.307998
624.68 20.292377
624.70 20.281712
624.72 20.276314
624.74 20.276314
624.76 20.274071
624.78 20.269781
624.80 20.268764
624.82 20.267943
624.84 20.267943
624.86 20.267591
624.88 20.265570
624.90 20.264735
624.92 20.264214
624.94 20.264214
624.96 20.263992
624.98 20.262858
625.00 20.262023
625.02 20.261671
625.04 20.261671
625.06 20.261176
625.08 20.260446
625.10 20.259572
625.12 20.259533
625.14 20.259533
625.16 20.260041
625.18 20.259272
625.20 20.258933
625.22 20.258607
625.24 20.258607
625.26 20.258268
625.28 20.257473
625.30 20.257329
625.32 20.257134
625.34 20.257134
625.36 20.256795
625.38 20.255595
625.40 20.254995
625.42 20.254995
625.44 20.254995
625.46 20.254852
625.48 20.255074
625.50 20.254722
625.52 20.254722
625.54 20.254722
625.56 20.253913
625.58 20.253040
625.60 20.251905
625.62 20.251905
625.64 20.251905
625.66 20.252296
625.68 20.251618
625.70 20.251462
625.72 20.250927
625.74 20.250927
625.76 20.251631
625.78 20.251671
625.80 20.251723
625.82 20.251540
625.84 20.251540
625.86 20.251840
625.88 20.251097
625.90 20.251292
625.92 20.251436
625.94 20.251305
625.96 20.251840
625.98 20.251840
626.00 20.251840
626.02 20.251840
626.04 20.251788
626.06 20.251266
626.08 20.251266
626.10 20.251631
626.12 20.251631
626.14 20.251540
626.16 20.251827
626.18 20.252101
626.20 20.252114
626.22 20.252114
626.24 20.252257
626.26 20.251866
626.28 20.251618
626.30 20.251266
626.32 20.251266
626.34 20.250927
626.36 20.250771
626.38 20.250315
626.40 20.250119
626.42 20.250119
626.44 20.249923
626.46 20.249545
626.48 20.250041
626.50 20.250041
626.52 20.250210
626.54 20.250210
626.56 20.250054
626.58 20.249506
626.60 20.249506
626.62 20.249506
626.64 20.249363
626.66 20.248737
626.68 20.249141
626.70 20.248972
626.72 20.248972
626.74 20.248945
626.76 20.248724
626.78 20.248359
626.80 20.248711
626.82 20.248711
626.84 20.247694
626.86 20.247759
626.88 20.247733
626.90 20.247407
626.92 20.247407
626.94 20.247224
626.96 20.246299
626.98 20.245686
627.00 20.245321
627.02 20.245321
627.04 20.244825
627.06 20.243665
627.08 20.242935
627.10 20.242556
627.12 20.242556
627.14 20.242022
627.16 20.241005
627.18 20.240614
627.20 20.240418
627.22 20.240418
627.24 20.239727
627.26 20.238932
627.28 20.238528
627.30 20.238528
627.32 20.238358
627.34 20.238358
627.36 20.237836
627.38 20.237693
627.40 20.237863
627.42 20.238541
627.44 20.238541
627.46 20.238084
627.48 20.237667
627.50 20.237667
627.52 20.237145
627.54 20.237145
627.56 20.441827
627.58 20.441749
627.60 20.441749
627.62 20.441749
627.64 20.441553
627.66 20.674998
627.68 20.674816
627.70 20.674816
627.72 20.674333
627.74 20.674333
627.76 20.722459
627.78 20.722042
627.80 20.721846
627.82 20.721846
627.84 20.777874
627.86 20.777874
627.88 20.892588
627.90 20.892588
627.92 20.892588
627.94 20.924729
627.96 21.039808
627.98 21.269042
628.00 21.269042
628.02 21.270020
628.04 21.368827
628.06 22.000813
628.08 22.000813
628.10 22.091641
628.12 22.091641
628.14 22.091928
628.16 22.288643
628.18 22.396995
628.20 22.397490
628.22 22.458107
628.24 22.916809
628.26 22.916313
628.28 22.916313
628.30 22.916313
628.32 22.948767
628.34 23.094826
628.36 23.213218
628.38 23.320813
628.40 23.320813
628.42 23.345756
628.44 23.539094
628.46 23.713787
628.48 23.972240
628.50 23.979750
628.52 23.979750
628.54 24.133268
628.56 24.248908
628.58 24.298716
628.60 24.298716
628.62 24.296826
628.64 24.081152
628.66 24.261712
628.68 24.261712
628.70 24.261869
628.72 24.261869
628.74 24.364471
628.76 24.473252
628.78 24.520844
628.80 24.522239
628.82 24.666630
628.84 24.685014
628.86 24.741120
628.88 24.798555
628.90 24.798555
628.92 24.777446
628.94 24.872433
628.96 24.710870
628.98 24.768358
629.00 24.768358
629.02 24.986795
629.04 24.687035
629.06 24.790980
629.08 24.832899
629.10 24.832899
629.12 25.068704
629.14 25.767931
629.16 26.334254
629.18 26.688268
629.20 26.688268
629.22 27.165928
629.24 28.763470
629.26 29.095501
629.28 29.526195
629.30 29.526195
629.32 29.923055
629.34 31.629352
629.36 32.433515
629.38 32.838001
629.40 32.838001
629.42 33.266519
629.44 34.934196
629.46 35.290687
629.48 35.935816
629.50 35.935816
629.52 36.438602
629.54 38.128419
629.56 38.531901
629.58 39.508266
629.60 39.508266
629.62 40.010543
629.64 41.873514
629.66 42.369115
629.68 43.173669
629.70 43.173669
629.72 43.713080
629.74 45.110660
629.76 45.999118
629.78 46.976525
629.80 46.976525
629.82 47.464395
629.84 49.098015
629.86 49.809472
629.88 50.224285
629.90 50.224285
629.92 50.744960
629.94 52.256864
629.96 53.218755
629.98 54.152053
630.00 54.152053
630.02 54.454121
630.04 56.127470
630.06 56.574945
630.08 57.385588
630.10 57.385588
630.12 57.570685
630.14 58.154441
630.16 58.601356
630.18 58.901885
630.20 58.901885
630.22 59.002857
630.24 58.940401
630.26 59.161929
630.28 59.358566
630.30 59.358566
630.32 59.418140
630.34 59.645196
630.36 59.682369
630.38 59.667805
630.40 59.667805
630.42 59.784723
630.44 59.877754
630.46 59.885317
630.48 59.885317
630.50 59.912229
630.52 59.907626
630.54 59.867806
630.56 59.822483
630.58 59.850399
630.60 59.791216
630.62 59.871678
630.64 59.950862
630.66 59.904927
630.68 59.878393
630.70 59.905475
630.72 59.879932
630.74 59.858574
630.76 59.898238
630.78 59.938828
630.80 59.908252
630.82 60.002535
630.84 60.092502
630.86 60.065225
630.88 60.035888
630.90 60.047231
630.92 60.046814
630.94 59.867467
630.96 59.891993
630.98 59.915449
631.00 59.905462
631.02 59.875981
631.04 60.019498
631.06 59.975584
631.08 60.004856
631.10 60.028938
631.12 60.059201
631.14 60.051573
631.16 60.056476
631.18 60.099869
631.20 60.143418
631.22 60.134760
631.24 60.132804
631.26 60.161046
631.28 60.116897
631.30 60.111656
631.32 60.092737
631.34 60.183786
631.36 60.211024
631.38 60.239357
631.40 60.198976
631.42 60.162715
631.44 60.153562
631.46 60.165180
631.48 60.165180
631.50 60.128971
631.52 60.128971
631.54 60.161646
631.56 60.187306
631.58 60.187306
631.60 60.249084
631.62 60.239096
631.64 60.234376
631.66 60.230843
631.68 60.230843
631.70 60.163876
631.72 60.163876
631.74 60.196720
631.76 60.159847
631.78 60.159847
631.80 60.238418
631.82 60.238418
631.84 60.080519
631.86 60.050830
631.88 60.050830
631.90 59.982572
631.92 60.026930
631.94 60.189301
631.96 60.207503
631.98 60.207503
632.00 60.268198
632.02 60.268198
632.04 60.237923
632.06 60.252982
632.08 60.252982
632.10 60.248992
632.12 60.259710
632.14 60.358231
632.16 60.404844
632.18 60.404844
632.20 60.407895
632.22 60.407895
632.24 60.350003
632.26 60.356927
632.28 60.356927
632.30 60.317028
632.32 60.343771
632.34 60.317667
632.36 60.332662
632.38 60.332662
632.40 60.387164
632.42 60.387164
632.44 59.914497
632.46 59.481938
632.48 59.481938
632.50 58.770051
632.52 58.353034
632.54 57.031717
632.56 56.070921
632.58 56.070921
632.60 55.104739
632.62 54.689104
632.64 52.715487
632.66 52.715487
632.68 51.949215
632.70 51.949215
632.72 50.175129
632.74 48.798333
632.76 48.798333
632.78 47.825241
632.80 47.825241
632.82 46.038247
632.84 45.163050
632.86 45.163050
632.88 44.118819
632.90 44.118819
632.92 41.959517
632.94 40.872689
632.96 40.872689
632.98 39.932598
633.00 39.932598
633.02 37.980612
633.04 37.041864
633.06 37.041864
633.08 36.065590
633.10 36.065590
633.12 34.134884
633.14 33.104304
633.16 33.104304
633.18 32.122633
633.20 32.122633
633.22 30.130409
633.24 29.160668
633.26 29.160668
633.28 28.137599
633.30 28.137599
633.32 26.244444
633.34 25.239955
633.36 25.239955
633.38 24.219571
633.40 24.219571
633.42 22.367188
633.44 21.487362
633.46 21.487362
633.48 20.925746
633.50 20.925746
633.52 20.537375
633.54 20.449676
633.56 20.449676
633.58 20.433652
633.60 20.433652
633.62 20.422830
633.64 20.416597
633.66 20.416597
633.68 20.412034
633.70 20.412034
633.72 20.403233
633.74 20.398734
633.76 20.398734
633.78 20.395957
633.80 20.395957
633.82 20.390624
633.84 20.387051
633.86 20.387051
633.88 20.384457
633.90 20.384457
633.92 20.378785
633.94 20.376125
633.96 20.376125
633.98 20.373935
634.00 20.373935
634.02 20.370010
634.04 20.368145
634.06 20.368145
634.08 20.366059
634.10 20.366059
634.12 20.362043
634.14 20.359918
634.16 20.359918
634.18 20.358445
634.20 20.358445
634.22 20.355589
634.24 20.352708
634.26 20.352708
634.28 20.351234
634.30 20.351234
634.32 20.348418
634.34 20.347427
634.36 20.347427
634.38 20.346423
634.40 20.346423
634.42 20.343906
634.44 20.342759
634.46 20.342759
634.48 20.342290
634.50 20.341312
634.52 20.339969
634.54 20.339095
634.56 20.339095
634.58 20.338378
634.60 20.337869
634.62 20.335705
634.64 20.334662
634.66 20.334662
634.68 20.335666
634.70 20.337478
634.72 20.347675
634.74 20.355928
634.76 20.355928
634.78 20.358797
634.80 20.360935
634.82 20.358966
634.84 20.358966
634.86 20.358966
634.88 20.357845
634.90 20.355719
634.92 20.353268
634.94 20.353268
634.96 20.351625
634.98 20.350556
635.00 20.347714
635.02 20.346397
635.04 20.346397
635.06 20.345471
635.08 20.344663
635.10 20.342146
635.12 20.339656
635.14 20.339656
635.16 20.339499
635.18 20.338678
635.20 20.336083
635.22 20.334166
635.24 20.334166
635.26 20.333371
635.28 20.332706
635.30 20.329342
635.32 20.327830
635.34 20.327830
635.36 20.326852
635.38 20.326200
635.40 20.324035
635.42 20.322419
635.44 20.322419
635.46 20.321349
635.48 20.320632
635.50 20.318051
635.52 20.316330
635.54 20.316330
635.56 20.315469
635.58 20.314517
635.60 20.311623
635.62 20.309341
635.64 20.309341
635.66 20.308806
635.68 20.307946
635.70 20.297502
635.72 20.289105
635.74 20.289105
635.76 20.283198
635.78 20.278908
635.80 20.268947
635.82 20.265622
635.84 20.265622
635.86 20.265048
635.88 20.264709
635.90 20.263366
635.92 20.262271
635.94 20.262271
635.96 20.261815
635.98 20.261645
636.00 20.260902
636.02 20.259585
636.04 20.259585
636.06 20.259376
636.08 20.259272
636.10 20.257760
636.12 20.257942
636.14 20.257942
636.16 20.257760
636.18 20.257577
636.20 20.256573
636.22 20.255465
636.24 20.255465
636.26 20.255126
636.28 20.254787
636.30 20.254109
636.32 20.253431
636.34 20.253431
636.36 20.253405
636.38 20.252753
636.40 20.252336
636.42 20.251801
636.44 20.251684
636.46 20.251371
636.48 20.251019
636.50 20.249519
636.52 20.249311
636.54 20.249311
636.56 20.249141
636.58 20.248945
636.60 20.248450
636.62 20.248202
636.64 20.248202
636.66 20.248685
636.68 20.248215
636.70 20.247915
636.72 20.247081
636.74 20.247081
636.76 20.246742
636.78 20.246520
636.80 20.245920
636.82 20.245751
636.84 20.245751
636.86 20.245777
636.88 20.245999
636.90 20.245138
636.92 20.245112
636.94 20.245112
636.96 20.244930
636.98 20.245269
637.00 20.244460
637.02 20.244330
637.04 20.244330
637.06 20.244238
637.08 20.244604
637.10 20.245438
637.12 20.245438
637.14 20.245451
637.16 20.245164
637.18 20.245086
637.20 20.245269
637.22 20.245269
637.24 20.245295
637.26 20.245581
637.28 20.245021
637.30 20.244864
637.32 20.244864
637.34 20.244512
637.36 20.244682
637.38 20.244265
637.40 20.245308
637.42 20.245308
637.44 20.245321
637.46 20.245542
637.48 20.245164
637.50 20.244069
637.52 20.244069
637.54 20.244225
637.56 20.244395
637.58 20.244551
637.60 20.244030
637.62 20.244030
637.64 20.243534
637.66 20.243482
637.68 20.243195
637.70 20.243860
637.72 20.243860
637.74 20.243521
637.76 20.243730
637.78 20.243456
637.80 20.243769
637.82 20.243769
637.84 20.243430
637.86 20.243391
637.88 20.243052
637.90 20.242713
637.92 20.242713
637.94 20.243039
637.96 20.242739
637.98 20.241852
638.00 20.241670
638.02 20.241670
638.04 20.241500
638.06 20.241331
638.08 20.240601
638.10 20.240275
638.12 20.240275
638.14 20.239936
638.16 20.240066
638.18 20.238645
638.20 20.238267
638.22 20.238267
638.24 20.237928
638.26 20.237641
638.28 20.237185
638.30 20.236128
638.32 20.236128
638.34 20.235985
638.36 20.235985
638.38 20.235594
638.40 20.235033
638.42 20.235033
638.44 20.235203
638.46 20.235203
638.48 20.234303
638.50 20.234681
638.52 20.234681
638.54 20.234512
638.56 20.234785
638.58 20.234772
638.60 20.234772
638.62 20.234772
638.64 20.234616
638.66 20.234616
638.68 20.233429
638.70 20.276900
638.72 20.276900
638.74 20.277083
638.76 20.276561
638.78 20.305207
638.80 20.625008
638.82 20.625008
638.84 20.624956
638.86 20.624565
638.88 21.208034
638.90 21.296215
638.92 21.296215
638.94 21.327481
638.96 21.327429
638.98 21.637177
639.00 21.691157
639.02 21.691157
639.04 21.690779
639.06 21.690779
639.08 22.104432
639.10 22.160864
639.12 22.160864
639.14 22.160420
639.16 22.160420
639.18 22.361373
639.20 22.431860
639.22 22.431860
639.24 22.437128
639.26 22.753734
639.28 22.848290
639.30 22.848290
639.32 22.873572
639.34 22.970215
639.36 23.196280
639.38 23.310721
639.40 23.310721
639.42 23.327176
639.44 23.397272
639.46 23.644877
639.48 24.022165
639.50 24.022165
639.52 24.022165
639.54 24.103214
639.56 24.253472
639.58 24.372281
639.60 24.372281
639.62 24.372607
639.64 24.624541
639.66 24.672210
639.68 24.712747
639.70 24.712747
639.72 24.712747
639.74 24.769583
639.76 24.847255
639.78 24.793235
639.80 24.793235
639.82 24.880295
639.84 24.937287
639.86 24.884337
639.88 24.924770
639.90 24.821256
639.92 24.821256
639.94 25.111575
639.96 24.840918
639.98 24.871103
640.00 24.844412
640.02 24.844412
640.04 24.953364
640.06 24.682863
640.08 24.753024
640.10 24.752841
640.12 24.802089
640.14 24.874284
640.16 24.835885
640.18 24.879082
640.20 24.878900
640.22 24.878900
640.24 24.917286
640.26 24.907076
640.28 24.963990
640.30 24.963990
640.32 24.963990
640.34 24.761095
640.36 24.743232
640.38 24.781931
640.40 24.781579
640.42 24.781579
640.44 24.830617
640.46 24.793261
640.48 24.520009
640.50 24.520270
640.52 24.520270
640.54 24.533909
640.56 24.515394
640.58 24.509070
640.60 24.508705
640.62 24.508705
640.64 24.568083
640.66 24.568292
640.68 24.568057
640.70 24.568057
640.72 24.626992
640.74 24.626992
640.76 24.626992
640.78 24.626705
640.80 24.643916
640.82 24.643916
640.84 24.643916
640.86 24.630564
640.88 24.630434
640.90 24.630434
640.92 24.630434
640.94 24.376349
640.96 24.428569
640.98 24.435649
641.00 24.437905
641.02 24.437905
641.04 24.522069
641.06 25.570303
641.08 25.892633
641.10 26.179563
641.12 26.179563
641.14 26.976202
641.16 28.546884
641.18 28.874586
641.20 29.231143
641.22 29.231143
641.24 30.001822
641.26 31.572204
641.28 32.053814
641.30 32.416551
641.32 32.416551
641.34 34.559959
641.36 34.559959
641.38 35.844180
641.40 35.844180
641.42 35.844180
641.44 36.799644
641.46 37.946789
641.48 38.259849
641.50 38.259849
641.52 38.573743
641.54 40.270026
641.56 41.112653
641.58 41.548237
641.60 41.548237
641.62 42.702124
641.64 44.328051
641.66 45.201423
641.68 45.618388
641.70 45.618388
641.72 46.521801
641.74 47.770153
641.76 48.552475
641.78 48.938069
641.80 48.938069
641.82 49.652382
641.84 50.827443
641.86 51.720555
641.88 52.186037
641.90 52.186037
641.92 53.060570
641.94 54.395564
641.96 55.164639
641.98 55.582230
642.00 55.582230
642.02 56.377109
642.04 56.986055
642.06 57.370893
642.08 57.504435
642.10 57.504435
642.12 57.733552
642.14 58.107137
642.16 58.385696
642.18 58.536880
642.20 58.536880
642.22 58.685951
642.24 58.768656
642.26 58.774653
642.28 58.796493
642.30 58.796493
642.32 58.765344
642.34 58.931535
642.36 59.018021
642.38 58.984498
642.40 58.984498
642.42 59.048962
642.44 58.964328
642.46 58.965006
642.48 58.938041
642.50 58.938041
642.52 58.913450
642.54 59.028035
642.56 59.167757
642.58 59.221777
642.60 59.221777
642.62 59.234881
642.64 59.283502
642.66 59.254673
642.68 59.203549
642.70 59.203549
642.72 59.216561
642.74 59.248819
642.76 59.365802
642.78 59.430135
642.80 59.430135
642.82 59.417253
642.84 59.506360
642.86 59.453644
642.88 59.426146
642.90 59.426146
642.92 59.469708
642.94 59.467700
642.96 59.438676
642.98 59.681118
643.00 59.681118
643.02 59.649394
643.04 59.859122
643.06 59.925202
643.08 59.891419
643.10 59.891419
643.12 59.988218
643.14 59.859318
643.16 59.785727
643.18 59.752570
643.20 59.752570
643.22 59.747302
643.24 59.751996
643.26 59.838690
643.28 59.797436
643.30 59.797436
643.32 59.855132
643.34 59.842472
643.36 59.759611
643.38 59.800787
643.40 59.800787
643.42 59.788726
643.44 59.786118
643.46 59.874169
643.48 59.910155
643.50 59.910155
643.52 59.913089
643.54 59.858392
643.56 59.797931
643.58 59.785049
643.60 59.785049
643.62 59.801021
643.64 59.745085
643.66 59.804020
643.68 59.907978
643.70 59.907978
643.72 59.875577
643.74 59.938919
643.76 59.938919
643.78 59.938919
643.80 59.934707
643.82 59.947733
643.84 59.900859
643.86 59.819341
643.88 59.819341
643.90 59.867923
643.92 59.862421
643.94 59.958190
643.96 60.031285
643.98 60.031285
644.00 60.001700
644.02 59.988531
644.04 59.976105
644.06 59.896139
644.08 59.896139
644.10 59.900963
644.12 59.844375
644.14 59.709998
644.16 59.810175
644.18 59.810175
644.20 59.737093
644.22 59.746859
644.24 59.764031
644.26 59.782272
644.28 59.782272
644.30 59.783680
644.32 59.733833
644.34 59.656879
644.36 59.724928
644.38 59.724928
644.40 59.618128
644.42 59.618128
644.44 58.628516
644.46 57.877642
644.48 57.877642
644.50 57.411991
644.52 57.411991
644.54 54.907099
644.56 53.873963
644.58 53.873963
644.60 53.362338
644.62 53.362338
644.64 50.954818
644.66 50.481982
644.68 50.003553
644.70 49.534942
644.72 49.534942
644.74 47.035356
644.76 47.035356
644.78 45.852823
644.80 45.335239
644.82 45.335239
644.84 43.029800
644.86 43.029800
644.88 42.210708
644.90 41.765853
644.92 41.765853
644.94 39.519831
644.96 39.519831
644.98 38.381748
645.00 37.857448
645.02 37.857448
645.04 35.271311
645.06 35.271311
645.08 34.388799
645.10 33.885688
645.12 33.885688
645.14 31.552541
645.16 31.552541
645.18 30.505650
645.20 30.054837
645.22 30.054837
645.24 27.685717
645.26 27.685717
645.28 26.607806
645.30 26.143654
645.32 26.143654
645.34 23.757401
645.36 23.757401
645.38 22.752404
645.40 22.299074
645.42 22.299074
645.44 20.742161
645.46 20.742161
645.48 20.548836
645.50 20.488662
645.52 20.488662
645.54 20.421930
645.56 20.421930
645.58 20.415254
645.60 20.412164
645.62 20.412164
645.64 20.400977
645.66 20.400977
645.68 20.397130
645.70 20.395892
645.72 20.395892
645.74 20.387612
645.76 20.387612
645.78 20.381640
645.80 20.381640
645.82 20.381640
645.84 20.374912
645.86 20.373009
645.88 20.372318
645.90 20.371483
645.92 20.368471
645.94 20.367141
645.96 20.366046
645.98 20.365538
646.00 20.365538
646.02 20.360805
646.04 20.360805
646.06 20.358927
646.08 20.358066
646.10 20.358066
646.12 20.353216
646.14 20.353216
646.16 20.351547
646.18 20.350791
646.20 20.350791
646.22 20.346957
646.24 20.346957
646.26 20.345041
646.28 20.344584
646.30 20.344584
646.32 20.341651
646.34 20.341651
646.36 20.339982
646.38 20.339408
646.40 20.339408
646.42 20.335953
646.44 20.335953
646.46 20.334727
646.48 20.333984
646.50 20.333984
646.52 20.331324
646.54 20.331324
646.56 20.330411
646.58 20.329290
646.60 20.329290
646.62 20.326630
646.64 20.326630
646.66 20.325874
646.68 20.325209
646.70 20.325209
646.72 20.324387
646.74 20.324387
646.76 20.332498
646.78 20.336839
646.80 20.340777
646.82 20.352108
646.84 20.352108
646.86 20.350530
646.88 20.349774
646.90 20.349774
646.92 20.345680
646.94 20.345680
646.96 20.344285
646.98 20.343202
647.00 20.342264
647.02 20.338900
647.04 20.338900
647.06 20.336670
647.08 20.335783
647.10 20.335783
647.12 20.332302
647.14 20.332302
647.16 20.330437
647.18 20.329694
647.20 20.328860
647.22 20.326695
647.24 20.326695
647.26 20.325639
647.28 20.324935
647.30 20.324935
647.32 20.321193
647.34 20.321193
647.36 20.318611
647.38 20.317594
647.40 20.317594
647.42 20.314374
647.44 20.314374
647.46 20.313148
647.48 20.312431
647.50 20.312431
647.52 20.309015
647.54 20.309015
647.56 20.307463
647.58 20.307124
647.60 20.307124
647.62 20.303917
647.64 20.303917
647.66 20.302104
647.68 20.301244
647.70 20.300083
647.72 20.295428
647.74 20.295428
647.76 20.285545
647.78 20.279834
647.80 20.279834
647.82 20.261111
647.84 20.261111
647.86 20.259207
647.88 20.259324
647.90 20.259311
647.92 20.258086
647.94 20.258086
647.96 20.257877
647.98 20.257877
648.00 20.257877
648.02 20.256338
648.04 20.256338
648.06 20.256456
648.08 20.255947
648.10 20.255895
648.12 20.255830
648.14 20.255295
648.16 20.254956
648.18 20.254956
648.20 20.254969
648.22 20.254969
648.24 20.255334
648.26 20.254982
648.28 20.254709
648.30 20.254070
648.32 20.254070
648.34 20.253600
648.36 20.253444
648.38 20.253783
648.40 20.253040
648.42 20.253040
648.44 20.252336
648.46 20.252309
648.48 20.252140
648.50 20.251227
648.52 20.251227
648.54 20.251253
648.56 20.250745
648.58 20.250745
648.60 20.250236
648.62 20.250262
648.64 20.249949
648.66 20.249962
648.68 20.249897
648.70 20.249350
648.72 20.249324
648.74 20.249154
648.76 20.249637
648.78 20.249597
648.80 20.249271
648.82 20.248972
648.84 20.248932
648.86 20.248593
648.88 20.248593
648.90 20.248489
648.92 20.248111
648.94 20.247042
648.96 20.246872
648.98 20.246455
649.00 20.245973
649.02 20.245947
649.04 20.245021
649.06 20.244851
649.08 20.244851
649.10 20.243965
649.12 20.243678
649.14 20.242961
649.16 20.242961
649.18 20.242961
649.20 20.241892
649.22 20.241918
649.24 20.241187
649.26 20.240848
649.28 20.240848
649.30 20.240718
649.32 20.240666
649.34 20.240718
649.36 20.240223
649.38 20.240223
649.40 20.239479
649.42 20.239310
649.44 20.238606
649.46 20.238423
649.48 20.238423
649.50 20.238110
649.52 20.238162
649.54 20.238123
649.56 20.237954
649.58 20.237954
649.60 20.237484
649.62 20.237432
649.64 20.237615
649.66 20.237615
649.68 20.237615
649.70 20.237576
649.72 20.237406
649.74 20.236885
649.76 20.236741
649.78 20.236741
649.80 20.235776
649.82 20.235659
649.84 20.235294
649.86 20.235124
649.88 20.235124
649.90 20.234694
649.92 20.234642
649.94 20.234629
649.96 20.234603
649.98 20.234603
650.00 20.234577
650.02 20.234577
650.04 20.234929
650.06 20.234420
650.08 20.234420
650.10 20.233808
650.12 20.233299
650.14 20.233508
650.16 20.233677
650.18 20.233130
650.20 20.233195
650.22 20.233116
650.24 20.232465
650.26 20.232973
650.28 20.232843
650.30 20.233312
650.32 20.233821
650.34 20.233847
650.36 20.233847
650.38 20.232986
650.40 20.232986
650.42 20.232791
650.44 20.232791
650.46 20.232230
650.48 20.232230
650.50 20.232230
650.52 20.232451
650.54 20.232086
650.56 20.231760
650.58 20.231760
650.60 20.232451
650.62 20.232308
650.64 20.232308
650.66 20.232295
650.68 20.230704
650.70 20.230704
650.72 20.230704
650.74 20.230704
650.76 20.230183
650.78 20.230183
650.80 20.229831
650.82 20.230157
650.84 20.229857
650.86 20.229635
650.88 20.229492
650.90 20.229231
650.92 20.229061
650.94 20.229192
650.96 20.404119
650.98 20.545133
651.00 20.545289
651.02 20.577208
651.04 20.606988
651.06 20.970586
651.08 20.989049
651.10 20.989049
651.12 20.989622
651.14 20.992204
651.16 21.055611
651.18 21.139189
651.20 21.428988
651.22 21.428231
651.24 21.459524
651.26 21.515682
651.28 21.780029
651.30 21.847126
651.32 21.847335
651.34 21.847335
651.36 21.970511
651.38 22.141566
651.40 22.196994
651.42 22.198050
651.44 22.198219
651.46 22.198219
651.48 22.320288
651.50 22.435537
651.52 23.012552
651.54 23.047378
651.56 23.047378
651.58 23.226713
651.60 23.433129
651.62 23.520266
651.64 23.520266
651.66 23.520266
651.68 23.688739
651.70 23.745041
651.72 23.861594
651.74 23.863536
651.76 23.863536
651.78 24.083004
651.80 24.083004
651.82 24.200261
651.84 24.200261
651.86 24.200261
651.88 24.385997
651.90 24.442142
651.92 24.547847
651.94 24.545578
651.96 24.545578
651.98 24.813432
652.00 24.893021
652.02 25.039028
652.04 25.051663
652.06 25.051663
652.08 24.804723
652.10 24.925617
652.12 25.069799
652.14 25.358164
652.16 25.358164
652.18 25.982274
652.20 26.347997
652.22 27.079065
652.24 27.480044
652.26 27.480044
652.28 28.490061
652.30 29.062004
652.32 29.887915
652.34 30.300278
652.36 31.129435
652.38 32.024777
652.40 32.024777
652.42 33.059686
652.44 33.527554
652.46 33.527554
652.48 34.240171
652.50 35.378281
652.52 35.378281
652.54 35.378281
652.56 36.947007
652.58 37.620639
652.60 38.267515
652.62 39.089319
652.64 39.089319
652.66 40.299611
652.68 41.141951
652.70 42.011268
652.72 42.520729
652.74 42.520729
652.76 44.011758
652.78 44.886786
652.80 45.693895
652.82 46.192104
652.84 46.192104
652.86 47.398654
652.88 48.199726
652.90 48.975125
652.92 49.473790
652.94 49.473790
652.96 50.681162
652.98 51.481100
653.00 52.397186
653.02 52.865745
653.04 52.865745
653.06 54.051381
653.08 54.930777
653.10 55.691768
653.12 55.941890
653.14 55.941890
653.16 56.880794
653.18 57.376604
653.20 57.917867
653.22 57.971586
653.24 57.971586
653.26 58.156371
653.28 58.245556
653.30 58.368041
653.32 58.456705
653.34 58.456705
653.36 58.725889
653.38 58.924651
653.40 59.055299
653.42 59.183287
653.44 59.183287
653.46 59.275575
653.48 59.400564
653.50 59.354081
653.52 59.334340
653.54 59.334340
653.56 59.399208
653.58 59.454088
653.60 59.399351
653.62 59.443252
653.64 59.443252
653.66 59.298523
653.68 59.179701
653.70 59.238062
653.72 59.233499
653.74 59.233499
653.76 59.311522
653.78 59.322370
653.80 59.353937
653.82 59.321849
653.84 59.321849
653.86 59.301196
653.88 59.317129
653.90 59.414580
653.92 59.412677
653.94 59.412677
653.96 59.542946
653.98 59.691040
654.00 59.594123
654.02 59.531577
654.04 59.531577
654.06 59.523232
654.08 59.457895
654.10 59.516321
654.12 59.559206
654.14 59.559206
654.16 59.571345
654.18 59.677506
654.20 59.652263
654.22 59.652693
654.24 59.652693
654.26 59.689671
654.28 59.747967
654.30 59.808271
654.32 59.858783
654.34 59.858783
654.36 59.777878
654.38 59.664024
654.40 59.652693
654.42 59.597370
654.44 59.597370
654.46 59.675185
654.48 59.775518
654.50 59.769716
654.52 59.780147
654.54 59.780147
654.56 59.679631
654.58 59.638233
654.60 59.663007
654.62 59.642497
654.64 59.642497
654.66 59.733716
654.68 59.857466
654.70 59.767147
654.72 59.756273
654.74 59.801947
654.76 59.725932
654.78 59.688889
654.80 59.694586
654.82 59.694586
654.84 59.618597
654.86 59.534849
654.88 59.715201
654.90 59.737210
654.92 59.737210
654.94 59.818089
654.96 59.913585
654.98 59.742699
655.00 59.784893
655.02 59.784893
655.04 59.745946
655.06 59.653880
655.08 59.684025
655.10 59.723102
655.12 59.723102
655.14 59.691796
655.16 59.759245
655.18 59.720221
655.20 59.703792
655.22 59.703792
655.24 59.713832
655.26 59.662211
655.28 59.683491
655.30 59.687793
655.32 59.687793
655.34 59.717835
655.36 59.650046
655.38 59.732568
655.40 59.681235
655.42 59.681235
655.44 59.735997
655.46 59.747928
655.48 59.671834
655.50 59.682213
655.52 59.682213
655.54 59.437607
655.56 59.255443
655.58 58.621527
655.60 58.281673
655.62 58.281673
655.64 57.388208
655.66 56.472109
655.68 55.546738
655.70 54.509366
655.72 54.509366
655.74 53.472332
655.76 52.498301
655.78 51.580715
655.80 50.653520
655.82 50.653520
655.84 49.726076
655.86 48.806182
655.88 47.774312
655.90 46.708306
655.92 46.708306
655.94 45.753742
655.96 44.778564
655.98 43.879989
656.00 42.997451
656.02 42.997451
656.04 41.995256
656.06 41.030196
656.08 40.091813
656.10 39.183367
656.12 39.183367
656.14 38.286252
656.16 37.279468
656.18 36.228757
656.20 35.075992
656.22 35.075992
656.24 34.524415
656.26 32.957749
656.28 31.955320
656.30 31.015464
656.32 31.015464
656.34 30.611485
656.36 29.178701
656.38 28.233955
656.40 27.300136
656.42 27.300136
656.44 26.746590
656.46 25.235508
656.48 24.387719
656.50 23.357843
656.52 23.357843
656.54 22.956981
656.56 21.743820
656.58 21.069576
656.60 20.667045
656.62 20.667045
656.64 20.606336
656.66 20.456078
656.68 20.433717
656.70 20.421800
656.72 20.421800
656.74 20.419244
656.76 20.412164
656.78 20.408774
656.80 20.404484
656.82 20.404484
656.84 20.403115
656.86 20.397874
656.88 20.394796
656.90 20.392580
656.92 20.391080
656.94 20.390168
656.96 20.388082
656.98 20.383309
657.00 20.383309
657.02 20.381732
657.04 20.375030
657.06 20.372552
657.08 20.369749
657.10 20.369749
657.12 20.368119
657.14 20.365225
657.16 20.363517
657.18 20.361117
657.20 20.361117
657.22 20.360100
657.24 20.356932
657.26 20.355094
657.28 20.353190
657.30 20.353190
657.32 20.352681
657.34 20.350022
657.36 20.349005
657.38 20.348040
657.40 20.348040
657.42 20.347375
657.44 20.345432
657.46 20.343137
657.48 20.341977
657.50 20.341977
657.52 20.341468
657.54 20.339499
657.56 20.338534
657.58 20.336944
657.60 20.336944
657.62 20.336383
657.64 20.334949
657.66 20.334258
657.68 20.333397
657.70 20.333397
657.72 20.332980
657.74 20.332511
657.76 20.334062
657.78 20.338391
657.80 20.338391
657.82 20.341846
657.84 20.349800
657.86 20.355407
657.88 20.357806
657.90 20.357806
657.92 20.357115
657.94 20.354546
657.96 20.352968
657.98 20.351195
658.00 20.351195
658.02 20.350543
658.04 20.347675
658.06 20.346227
658.08 20.344245
658.10 20.344245
658.12 20.343072
658.14 20.341559
658.16 20.340086
658.18 20.337909
658.20 20.337909
658.22 20.337517
658.24 20.335496
658.26 20.333397
658.28 20.331050
658.30 20.331050
658.32 20.329929
658.34 20.327543
658.36 20.325639
658.38 20.324361
658.40 20.324361
658.42 20.323775
658.44 20.322106
658.46 20.320828
658.48 20.318976
658.50 20.318976
658.52 20.318468
658.54 20.316942
658.56 20.315730
658.58 20.313709
658.60 20.313709
658.62 20.312796
658.64 20.310801
658.66 20.309406
658.68 20.308532
658.70 20.308532
658.72 20.307698
658.74 20.304921
658.76 20.303930
658.78 20.297462
658.80 20.297462
658.82 20.292573
658.84 20.280421
658.86 20.269794
658.88 20.263119
658.90 20.263119
658.92 20.262284
658.94 20.261371
658.96 20.260250
658.98 20.259050
659.00 20.259050
659.02 20.258542
659.04 20.257694
659.06 20.257212
659.08 20.256873
659.10 20.256873
659.12 20.262988
659.14 20.326056
659.16 20.388603
659.18 20.388603
659.20 20.420222
659.22 20.496107
659.24 20.512653
659.26 20.513370
659.28 20.513370
659.30 20.513553
659.32 20.512979
659.34 20.513788
659.36 20.513618
659.38 20.513618
659.40 20.513253
659.42 20.514035
659.44 20.514127
659.46 20.513957
659.48 20.513957
659.50 20.514153
659.52 20.514075
659.54 20.513188
659.56 20.512301
659.58 20.512301
659.60 20.512301
659.62 20.512836
659.64 20.512041
659.66 20.512314
659.68 20.512314
659.70 20.511975
659.72 20.511310
659.74 20.510815
659.76 20.510150
659.78 20.510150
659.80 20.509980
659.82 20.509511
659.84 20.510737
659.86 20.510711
659.88 20.510711
659.90 20.510880
659.92 20.510776
659.94 20.509667
659.96 20.510033
659.98 20.510033
660.00 20.509681
660.02 20.510971
660.04 20.511662
660.06 20.510619
660.08 20.510619
660.10 20.508012
660.12 20.506043
660.14 20.482703
660.16 20.430627
660.18 20.430627
660.20 20.401159
660.22 20.302874
660.24 20.261971
660.26 20.251019
660.28 20.251019
660.30 20.250315
660.32 20.249728
660.34 20.248476
660.36 20.247981
660.38 20.247981
660.40 20.247642
660.42 20.246833
660.44 20.246286
660.46 20.246990
660.48 20.246990
660.50 20.246481
660.52 20.245829
660.54 20.245216
660.56 20.244721
660.58 20.244721
660.60 20.244930
660.62 20.244486
660.64 20.244291
660.66 20.244369
660.68 20.244369
660.70 20.244499
660.72 20.243717
660.74 20.243365
660.76 20.243143
660.78 20.243143
660.80 20.243195
660.82 20.242543
660.84 20.241852
660.86 20.241370
660.88 20.241370
660.90 20.241500
660.92 20.240966
660.94 20.240392
660.96 20.240522
660.98 20.240522
661.00 20.240562
661.02 20.240223
661.04 20.239688
661.06 20.239844
661.08 20.239844
661.10 20.240301
661.12 20.239636
661.14 20.239336
661.16 20.239375
661.18 20.239375
661.20 20.239558
661.22 20.239388
661.24 20.238997
661.26 20.238058
661.28 20.238058
661.30 20.237341
661.32 20.236728
661.34 20.236637
661.36 20.236963
661.38 20.236963
661.40 20.236963
661.42 20.237628
661.44 20.237850
661.46 20.237850
661.48 20.237628
661.50 20.237550
661.52 20.237550
661.54 20.237445
661.56 20.237445
661.58 20.236611
661.60 20.236507
661.62 20.236168
661.64 20.235855
661.66 20.235855
661.68 20.236115
661.70 20.235763
661.72 20.235802
661.74 20.236141
661.76 20.236141
661.78 20.235972
661.80 20.235411
661.82 20.235411
661.84 20.262845
661.86 20.704753
661.88 20.704753
661.90 20.704753
661.92 20.737649
661.94 21.047475
661.96 21.047475
661.98 21.047475
662.00 21.287961
662.02 21.288730
662.04 21.342020
662.06 21.342020
662.08 21.399116
662.10 21.468339
662.12 21.468365
662.14 21.533871
662.16 21.533871
662.18 21.582492
662.20 21.628428
662.22 21.630345
662.24 21.688641
662.26 21.688641
662.28 21.754212
662.30 21.852967
662.32 22.144891
662.34 22.254951
662.36 22.254951
662.38 22.254951
662.40 22.502765
662.42 22.599981
662.44 23.023843
662.46 23.023843
662.48 23.023843
662.50 23.428043
662.52 23.536200
662.54 23.605070
662.56 23.605070
662.58 23.605070
662.60 23.792084
662.62 23.904999
662.64 23.963230
662.66 23.964899
662.68 23.964899
662.70 24.113958
662.72 24.169920
662.74 24.280853
662.76 24.280853
662.78 24.352331
662.80 24.477125
662.82 24.579075
662.84 24.626327
662.86 24.626327
662.88 24.593508
662.90 24.428543
662.92 24.496005
662.94 24.301820
662.96 24.269549
662.98 24.269549
663.00 24.103892
663.02 24.159867
663.04 24.214199
663.06 24.505914
663.08 24.505914
663.10 24.667203
663.12 24.707167
663.14 24.764381
663.16 24.850188
663.18 24.850188
663.20 24.891326
663.22 24.946010
663.24 24.988242
663.26 25.047634
663.28 25.047634
663.30 25.086958
663.32 24.896450
663.34 24.953429
663.36 24.971344
663.38 24.971344
663.40 24.959440
663.42 24.889722
663.44 24.628778
663.46 24.628778
663.48 24.609077
663.50 24.325537
663.52 24.321169
663.54 24.375071
663.56 24.375071
663.58 24.375214
663.60 24.374693
663.62 24.434632
663.64 24.434632
663.66 24.434958
663.68 24.434110
663.70 24.434280
663.72 24.434228
663.74 24.479785
663.76 24.479785
663.78 24.481063
663.80 24.480463
663.82 24.480737
663.84 24.554040
663.86 24.553336
663.88 24.552658
663.90 24.552606
663.92 24.552124
663.94 24.594721
663.96 24.594408
663.98 24.592948
664.00 24.591866
664.02 24.561655
664.04 24.561655
664.06 24.561655
664.08 24.478520
664.10 24.478650
664.12 24.279445
664.14 24.279445
664.16 24.279445
664.18 24.269953
664.20 24.269627
664.22 24.269366
664.24 24.268779
664.26 24.268779
664.28 24.623941
664.30 24.671806
664.32 24.939517
664.34 25.129751
664.36 25.129751
664.38 26.617898
664.40 27.050692
664.42 27.735133
664.44 28.181826
664.46 28.181826
664.48 30.071240
664.50 30.071240
664.52 31.335747
664.54 31.751942
664.56 31.751942
664.58 33.308855
664.60 33.308855
664.62 34.147427
664.64 35.064739
664.66 35.064739
664.68 36.636986
664.70 36.636986
664.72 37.469129
664.74 38.310452
664.76 38.310452
664.78 40.146498
664.80 40.146498
664.82 40.920788
664.84 41.754601
664.86 41.754601
664.88 43.553460
664.90 43.553460
664.92 44.503330
664.94 45.430669
664.96 45.430669
664.98 47.507957
665.00 47.507957
665.02 48.309082
665.04 49.139152
665.06 49.139152
665.08 50.584897
665.10 50.584897
665.12 51.553673
665.14 52.506568
665.16 52.506568
665.18 54.250417
665.20 54.250417
665.22 55.105743
665.24 55.827332
665.26 55.827332
665.28 57.184218
665.30 57.184218
665.32 57.903759
665.34 58.434799
665.36 58.434799
665.38 58.926463
665.40 58.926463
665.42 59.015935
665.44 59.053851
665.46 59.053851
665.48 59.243082
665.50 59.243082
665.52 59.265157
665.54 59.388751
665.56 59.388751
665.58 59.416810
665.60 59.406940
665.62 59.571970
665.64 59.542829
665.66 59.650281
665.68 59.779638
665.70 59.779638
665.72 59.773966
665.74 59.935020
665.76 59.971724
665.78 59.872448
665.80 59.852042
665.82 59.884534
665.84 59.886125
665.86 59.858600
665.88 59.852198
665.90 59.953796
665.92 59.781437
665.94 59.781437
665.96 59.907913
665.98 59.942452
666.00 59.823370
666.02 59.897938
666.04 59.897938
666.06 59.890532
666.08 59.825443
666.10 59.898277
666.12 59.934981
666.14 59.934981
666.16 60.045576
666.18 60.124016
666.20 60.054559
666.22 60.036292
666.24 60.036292
666.26 59.871626
666.28 59.848287
666.30 59.887207
666.32 59.915358
666.34 59.915358
666.36 59.969403
666.38 59.948137
666.40 59.897612
666.42 59.853841
666.44 59.853841
666.46 59.850908
666.48 59.799339
666.50 59.814334
666.52 59.895956
666.54 59.895956
666.56 59.823305
666.58 59.849356
666.60 59.884717
666.62 59.736793
666.64 59.736793
666.66 59.760093
666.68 59.692109
666.70 59.606653
666.72 59.632079
666.74 59.632079
666.76 59.504143
666.78 59.492226
666.80 59.607279
666.82 59.682669
666.84 59.682669
666.86 59.747211
666.88 59.866006
666.90 59.791464
666.92 59.845118
666.94 59.845118
666.96 59.803108
666.98 59.720599
667.00 59.799939
667.02 59.836982
667.04 59.836982
667.06 59.902306
667.08 59.884626
667.10 59.836839
667.12 59.754199
667.14 59.754199
667.16 59.803890
667.18 59.702318
667.20 59.770902
667.22 59.888303
667.24 59.888303
667.26 59.989144
667.28 60.150641
667.30 60.136038
667.32 60.089764
667.34 60.089764
667.36 60.118084
667.38 60.120535
667.40 60.108526
667.42 60.218677
667.44 60.218677
667.46 60.114029
667.48 60.116350
667.50 60.093832
667.52 59.964722
667.54 59.964722
667.56 60.035027
667.58 59.965231
667.60 59.938006
667.62 60.013605
667.64 60.013605
667.66 59.749114
667.68 59.427828
667.70 59.217878
667.72 58.276992
667.74 58.276992
667.76 57.363917
667.78 56.426199
667.80 55.798607
667.82 54.213583
667.84 54.213583
667.86 53.224649
667.88 52.205217
667.90 51.723515
667.92 50.211155
667.94 50.211155
667.96 49.232274
667.98 48.332369
668.00 47.917203
668.02 47.443989
668.04 46.750395
668.06 45.990525
668.08 45.123803
668.10 43.464262
668.12 43.464262
668.14 42.345359
668.16 41.364665
668.18 40.839166
668.20 39.261521
668.22 39.261521
668.24 38.734810
668.26 37.282389
668.28 36.705296
668.30 35.213850
668.32 35.213850
668.34 34.776505
668.36 33.284251
668.38 32.784295
668.40 31.519436
668.42 31.519436
668.44 31.127623
668.46 29.691526
668.48 29.267807
668.50 27.648530
668.52 27.648530
668.54 27.100174
668.56 25.764684
668.58 25.303010
668.60 23.830457
668.62 23.830457
668.64 23.280106
668.66 21.911003
668.68 21.557954
668.70 20.728992
668.72 20.728992
668.74 20.679484
668.76 20.477331
668.78 20.456991
668.80 20.423429
668.82 20.423429
668.84 20.420639
668.86 20.412894
668.88 20.410625
668.90 20.403376
668.92 20.403376
668.94 20.400977
668.96 20.394053
668.98 20.392215
669.00 20.386452
669.02 20.386452
669.04 20.384731
669.06 20.380584
669.08 20.378941
669.10 20.373283
669.12 20.373283
669.14 20.372305
669.16 20.368211
669.18 20.366855
669.20 20.363934
669.22 20.363934
669.24 20.362865
669.26 20.358849
669.28 20.357793
669.30 20.355094
669.32 20.355094
669.34 20.353516
669.36 20.351964
669.38 20.351143
669.40 20.347831
669.42 20.347831
669.44 20.347140
669.46 20.344832
669.48 20.343959
669.50 20.341207
669.52 20.341207
669.54 20.340256
669.56 20.337909
669.58 20.336892
669.60 20.334753
669.62 20.334753
669.64 20.334375
669.66 20.333332
669.68 20.332563
669.70 20.331663
669.72 20.331011
669.74 20.330177
669.76 20.327882
669.78 20.327582
669.80 20.326956
669.82 20.326826
669.84 20.326252
669.86 20.326148
669.88 20.328521
669.90 20.336774
669.92 20.336774
669.94 20.341677
669.96 20.349956
669.98 20.351130
670.00 20.352994
670.02 20.352994
670.04 20.352173
670.06 20.349330
670.08 20.348131
670.10 20.346084
670.12 20.346084
670.14 20.345393
670.16 20.343685
670.18 20.340712
670.20 20.339864
670.22 20.339239
670.24 20.338156
670.26 20.337374
670.28 20.335627
670.30 20.335627
670.32 20.335457
670.34 20.333710
670.36 20.333554
670.38 20.331402
670.40 20.331402
670.42 20.330568
670.44 20.328051
670.46 20.327191
670.48 20.325261
670.50 20.325261
670.52 20.324257
670.54 20.322653
670.56 20.321728
670.58 20.319850
670.60 20.319850
670.62 20.319015
670.64 20.317281
670.66 20.316929
670.68 20.315169
670.70 20.313996
670.72 20.312900
670.74 20.311310
670.76 20.310436
670.78 20.308128
670.80 20.308128
670.82 20.307620
670.84 20.306225
670.86 20.305351
670.88 20.296393
670.90 20.296393
670.92 20.291021
670.94 20.284359
670.96 20.270212
670.98 20.265661
671.00 20.265661
671.02 20.264435
671.04 20.262962
671.06 20.262571
671.08 20.262441
671.10 20.262441
671.12 20.262102
671.14 20.260524
671.16 20.260185
671.18 20.259129
671.20 20.259129
671.22 20.258516
671.24 20.257342
671.26 20.256456
671.28 20.255413
671.30 20.255165
671.32 20.254813
671.34 20.253913
671.36 20.252727
671.38 20.251710
671.40 20.251710
671.42 20.251371
671.44 20.250745
671.46 20.250536
671.48 20.249376
671.50 20.249376
671.52 20.249637
671.54 20.249363
671.56 20.249180
671.58 20.248424
671.60 20.248424
671.62 20.248333
671.64 20.248333
671.66 20.247042
671.68 20.246181
671.70 20.246181
671.72 20.245934
671.74 20.245516
671.76 20.245516
671.78 20.244838
671.80 20.244838
671.82 20.244747
671.84 20.244056
671.86 20.243521
671.88 20.243013
671.90 20.243000
671.92 20.242922
671.94 20.243287
671.96 20.243261
671.98 20.242244
672.00 20.242244
672.02 20.242322
672.04 20.242270
672.06 20.242283
672.08 20.241396
672.10 20.241396
672.12 20.241396
672.14 20.241513
672.16 20.241227
672.18 20.240549
672.20 20.240366
672.22 20.240718
672.24 20.240705
672.26 20.240653
672.28 20.240483
672.30 20.240483
672.32 20.240314
672.34 20.240144
672.36 20.240105
672.38 20.240223
672.40 20.240392
672.42 20.240796
672.44 20.241096
672.46 20.242113
672.48 20.242113
672.50 20.241709
672.52 20.240692
672.54 20.240535
672.56 20.240888
672.58 20.240888
672.60 20.240718
672.62 20.240522
672.64 20.240405
672.66 20.240444
672.68 20.240627
672.70 20.240627
672.72 20.240353
672.74 20.240522
672.76 20.240327
672.78 20.239453
672.80 20.239453
672.82 20.239023
672.84 20.238971
672.86 20.238423
672.88 20.238423
672.90 20.238488
672.92 20.237615
672.94 20.237458
672.96 20.236806
672.98 20.236793
673.00 20.236624
673.02 20.236454
673.04 20.236272
673.06 20.236611
673.08 20.236780
673.10 20.236376
673.12 20.236493
673.14 20.235972
673.16 20.236102
673.18 20.236102
673.20 20.235998
673.22 20.236076
673.24 20.235763
673.26 20.235607
673.28 20.235607
673.30 20.235255
673.32 20.235398
673.34 20.234864
673.36 20.234916
673.38 20.234577
673.40 20.234538
673.42 20.233847
673.44 20.233977
673.46 20.233742
673.48 20.233038
673.50 20.233038
673.52 20.233234
673.54 20.232543
673.56 20.231226
673.58 20.231226
673.60 20.230822
673.62 20.230457
673.64 20.230457
673.66 20.230222
673.68 20.230222
673.70 20.230026
673.72 20.229896
673.74 20.230026
673.76 20.229974
673.78 20.229974
673.80 20.229674
673.82 20.229557
673.84 20.229583
673.86 20.229074
673.88 20.229074
673.90 20.229205
673.92 20.228983
673.94 20.228618
673.96 20.228527
673.98 20.228527
674.00 20.228188
674.02 20.228136
674.04 20.227836
674.06 20.251866
674.08 20.251866
674.10 20.304217
674.12 20.421982
674.14 20.436155
674.16 20.467331
674.18 20.852299
674.20 21.133791
674.22 21.205765
674.24 21.501939
674.26 21.553403
674.28 21.553403
674.30 21.613003
674.32 21.961906
674.34 22.019081
674.36 22.018976
674.38 22.078185
674.40 22.135699
674.42 22.200123
674.44 22.253960
674.46 22.276569
674.48 22.655383
674.50 22.712570
674.52 22.761426
674.54 22.954321
674.56 22.967777
674.58 23.113771
674.60 23.113941
674.62 23.403635
674.64 23.501191
674.66 23.594796
674.68 23.594796
674.70 23.767937
674.72 23.861776
674.74 23.883981
674.76 23.998670
674.78 23.998670
674.80 24.111181
674.82 24.216729
674.84 24.216872
674.86 24.329918
674.88 24.372685
674.90 24.442937
674.92 24.575020
674.94 24.706019
674.96 24.706019
674.98 24.762060
675.00 24.820734
675.02 24.936127
675.04 24.934301
675.06 25.018088
675.08 25.018088
675.10 25.131212
675.12 25.212704
675.14 25.212756
675.16 24.995388
675.18 24.777563
675.20 24.792218
675.22 24.573768
675.24 24.625401
675.26 24.610094
675.28 24.551798
675.30 24.365305
675.32 24.453016
675.34 24.681272
675.36 24.737325
675.38 24.737325
675.40 24.972870
675.42 25.189364
675.44 25.371411
675.46 25.485226
675.48 25.485226
675.50 26.552209
675.52 27.305286
675.54 27.739606
675.56 28.593615
675.58 28.593615
675.60 29.864172
675.62 30.407338
675.64 30.803259
675.66 31.469654
675.68 31.469654
675.70 32.835329
675.72 33.609645
675.74 34.098597
675.76 35.004448
675.78 35.004448
675.80 36.289296
675.82 37.133800
675.84 37.603793
675.86 38.363220
675.88 38.363220
675.90 39.786629
675.92 40.660132
675.94 41.078348
675.96 41.992179
675.98 41.992179
676.00 43.281655
676.02 44.171847
676.04 44.771576
676.06 45.646825
676.08 45.646825
676.10 46.868578
676.12 47.721831
676.14 48.121885
676.16 48.940768
676.18 48.940768
676.20 50.445070
676.22 51.301270
676.24 51.741078
676.26 52.539517
676.28 52.539517
676.30 53.650037
676.32 54.656860
676.34 54.884594
676.36 55.794722
676.38 55.794722
676.40 56.978832
676.42 57.612292
676.44 57.973451
676.46 58.527205
676.48 58.527205
676.50 58.719239
676.52 58.860709
676.54 58.929605
676.56 58.912720
676.58 58.912720
676.60 59.025818
676.62 59.090008
676.64 59.064048
676.66 59.035741
676.68 59.081546
676.70 58.998046
676.72 59.094402
676.74 59.186442
676.76 59.163468
676.78 59.163468
676.80 59.143818
676.82 59.170626
676.84 59.247059
676.86 59.247059
676.88 59.324209
676.90 59.316360
676.92 59.321314
676.94 59.367628
676.96 59.367628
676.98 59.319854
677.00 59.259550
677.02 59.283528
677.04 59.351095
677.06 59.351095
677.08 59.327951
677.10 59.386795
677.12 59.407904
677.14 59.349074
677.16 59.349074
677.18 59.452992
677.20 59.324378
677.22 59.290843
677.24 59.377185
677.26 59.377185
677.28 59.322188
677.30 59.410160
677.32 59.445990
677.34 59.375660
677.36 59.375660
677.38 59.432235
677.40 59.312631
677.42 59.264857
677.44 59.321771
677.46 59.321771
677.48 59.312826
677.50 59.293920
677.52 59.321366
677.54 59.277609
677.56 59.241869
677.58 59.209364
677.60 59.264518
677.62 59.241856
677.64 59.361030
677.66 59.178397
677.68 59.168331
677.70 58.269586
677.72 57.854420
677.74 57.676129
677.76 57.226294
677.78 56.563054
677.80 55.515915
677.82 55.035634
677.84 54.578627
677.86 54.387858
677.88 53.649502
677.90 53.187723
677.92 53.238287
677.94 53.147186
677.96 53.147212
677.98 53.117223
678.00 53.216356
678.02 53.125294
678.04 53.142948
678.06 53.169573
678.08 53.245863
678.10 53.185011
678.12 53.155883
678.14 53.152049
678.16 53.161815
678.18 53.215313
678.20 53.282801
678.22 53.300938
678.24 53.303129
678.26 53.278877
678.28 53.291707
678.30 53.238561
678.32 53.275265
678.34 53.308514
678.36 53.295697
678.38 53.277795
678.40 53.303611
678.42 53.323639
678.44 53.364671
678.46 53.364671
678.48 53.432786
678.50 53.537330
678.52 53.528372
678.54 53.544580
678.56 53.544580
678.58 53.595900
678.60 53.610516
678.62 53.614428
678.64 53.614428
678.66 53.451118
678.68 53.642018
678.70 53.659033
678.72 54.305805
678.74 54.305805
678.76 54.079427
678.78 54.070574
678.80 54.047535
678.82 53.935884
678.84 53.935884
678.86 54.188705
678.88 54.080536
678.90 54.183946
678.92 53.765925
678.94 53.846400
678.96 53.846400
678.98 53.744698
679.00 53.703834
679.02 53.762013
679.04 53.762013
679.06 53.699571
679.08 53.718033
679.10 53.778755
679.12 53.778755
679.14 53.779341
679.16 53.528503
679.18 53.249357
679.20 52.829524
679.22 52.829524
679.24 52.469877
679.26 51.668270
679.28 50.159053
679.30 49.313610
679.32 49.313610
679.34 48.785229
679.36 47.771717
679.38 46.519871
679.40 45.478769
679.42 45.478769
679.44 44.987862
679.46 44.557871
679.48 42.313531
679.50 41.328196
679.52 41.328196
679.54 40.813037
679.56 40.290263
679.58 38.519932
679.60 37.526174
679.62 37.526174
679.64 37.052960
679.66 36.623517
679.68 34.768643
679.70 33.743070
679.72 33.743070
679.74 33.651630
679.76 33.654603
679.78 32.950121
679.80 32.690468
679.82 32.690468
679.84 32.467728
679.86 32.267884
679.88 31.721301
679.90 31.556479
679.92 31.556479
679.94 31.178630
679.96 30.702052
679.98 28.995572
680.00 27.905914
680.02 27.905914
680.04 27.420587
680.06 26.982904
680.08 25.115800
680.10 24.241255
680.12 24.241255
680.14 23.664253
680.16 23.167869
680.18 21.479813
680.20 20.721299
680.22 20.721299
680.24 20.631697
680.26 20.576830
680.28 20.456274
680.30 20.407587
680.32 20.407587
680.34 20.404132
680.36 20.401929
680.38 20.393649
680.40 20.389164
680.42 20.389164
680.44 20.387195
680.46 20.385565
680.48 20.378876
680.50 20.375564
680.52 20.375564
680.54 20.373569
680.56 20.371992
680.58 20.367467
680.60 20.364468
680.62 20.364468
680.64 20.363256
680.66 20.362565
680.68 20.358223
680.70 20.356450
680.72 20.356450
680.74 20.354924
680.76 20.354559
680.78 20.350647
680.80 20.348222
680.82 20.348222
680.84 20.347205
680.86 20.346266
680.88 20.344324
680.90 20.342720
680.92 20.342720
680.94 20.342146
680.96 20.341651
680.98 20.339186
681.00 20.336318
681.02 20.336318
681.04 20.335914
681.06 20.335522
681.08 20.332915
681.10 20.330307
681.12 20.330307
681.14 20.328938
681.16 20.327751
681.18 20.327021
681.20 20.326109
681.22 20.326109
681.24 20.326109
681.26 20.325378
681.28 20.324661
681.30 20.324661
681.32 20.323566
681.34 20.323240
681.36 20.322588
681.38 20.323775
681.40 20.323775
681.42 20.328090
681.44 20.336331
681.46 20.341377
681.48 20.351651
681.50 20.351651
681.52 20.351469
681.54 20.350295
681.56 20.348418
681.58 20.346084
681.60 20.346084
681.62 20.345067
681.64 20.343750
681.66 20.341129
681.68 20.341025
681.70 20.341025
681.72 20.340660
681.74 20.339969
681.76 20.336305
681.78 20.335470
681.80 20.335470
681.82 20.334440
681.84 20.332928
681.86 20.331924
681.88 20.329772
681.90 20.329772
681.92 20.328690
681.94 20.327165
681.96 20.326187
681.98 20.324466
682.00 20.324466
682.02 20.323201
682.04 20.321675
682.06 20.321063
682.08 20.318989
682.10 20.318989
682.12 20.318311
682.14 20.316525
682.16 20.315651
682.18 20.313409
682.20 20.313409
682.22 20.312561
682.24 20.311649
682.26 20.308232
682.28 20.307202
682.30 20.307202
682.32 20.306550
682.34 20.305416
682.36 20.303656
682.38 20.298127
682.40 20.298127
682.42 20.294698
682.44 20.284502
682.46 20.277917
682.48 20.264240
682.50 20.264240
682.52 20.261789
682.54 20.261163
682.56 20.260537
682.58 20.258985
682.60 20.258985
682.62 20.258294
682.64 20.257890
682.66 20.257421
682.68 20.257395
682.70 20.257395
682.72 20.257368
682.74 20.257029
682.76 20.256325
682.78 20.255387
682.80 20.255387
682.82 20.255269
682.84 20.254839
682.86 20.253848
682.88 20.253874
682.90 20.253874
682.92 20.253587
682.94 20.253053
682.96 20.252062
682.98 20.251410
683.00 20.251410
683.02 20.251175
683.04 20.250901
683.06 20.250993
683.08 20.250393
683.10 20.250393
683.12 20.249910
683.14 20.250223
683.16 20.249467
683.18 20.249454
683.20 20.249454
683.22 20.249284
683.24 20.249284
683.26 20.248424
683.28 20.247707
683.30 20.247707
683.32 20.247824
683.34 20.247655
683.36 20.247824
683.38 20.248294
683.40 20.248294
683.42 20.247941
683.44 20.248150
683.46 20.247707
683.48 20.247407
683.50 20.247616
683.52 20.247355
683.54 20.247381
683.56 20.248241
683.58 20.248241
683.60 20.248372
683.62 20.248541
683.64 20.248333
683.66 20.247694
683.68 20.247694
683.70 20.247524
683.72 20.247524
683.74 20.247263
683.76 20.247159
683.78 20.247159
683.80 20.247498
683.82 20.247081
683.84 20.246872
683.86 20.246651
683.88 20.246651
683.90 20.245568
683.92 20.245647
683.94 20.244851
683.96 20.244656
683.98 20.244656
684.00 20.244486
684.02 20.244252
684.04 20.244225
684.06 20.243417
684.08 20.243417
684.10 20.243560
684.12 20.243443
684.14 20.243704
684.16 20.243991
684.18 20.243991
684.20 20.243326
684.22 20.243274
684.24 20.243156
684.26 20.241970
684.28 20.241970
684.30 20.241970
684.32 20.242022
684.34 20.241996
684.36 20.242361
684.38 20.242361
684.40 20.242178
684.42 20.241670
684.44 20.241161
684.46 20.240144
684.48 20.240144
684.50 20.239975
684.52 20.240144
684.54 20.239740
684.56 20.238189
684.58 20.238189
684.60 20.238215
684.62 20.237876
684.64 20.237263
684.66 20.237419
684.68 20.237419
684.70 20.236885
684.72 20.236715
684.74 20.236598
684.76 20.235672
684.78 20.235672
684.80 20.235346
684.82 20.235294
684.84 20.235059
684.86 20.234329
684.88 20.234329
684.90 20.234707
684.92 20.234068
684.94 20.234277
684.96 20.234329
684.98 20.234329
685.00 20.234303
685.02 20.234303
685.04 20.233390
685.06 20.233077
685.08 20.233077
685.10 20.233273
685.12 20.233103
685.14 20.231591
685.16 20.231760
685.18 20.231760
685.20 20.230913
685.22 20.230913
685.24 20.231213
685.26 20.230522
685.28 20.230522
685.30 20.230691
685.32 20.230835
685.34 20.230639
685.36 20.229687
685.38 20.229687
685.40 20.251905
685.42 20.254617
685.44 20.254578
685.46 20.282207
685.48 20.605124
685.50 20.605124
685.52 20.973637
685.54 21.358553
685.56 21.358553
685.58 21.358553
685.60 21.432000
685.62 21.501300
685.64 21.561487
685.66 21.561305
685.68 21.561305
685.70 21.618192
685.72 21.665549
685.74 21.665549
685.76 21.723910
685.78 21.816524
685.80 21.816524
685.82 21.816524
685.84 21.863046
685.86 21.862538
685.88 21.920756
685.90 21.977305
685.92 21.977474
685.94 22.025248
685.96 22.025248
685.98 22.082527
686.00 22.155270
686.02 22.612485
686.04 23.036322
686.06 23.036322
686.08 23.094448
686.10 23.158846
686.12 23.520175
686.14 23.718833
686.16 23.718833
686.18 23.776855
686.20 23.833247
686.22 23.948927
686.24 24.051007
686.26 24.050668
686.28 24.107673
686.30 24.180768
686.32 24.275194
686.34 24.275194
686.36 24.380821
686.38 24.478755
686.40 24.478755
686.42 24.603222
686.44 24.716046
686.46 24.715877
686.48 24.472783
686.50 24.302589
686.52 24.416521
686.54 24.191316
686.56 24.191590
686.58 24.143556
686.60 24.017250
686.62 24.130934
686.64 24.147832
686.66 24.469237
686.68 24.468637
686.70 24.468272
686.72 24.628504
686.74 24.722031
686.76 24.831048
686.78 24.829731
686.80 24.829457
686.82 24.944980
686.84 25.003719
686.86 25.064727
686.88 25.064688
686.90 25.063789
686.92 25.162296
686.94 25.221818
686.96 25.281822
686.98 25.281939
687.00 25.274559
687.02 25.046617
687.04 24.813693
687.06 24.824659
687.08 24.823942
687.10 24.806639
687.12 24.467776
687.14 24.388709
687.16 24.432350
687.18 24.432454
687.20 24.432350
687.22 24.427108
687.24 24.473670
687.26 24.473865
687.28 24.473279
687.30 24.473057
687.32 24.473213
687.34 24.473265
687.36 24.531601
687.38 24.531562
687.40 24.531444
687.42 24.530844
687.44 24.529567
687.46 24.604552
687.48 24.604630
687.50 24.604109
687.52 24.605282
687.54 24.605113
687.56 24.664517
687.58 24.664296
687.60 24.664257
687.62 24.664635
687.64 24.664348
687.66 24.519905
687.68 24.521144
687.70 24.526907
687.72 24.538250
687.74 24.663735
687.76 25.187396
687.78 25.466124
687.80 25.812367
687.82 27.125887
687.84 27.125887
687.86 27.864412
687.88 28.226210
687.90 28.668574
687.92 29.571766
687.94 30.950453
687.96 31.722175
687.98 32.062277
688.00 33.092674
688.02 33.447887
688.04 34.227667
688.06 34.678272
688.08 35.111705
688.10 35.934747
688.12 36.762118
688.14 37.558783
688.16 37.960662
688.18 38.340167
688.20 39.164787
688.22 39.941855
688.24 41.014498
688.26 41.354821
688.28 41.791292
688.30 42.634166
688.32 43.575613
688.34 44.515587
688.36 44.994616
688.38 45.395973
688.40 46.206446
688.42 47.412331
688.44 47.805787
688.46 48.211174
688.48 48.688195
688.50 49.148696
688.52 50.649452
688.54 51.773245
688.56 52.158826
688.58 52.613485
688.60 53.077859
688.62 54.285152
688.64 55.222818
688.66 55.727325
688.68 56.160744
688.70 56.532960
688.72 57.708348
688.74 58.062831
688.76 58.339721
688.78 58.444996
688.80 58.562709
688.82 58.789857
688.84 59.016913
688.86 59.018256
688.88 59.025805
688.90 59.027696
688.92 59.042469
688.94 59.090177
688.96 59.098796
688.98 59.089643
689.00 59.111378
689.02 59.040747
689.04 59.057333
689.06 59.057580
689.08 59.018569
689.10 59.007329
689.12 59.011123
689.14 59.090073
689.16 59.091429
689.18 59.089916
689.20 59.081976
689.22 59.162751
689.24 59.165502
689.26 59.223563
689.28 59.248298
689.30 59.173012
689.32 59.094141
689.34 59.152959
689.36 59.167862
689.38 59.155671
689.40 59.201463
689.42 59.161760
689.44 59.096123
689.46 59.120844
689.48 59.122409
689.50 59.079355
689.52 59.014892
689.54 58.999115
689.56 58.999441
689.58 58.964771
689.60 59.024280
689.62 59.054229
689.64 59.018608
689.66 59.018608
689.68 59.017499
689.70 58.979909
689.72 58.886147
689.74 58.905093
689.76 58.905093
689.78 58.912525
689.80 58.908248
689.82 58.983377
689.84 58.998489
689.86 58.998489
689.88 59.040839
689.90 59.115577
689.92 59.122670
689.94 58.986415
689.96 58.976323
689.98 59.002713
690.00 58.978814
690.02 58.950676
690.04 58.975580
690.06 58.961316
690.08 58.949098
690.10 58.981917
690.12 59.130636
690.14 59.084153
690.16 59.088821
690.18 59.088821
690.20 59.138616
690.22 59.027422
690.24 59.027422
690.26 59.209012
690.28 59.227292
690.30 59.192701
690.32 59.269785
690.34 59.260476
690.36 59.123022
690.38 59.230930
690.40 59.320649
690.42 59.287335
690.44 59.275431
690.46 59.245872
690.48 59.258376
690.50 59.224424
690.52 59.171813
690.54 59.236159
690.56 59.246837
690.58 59.235663
690.60 59.347001
690.62 59.373378
690.64 59.324626
690.66 59.366520
690.68 59.377407
690.70 59.355371
690.72 59.340038
690.74 59.368110
690.76 59.318811
690.78 59.266265
690.80 59.256134
690.82 59.297101
690.84 59.275105
690.86 59.320936
690.88 59.419105
690.90 59.582206
690.92 59.575608
690.94 59.538943
690.96 59.606171
690.98 59.548005
691.00 59.495133
691.02 59.574735
691.04 59.641493
691.06 59.627359
691.08 59.607436
691.10 59.580172
691.12 59.553886
691.14 59.444074
691.16 59.104546
691.18 58.791486
691.20 57.933774
691.22 57.107954
691.24 56.617608
691.26 55.787472
691.28 55.398697
691.30 54.594704
691.32 53.652162
691.34 53.160342
691.36 52.115237
691.38 51.608123
691.40 50.505961
691.42 49.511863
691.44 49.054752
691.46 48.137636
691.48 47.660315
691.50 46.748113
691.52 45.744576
691.54 45.185398
691.56 44.102742
691.58 43.575339
691.60 42.619576
691.62 41.600692
691.64 41.152643
691.66 40.213308
691.68 39.767632
691.70 38.738917
691.72 37.760244
691.74 37.219673
691.76 36.357762
691.78 35.767812
691.80 34.896944
691.82 34.072259
691.84 33.639908
691.86 32.625223
691.88 32.090088
691.90 30.895312
691.92 29.807858
691.94 29.397569
691.96 28.337222
691.98 27.924899
692.00 27.100865
692.02 26.222917
692.04 25.681015
692.06 24.649392
692.08 24.196910
692.10 23.156669
692.12 22.223827
692.14 21.833448
692.16 21.178697
692.18 20.900216
692.20 20.657487
692.22 20.482521
692.24 20.469039
692.26 20.427080
692.28 20.422230
692.30 20.415880
692.32 20.410534
692.34 20.407666
692.36 20.404967
692.38 20.403128
692.40 20.400612
692.42 20.396661
692.44 20.396661
692.46 20.392215
692.48 20.387247
692.50 20.383140
692.52 20.381888
692.54 20.379372
692.56 20.376060
692.58 20.373009
692.60 20.370336
692.62 20.369241
692.64 20.368419
692.66 20.366463
692.68 20.364481
692.70 20.362669
692.72 20.361456
692.74 20.360257
692.76 20.357858
692.78 20.356332
692.80 20.353516
692.82 20.352264
692.84 20.351586
692.86 20.349109
692.88 20.347909
692.90 20.346332
692.92 20.345419
692.94 20.344232
692.96 20.342824
692.98 20.341038
693.00 20.340047
693.02 20.338795
693.04 20.337739
693.06 20.336253
693.08 20.334727
693.10 20.333475
693.12 20.332211
693.14 20.331350
693.16 20.330698
693.18 20.329864
693.20 20.329199
693.22 20.328325
693.24 20.327543
693.26 20.327047
693.28 20.326082
693.30 20.325378
693.32 20.325078
693.34 20.325704
693.36 20.330203
693.38 20.333971
693.40 20.345002
693.42 20.347440
693.44 20.351012
693.46 20.352212
693.48 20.350621
693.50 20.348613
693.52 20.347987
693.54 20.346957
693.56 20.345184
693.58 20.343307
693.60 20.341051
693.62 20.340256
693.64 20.339708
693.66 20.337856
693.68 20.335366
693.70 20.333580
693.72 20.331924
693.74 20.331924
693.76 20.330346
693.78 20.328364
693.80 20.326082
693.82 20.325691
693.84 20.324322
693.86 20.323279
693.88 20.321336
693.90 20.319107
693.92 20.318794
693.94 20.318442
693.96 20.316525
693.98 20.315143
694.00 20.313670
694.02 20.313578
694.04 20.312131
694.06 20.311114
694.08 20.309484
694.10 20.308154
694.12 20.307059
694.14 20.307059
694.16 20.305377
694.18 20.303121
694.20 20.301922
694.22 20.301335
694.24 20.300435
694.26 20.298714
694.28 20.296811
694.30 20.295116
694.32 20.294451
694.34 20.294451
694.36 20.289235
694.38 20.280147
694.40 20.270212
694.42 20.266391
694.44 20.257838
694.46 20.256625
694.48 20.254735
694.50 20.253978
694.52 20.253861
694.54 20.252622
694.56 20.252753
694.58 20.252688
694.60 20.252596
694.62 20.252531
694.64 20.252648
694.66 20.252987
694.68 20.253353
694.70 20.253261
694.72 20.253509
694.74 20.253496
694.76 20.253431
694.78 20.253522
694.80 20.253470
694.82 20.252779
694.84 20.252505
694.86 20.252075
694.88 20.252440
694.90 20.252140
694.92 20.252088
694.94 20.252140
694.96 20.251788
694.98 20.251918
695.00 20.251814
695.02 20.251514
695.04 20.251475
695.06 20.251136
695.08 20.249728
695.10 20.249845
695.12 20.249845
695.14 20.249741
695.16 20.249584
695.18 20.249271
695.20 20.249428
695.22 20.249428
695.24 20.249741
695.26 20.249936
695.28 20.249298
695.30 20.249324
695.32 20.248307
695.34 20.247968
695.36 20.248398
695.38 20.247994
695.40 20.248294
695.42 20.247955
695.44 20.247511
695.46 20.247759
695.48 20.247785
695.50 20.247329
695.52 20.247329
695.54 20.246951
695.56 20.246273
695.58 20.245412
695.60 20.244995
695.62 20.244460
695.64 20.243443
695.66 20.242661
695.68 20.241983
695.70 20.242113
695.72 20.242087
695.74 20.242074
695.76 20.241370
695.78 20.241266
695.80 20.240614
695.82 20.240614
695.84 20.240288
695.86 20.240001
695.88 20.239153
695.90 20.239349
695.92 20.239336
695.94 20.239114
695.96 20.238906
695.98 20.238827
696.00 20.238293
696.02 20.238097
696.04 20.238306
696.06 20.238475
696.08 20.238306
696.10 20.238306
696.12 20.237967
696.14 20.237458
696.16 20.237354
696.18 20.237263
696.20 20.237602
696.22 20.237602
696.24 20.237589
696.26 20.237511
696.28 20.237185
696.30 20.236793
696.32 20.236637
696.34 20.236402
696.36 20.236089
696.38 20.235933
696.40 20.235320
696.42 20.235320
696.44 20.235346
696.46 20.235307
696.48 20.234655
696.50 20.234642
696.52 20.234642
696.54 20.234355
696.56 20.234042
696.58 20.234107
696.60 20.233938
696.62 20.233599
696.64 20.233455
696.66 20.233755
696.68 20.233821
696.70 20.233925
696.72 20.234433
696.74 20.234016
696.76 20.233860
696.78 20.233742
696.80 20.234303
696.82 20.234733
696.84 20.234903
696.86 20.234903
696.88 20.234681
696.90 20.234303
696.92 20.234629
696.94 20.234733
696.96 20.234733
696.98 20.234355
697.00 20.234355
697.02 20.233677
697.04 20.233038
697.06 20.233208
697.08 20.232738
697.10 20.232738
697.12 20.232399
697.14 20.231865
697.16 20.231760
697.18 20.231408
697.20 20.231200
697.22 20.231369
697.24 20.231565
697.26 20.231669
697.28 20.231852
697.30 20.231852
697.32 20.231813
697.34 20.231278
697.36 20.231330
697.38 20.231161
697.40 20.252805
697.42 20.455231
697.44 20.793977
697.46 20.793651
697.48 20.794068
697.50 21.120857
697.52 21.335709
697.54 21.480399
697.56 21.480334
697.58 21.534432
697.60 21.534432
697.62 21.591763
697.64 21.656657
697.66 21.656305
697.68 21.656031
697.70 21.724836
697.72 21.780955
697.74 21.838155
697.76 21.837595
697.78 21.841467
697.80 21.899203
697.82 22.290964
697.84 22.634899
697.86 22.666700
697.88 22.693795
697.90 22.750591
697.92 22.815289
697.94 22.973762
697.96 23.095178
697.98 23.448853
698.00 23.506497
698.02 23.574846
698.04 23.693068
698.06 23.775160
698.08 23.834695
698.10 23.878987
698.12 23.920476
698.14 24.024473
698.16 24.071634
698.18 24.137962
698.20 24.193989
698.22 24.249339
698.24 24.378618
698.26 24.449392
698.28 24.494988
698.30 24.551915
698.32 24.694037
698.34 24.734392
698.36 24.792414
698.38 24.860593
698.40 24.910818
698.42 24.808686
698.44 24.628270
698.46 24.685836
698.48 24.685836
698.50 24.433445
698.52 24.289302
698.54 24.245453
698.56 24.348146
698.58 24.404160
698.60 24.398775
698.62 24.397732
698.64 24.527389
698.66 24.843304
698.68 24.914561
698.70 24.928408
698.72 24.928316
698.74 24.970001
698.76 25.096555
698.78 25.137079
698.80 25.137327
698.82 25.137144
698.84 24.951656
698.86 24.905420
698.88 24.906033
698.90 24.874662
698.92 24.848572
698.94 24.762386
698.96 24.689786
698.98 24.414956
699.00 24.414956
699.02 24.392295
699.04 24.392295
699.06 24.359672
699.08 24.359281
699.10 24.420015
699.12 24.420015
699.14 24.419363
699.16 24.419194
699.18 24.419924
699.20 24.421437
699.22 24.421750
699.24 24.480215
699.26 24.479589
699.28 24.479459
699.30 24.480489
699.32 24.480319
699.34 24.553910
699.36 24.553584
699.38 24.553793
699.40 24.553753
699.42 24.553793
699.44 24.613627
699.46 24.612949
699.48 24.637214
699.50 24.638870
699.52 24.661453
699.54 24.729815
699.56 24.753832
699.58 25.298290
699.60 25.467389
699.62 25.971648
699.64 26.289662
699.66 26.552014
699.68 27.163373
699.70 27.596727
699.72 28.310584
699.74 29.039865
699.76 29.525387
699.78 30.505911
699.80 30.917843
699.82 31.613680
699.84 32.507679
699.86 32.842317
699.88 33.632932
699.90 34.092977
699.92 35.114130
699.94 35.902046
699.96 36.301278
699.98 37.286535
700.00 37.672872
700.02 38.342553
700.04 39.103023
700.06 39.583356
700.08 40.390204
700.10 40.758874
700.12 41.512980
700.14 42.289110
700.16 42.631637
700.18 43.375977
700.20 43.828694
700.22 44.766503
700.24 45.559453
700.26 46.049552
700.28 47.184858
700.30 47.586333
700.32 48.478050
700.34 49.407189
700.36 49.778101
700.38 50.662034
700.40 50.971938
700.42 51.745120
700.44 52.618636
700.46 52.990017
700.48 53.797830
700.50 54.234966
700.52 55.006206
700.54 55.775542
700.56 56.253006
700.58 56.723717
700.60 57.040922
700.62 57.422044
700.64 57.760633
700.66 57.858580
700.68 58.060628
700.70 58.089991
700.72 58.248907
700.74 58.435008
700.76 58.450642
700.78 58.505495
700.80 58.465636
700.82 58.524962
700.84 58.524584
700.86 58.530647
700.88 58.545928
700.90 58.555121
700.92 58.499693
700.94 58.596897
700.96 58.588904
700.98 58.649130
701.00 58.674190
701.02 58.828386
701.04 58.929658
701.06 58.984055
701.08 58.955057
701.10 58.986154
701.12 59.083306
701.14 59.196716
701.16 59.147834
701.18 59.147834
701.20 59.147834
701.22 59.161668
701.24 59.192661
701.26 59.192661
701.28 59.237228
701.30 59.223941
701.32 59.180327
701.34 59.193665
701.36 59.132396
701.38 59.146218
701.40 59.321823
701.42 59.469486
701.44 59.514626
701.46 59.465861
701.48 59.504430
701.50 59.429562
701.52 59.343063
701.54 59.356441
701.56 59.461376
701.58 59.421738
701.60 59.300857
701.62 59.191527
701.64 59.128315
701.66 59.010550
701.68 59.001657
701.70 58.992882
701.72 59.005478
701.74 59.003157
701.76 59.046315
701.78 59.069837
701.80 59.065534
701.82 59.076421
701.84 59.112969
701.86 59.120857
701.88 59.132775
701.90 59.129032
701.92 59.160756
701.94 59.212976
701.96 59.191618
701.98 59.192818
702.00 59.242887
702.02 59.201854
702.04 59.221568
702.06 59.304195
702.08 59.281312
702.10 59.233460
702.12 59.388438
702.14 59.398829
702.16 59.407409
702.18 59.463528
702.20 59.516999
702.22 59.470595
702.24 59.516321
702.26 59.572427
702.28 59.542933
702.30 59.510806
702.32 59.560848
702.34 59.549922
702.36 59.532098
702.38 59.541655
702.40 59.512514
702.42 59.445691
702.44 59.395870
702.46 59.561266
702.48 59.584774
702.50 59.599430
702.52 59.653293
702.54 59.723363
702.56 59.653123
702.58 59.672968
702.60 59.698602
702.62 59.908043
702.64 59.907391
702.66 60.020528
702.68 60.012914
702.70 60.084274
702.72 59.999432
702.74 60.017894
702.76 60.065994
702.78 60.046658
702.80 60.023553
702.82 60.154540
702.84 60.171425
702.86 60.087951
702.88 60.113664
702.90 60.157083
702.92 60.035888
702.94 59.976392
702.96 59.997841
702.98 59.944682
703.00 59.788400
703.02 59.226093
703.04 58.929384
703.06 58.109288
703.08 57.643493
703.10 57.239163
703.12 55.830057
703.14 55.336685
703.16 54.399932
703.18 53.881643
703.20 53.332009
703.22 51.768264
703.24 51.284841
703.26 50.337396
703.28 49.381163
703.30 49.381163
703.32 47.903852
703.34 47.460196
703.36 46.416317
703.38 45.980081
703.40 45.129475
703.42 44.755838
703.44 43.906548
703.46 43.554425
703.48 43.086192
703.50 40.877695
703.52 40.377309
703.54 39.994453
703.56 38.935371
703.58 38.527573
703.60 36.994468
703.62 36.577151
703.64 35.995025
703.66 35.074883
703.68 34.590326
703.70 33.175913
703.72 32.689621
703.74 32.282983
703.76 31.329566
703.78 30.811082
703.80 29.292555
703.82 28.819667
703.84 28.290804
703.86 27.301440
703.88 26.852569
703.90 25.306882
703.92 24.742776
703.94 24.291480
703.96 23.285895
703.98 22.805015
704.00 21.615976
704.02 21.327703
704.04 20.859209
704.06 20.716331
704.08 20.577925
704.10 20.457917
704.12 20.436077
704.14 20.428528
704.16 20.421617
704.18 20.419022
704.20 20.416636
704.22 20.421839
704.24 20.438776
704.26 20.489431
704.28 20.520464
704.30 20.609531
704.32 20.633496
704.34 20.647148
704.36 20.653367
704.38 20.652767
704.40 20.647200
704.42 20.646105
704.44 20.643731
704.46 20.640915
704.48 20.639429
704.50 20.636326
704.52 20.634969
704.54 20.634109
704.56 20.631423
704.58 20.630680
704.60 20.627238
704.62 20.626560
704.64 20.625321
704.66 20.622531
704.68 20.622478
704.70 20.620836
704.72 20.619962
704.74 20.619610
704.76 20.618150
704.78 20.616689
704.80 20.614225
704.82 20.614381
704.84 20.612699
704.86 20.610261
704.88 20.609713
704.90 20.607353
704.92 20.606024
704.94 20.604941
704.96 20.603611
704.98 20.602764
705.00 20.601147
705.02 20.600951
705.04 20.600912
705.06 20.599804
705.08 20.599582
705.10 20.597757
705.12 20.598226
705.14 20.597535
705.16 20.597196
705.18 20.597431
705.20 20.592137
705.22 20.591485
705.24 20.573596
705.26 20.522615
705.28 20.491739
705.30 20.409504
705.32 20.381158
705.34 20.366659
705.36 20.356802
705.38 20.355746
705.40 20.352290
705.42 20.351182
705.44 20.350895
705.46 20.347309
705.48 20.347309
705.50 20.345054
705.52 20.344206
705.54 20.343333
705.56 20.342329
705.58 20.341742
705.60 20.339630
705.62 20.339460
705.64 20.339330
705.66 20.338743
705.68 20.336592
705.70 20.335992
705.72 20.335327
705.74 20.334362
705.76 20.334023
705.78 20.331194
705.80 20.331011
705.82 20.330737
705.84 20.330164
705.86 20.329642
705.88 20.327699
705.90 20.327034
705.92 20.326695
705.94 20.326591
705.96 20.325835
705.98 20.324035
706.00 20.323344
706.02 20.323136
706.04 20.321754
706.06 20.320893
706.08 20.318872
706.10 20.318324
706.12 20.317555
706.14 20.317203
706.16 20.316330
706.18 20.314674
706.20 20.314022
706.22 20.311075
706.24 20.309914
706.26 20.307150
706.28 20.294529
706.30 20.289365
706.32 20.285767
706.34 20.278204
706.36 20.277448
706.38 20.272715
706.40 20.272220
706.42 20.271868
706.44 20.271776
706.46 20.271529
706.48 20.270238
706.50 20.269912
706.52 20.269468
706.54 20.268856
706.56 20.268621
706.58 20.267760
706.60 20.267578
706.62 20.267147
706.64 20.266978
706.66 20.266639
706.68 20.264435
706.70 20.264383
706.72 20.263875
706.74 20.262493
706.76 20.262388
706.78 20.261736
706.80 20.261071
706.82 20.260706
706.84 20.260224
706.86 20.259989
706.88 20.258138
706.90 20.257812
706.92 20.257473
706.94 20.256677
706.96 20.256325
706.98 20.254982
707.00 20.254643
707.02 20.254135
707.04 20.253613
707.06 20.253444
707.08 20.252557
707.10 20.252101
707.12 20.251644
707.14 20.251305
707.16 20.251123
707.18 20.251149
707.20 20.250953
707.22 20.250627
707.24 20.250393
707.26 20.250315
707.28 20.249884
707.30 20.249702
707.32 20.249454
707.34 20.249284
707.36 20.248672
707.38 20.249011
707.40 20.248672
707.42 20.248841
707.44 20.248698
707.46 20.248867
707.48 20.248463
707.50 20.248567
707.52 20.248737
707.54 20.248098
707.56 20.247772
707.58 20.247042
707.60 20.247016
707.62 20.246768
707.64 20.246585
707.66 20.246885
707.68 20.247081
707.70 20.246885
707.72 20.246299
707.74 20.245973
707.76 20.245986
707.78 20.246064
707.80 20.245725
707.82 20.246220
707.84 20.245829
707.86 20.246025
707.88 20.245855
707.90 20.245686
707.92 20.245125
707.94 20.244669
707.96 20.244630
707.98 20.244799
708.00 20.244903
708.02 20.245164
708.04 20.244943
708.06 20.244838
708.08 20.245008
708.10 20.244460
708.12 20.244460
708.14 20.244825
708.16 20.244864
708.18 20.244695
708.20 20.244630
708.22 20.244160
708.24 20.243652
708.26 20.243274
708.28 20.243665
708.30 20.243613
708.32 20.243443
708.34 20.243782
708.36 20.242413
708.38 20.242413
708.40 20.242335
708.42 20.241605
708.44 20.240783
708.46 20.239936
708.48 20.239492
708.50 20.239532
708.52 20.239362
708.54 20.239532
708.56 20.239636
708.58 20.239675
708.60 20.239232
708.62 20.238893
708.64 20.238893
708.66 20.238019
708.68 20.237863
708.70 20.237654
708.72 20.238032
708.74 20.238006
708.76 20.237406
708.78 20.237237
708.80 20.236467
708.82 20.236859
708.84 20.236872
708.86 20.236598
708.88 20.236533
708.90 20.236533
708.92 20.236350
708.94 20.235933
708.96 20.235933
708.98 20.235685
709.00 20.235320
709.02 20.235320
709.04 20.235059
709.06 20.235203
709.08 20.234812
709.10 20.234733
709.12 20.234355
709.14 20.233703
709.16 20.233390
709.18 20.233390
709.20 20.232947
709.22 20.233286
709.24 20.233286
709.26 20.233442
709.28 20.233312
709.30 20.252557
709.32 20.350204
709.34 20.350152
709.36 20.369567
709.38 20.369580
709.40 20.673473
709.42 21.302564
709.44 21.302564
709.46 21.349869
709.48 21.350195
709.50 21.350025
709.52 21.456421
709.54 21.521171
709.56 21.522162
709.58 21.522345
709.60 21.531941
709.62 21.658886
709.64 21.995715
709.66 22.051990
709.68 22.051925
709.70 22.051925
709.72 22.189118
709.74 22.253517
709.76 22.369274
709.78 22.712531
709.80 22.712414
709.82 22.803880
709.84 22.911802
709.86 22.919195
709.88 22.980503
709.90 22.980333
709.92 23.093874
709.94 23.141961
709.96 23.220180
709.98 23.276534
710.00 23.395721
710.02 23.395721
710.04 23.833221
710.06 23.907359
710.08 24.032727
710.10 24.032727
710.12 24.146776
710.14 24.280149
710.16 24.328171
710.18 24.328249
710.20 24.426287
710.22 24.484622
710.24 24.616157
710.26 24.684193
710.28 24.684167
710.30 24.798021
710.32 24.855834
710.34 24.960744
710.36 25.027319
710.38 25.036029
710.40 24.517154
710.42 24.604435
710.44 24.815049
710.46 24.895485
710.48 24.916477
710.50 24.861219
710.52 24.904534
710.54 24.875979
710.56 24.916490
710.58 24.916295
710.60 24.915004
710.62 24.764068
710.64 24.837371
710.66 24.961148
710.68 24.931798
710.70 24.931224
710.72 24.826028
710.74 24.878730
710.76 24.675926
710.78 24.675483
710.80 24.675991
710.82 24.675939
710.84 24.690973
710.86 24.696762
710.88 24.696267
710.90 24.695002
710.92 24.694232
710.94 24.821634
710.96 24.821164
710.98 24.821164
711.00 24.820760
711.02 24.821490
711.04 24.621659
711.06 24.619469
711.08 24.619325
711.10 24.595073
711.12 24.594421
711.14 24.516789
711.16 24.516789
711.18 24.511273
711.20 24.511339
711.22 24.512121
711.24 24.570912
711.26 24.570247
711.28 24.569283
711.30 24.568839
711.32 24.568396
711.34 24.568005
711.36 24.626392
711.38 24.618021
711.40 24.618034
711.42 24.598489
711.44 24.573611
711.46 24.321964
711.48 24.300164
711.50 24.300098
711.52 24.287725
711.54 24.285117
711.56 24.280293
711.58 24.381695
711.60 24.386832
711.62 24.415217
711.64 24.586976
711.66 24.733088
711.68 25.128213
711.70 25.664808
711.72 25.998299
711.74 26.808016
711.76 27.648700
711.78 28.215662
711.80 28.917444
711.82 29.320875
711.84 30.083196
711.86 30.933555
711.88 31.338041
711.90 32.335803
711.92 32.789406
711.94 33.546029
711.96 34.209217
711.98 34.833732
712.00 35.547523
712.02 35.950759
712.04 36.795576
712.06 37.750739
712.08 38.488339
712.10 38.914522
712.12 39.399993
712.14 40.409163
712.16 41.238685
712.18 41.238685
712.20 41.238685
712.22 41.946074
712.24 42.332489
712.26 43.309284
712.28 44.810392
712.30 45.183390
712.32 46.254755
712.34 47.042554
712.36 47.995070
712.38 48.427434
712.40 49.429563
712.42 50.194792
712.44 50.625773
712.46 51.377311
712.48 51.715288
712.50 52.496189
712.52 53.396538
712.54 53.760344
712.56 54.735770
712.58 55.260330
712.60 56.007983
712.62 56.866217
712.64 57.325714
712.66 57.761702
712.68 58.001510
712.70 58.371588
712.72 58.533320
712.74 58.564417
712.76 58.543673
712.78 58.562605
712.80 58.666902
712.82 58.847983
712.84 58.929449
712.86 58.957769
712.88 58.947351
712.90 58.999767
712.92 59.027683
712.94 59.046954
712.96 59.169713
712.98 59.279160
713.00 59.248767
713.02 59.247398
713.04 59.256668
713.06 59.214840
713.08 59.183352
713.10 59.221125
713.12 59.167106
713.14 59.124117
713.16 59.181474
713.18 59.135017
713.20 59.078612
713.22 59.067346
713.24 59.065351
713.26 59.000888
713.28 58.976662
713.30 59.000054
713.32 59.129763
713.34 59.156257
713.36 59.116163
713.38 59.206756
713.40 59.258246
713.42 59.237006
713.44 59.225910
713.46 59.326230
713.48 59.377094
713.50 59.380223
713.52 59.488197
713.54 59.504704
713.56 59.482355
713.58 59.448572
713.60 59.532867
713.62 59.496750
713.64 59.491509
713.66 59.585100
713.68 59.736089
713.70 59.758711
713.72 59.756077
713.74 59.774044
713.76 59.754812
713.78 59.710754
713.80 59.760680
713.82 59.803421
713.84 59.749923
713.86 59.779221
713.88 59.877624
713.90 59.802221
713.92 59.734759
713.94 59.731590
713.96 59.705148
713.98 59.652002
714.00 59.736649
714.02 59.831428
714.04 59.855080
714.06 59.884547
714.08 59.946599
714.10 59.937837
714.12 59.923950
714.14 59.941657
714.16 59.966548
714.18 59.981777
714.20 60.047231
714.22 60.106114
714.24 60.135686
714.26 60.161881
714.28 60.287783
714.30 60.307158
714.32 60.195156
714.34 60.231547
714.36 60.265799
714.38 60.274444
714.40 60.216174
714.42 60.236540
714.44 60.185494
714.46 60.185533
714.48 60.216630
714.50 60.297848
714.52 60.263648
714.54 60.317928
714.56 60.317928
714.58 60.285905
714.60 60.231142
714.62 60.252826
714.64 60.205860
714.66 60.205860
714.68 60.189053
714.70 60.282306
714.72 60.281941
714.74 60.286270
714.76 60.286270
714.78 60.422877
714.80 60.370878
714.82 60.389524
714.84 60.427623
714.86 60.427623
714.88 60.418457
714.90 60.487197
714.92 60.502256
714.94 60.506194
714.96 60.506194
714.98 60.440609
715.00 60.269398
715.02 60.106792
715.04 59.795415
715.06 59.795415
715.08 58.093655
715.10 57.145988
715.12 56.686882
715.14 56.173261
715.16 56.173261
715.18 54.299064
715.20 53.277560
715.22 52.757198
715.24 52.267855
715.26 52.267855
715.28 50.276310
715.30 49.371880
715.32 48.861571
715.34 48.306356
715.36 48.306356
715.38 46.403761
715.40 45.400902
715.42 44.946881
715.44 44.472142
715.46 44.472142
715.48 42.544473
715.50 41.424409
715.52 40.917737
715.54 40.429255
715.56 40.429255
715.58 38.940639
715.60 37.509367
715.62 37.050900
715.64 36.557241
715.66 36.557241
715.68 35.140976
715.70 33.594755
715.72 33.046543
715.74 32.480102
715.76 32.480102
715.78 30.923345
715.80 29.406083
715.82 28.961815
715.84 28.525448
715.86 28.525448
715.88 26.928154
715.90 25.492358
715.92 24.984852
715.94 24.485757
715.96 24.485757
715.98 23.162732
716.00 21.884638
716.02 21.450671
716.04 21.139202
716.06 21.139202
716.08 20.724611
716.10 20.474359
716.12 20.435686
716.14 20.427810
716.16 20.427810
716.18 20.419296
716.20 20.411238
716.22 20.408422
716.24 20.405997
716.26 20.405997
716.28 20.399464
716.30 20.393232
716.32 20.391524
716.34 20.389359
716.36 20.389359
716.38 20.383362
716.40 20.378981
716.42 20.377507
716.44 20.376047
716.46 20.376047
716.48 20.372513
716.50 20.368510
716.52 20.368510
716.54 20.367337
716.56 20.367337
716.58 20.364312
716.60 20.361874
716.62 20.359944
716.64 20.359944
716.66 20.357558
716.68 20.356124
716.70 20.355824
716.72 20.354768
716.74 20.354768
716.76 20.351925
716.78 20.349722
716.80 20.349696
716.82 20.348744
716.84 20.348744
716.86 20.346866
716.88 20.345145
716.90 20.344597
716.92 20.343919
716.94 20.343919
716.96 20.341872
716.98 20.341012
717.00 20.340555
717.02 20.339278
717.04 20.339278
717.06 20.337935
717.08 20.337452
717.10 20.336800
717.12 20.335692
717.14 20.335692
717.16 20.333710
717.18 20.331754
717.20 20.331911
717.22 20.331911
717.24 20.332263
717.26 20.342094
717.28 20.353255
717.30 20.357075
717.32 20.357075
717.34 20.358588
717.36 20.358901
717.38 20.357089
717.40 20.355420
717.42 20.355420
717.44 20.355133
717.46 20.351756
717.48 20.349787
717.50 20.349239
717.52 20.349239
717.54 20.348561
717.56 20.346462
717.58 20.343202
717.60 20.341794
717.62 20.341794
717.64 20.340947
717.66 20.337817
717.68 20.334858
717.70 20.333410
717.72 20.333410
717.74 20.333136
717.76 20.330816
717.78 20.328325
717.80 20.326747
717.82 20.326747
717.84 20.326343
717.86 20.323188
717.88 20.320697
717.90 20.319511
717.92 20.319511
717.94 20.319237
717.96 20.317021
717.98 20.314230
718.00 20.313878
718.02 20.313878
718.04 20.313318
718.06 20.311583
718.08 20.309158
718.10 20.307946
718.12 20.307946
718.14 20.307789
718.16 20.304543
718.18 20.302613
718.20 20.301570
718.22 20.301570
718.24 20.300527
718.26 20.290617
718.28 20.275870
718.30 20.270798
718.32 20.270798
718.34 20.268178
718.36 20.260589
718.38 20.259363
718.40 20.259181
718.42 20.259181
718.44 20.258659
718.46 20.258307
718.48 20.257564
718.50 20.257929
718.52 20.257929
718.54 20.257760
718.56 20.256886
718.58 20.255647
718.60 20.255452
718.62 20.255452
718.64 20.254982
718.66 20.253405
718.68 20.253092
718.70 20.253092
718.72 20.253040
718.74 20.253040
718.76 20.253157
718.78 20.252140
718.80 20.252336
718.82 20.252518
718.84 20.252688
718.86 20.252896
718.88 20.252870
718.90 20.252870
718.92 20.252401
718.94 20.252557
718.96 20.252114
718.98 20.251970
719.00 20.251970
719.02 20.252140
719.04 20.251866
719.06 20.251449
719.08 20.251410
719.10 20.251410
719.12 20.251579
719.14 20.251279
719.16 20.251566
719.18 20.251410
719.20 20.251410
719.22 20.250901
719.24 20.264136
719.26 20.315065
719.28 20.344206
719.30 20.344206
719.32 20.375408
719.34 20.460577
719.36 20.504961
719.38 20.510854
719.40 20.510854
719.42 20.511010
719.44 20.510306
719.46 20.510293
719.48 20.509302
719.50 20.509302
719.52 20.508272
719.54 20.507868
719.56 20.506747
719.58 20.507386
719.60 20.507386
719.62 20.508090
719.64 20.507842
719.66 20.508077
719.68 20.508690
719.70 20.508690
719.72 20.508507
719.74 20.508129
719.76 20.507686
719.78 20.507503
719.80 20.507503
719.82 20.507138
719.84 20.507920
719.86 20.506812
719.88 20.506277
719.90 20.506277
719.92 20.506616
719.94 20.503578
719.96 20.503709
719.98 20.504726
720.00 20.504726
720.02 20.504569
720.04 20.504400
720.06 20.503996
720.08 20.503500
720.10 20.503500
720.12 20.503331
720.14 20.504739
720.16 20.504113
720.18 20.504309
720.20 20.504309
720.22 20.504126
720.24 20.489405
720.26 20.470486
720.28 20.455374
720.30 20.455374
720.32 20.425437
720.34 20.340868
720.36 20.263862
720.38 20.243521
720.40 20.243521
720.42 20.241422
720.44 20.239714
720.46 20.239701
720.48 20.239375
720.50 20.239375
720.52 20.239466
720.54 20.238971
720.56 20.238541
720.58 20.238175
720.60 20.238175
720.62 20.238097
720.64 20.238449
720.66 20.238358
720.68 20.237993
720.70 20.237993
720.72 20.237889
720.74 20.236650
720.76 20.237106
720.78 20.237106
720.80 20.237106
720.82 20.236767
720.84 20.236663
720.86 20.236272
720.88 20.236272
720.90 20.236480
720.92 20.236480
720.94 20.237302
720.96 20.236793
720.98 20.236806
721.00 20.236806
721.02 20.236350
721.04 20.235450
721.06 20.235151
721.08 20.234798
721.10 20.234798
721.12 20.235007
721.14 20.234499
721.16 20.234512
721.18 20.234512
721.20 20.234785
721.22 20.233990
721.24 20.233990
721.26 20.233482
721.28 20.233482
721.30 20.233742
721.32 20.233742
721.34 20.232725
721.36 20.232751
721.38 20.232751
721.40 20.232843
721.42 20.670813
721.44 20.741678
721.46 20.741131
721.48 20.740687
721.50 20.740687
721.52 21.019129
721.54 21.343089
721.56 21.343089
721.58 21.343089
721.60 21.343154
721.62 21.465848
721.64 21.637072
721.66 21.637086
721.68 21.637086
721.70 21.663698
721.72 21.986914
721.74 22.042537
721.76 22.042211
721.78 22.042211
721.80 22.045497
721.82 22.160225
721.84 22.395260
721.86 22.406356
721.88 22.406356
721.90 22.406591
721.92 22.913093
721.94 23.333148
721.96 23.361729
721.98 23.361729
722.00 23.361885
722.02 23.522848
722.04 23.683693
722.06 23.683693
722.08 23.683028
722.10 23.683028
722.12 23.853223
722.14 24.014955
722.16 24.014277
722.18 24.014277
722.20 24.014759
722.22 24.185619
722.24 24.383794
722.26 24.383794
722.28 24.383794
722.30 24.383716
722.32 24.554145
722.34 24.652691
722.36 24.700413
722.38 24.700413
722.40 24.700178
722.42 24.584668
722.44 24.734066
722.46 25.123897
722.48 25.123897
722.50 25.155125
722.52 24.906112
722.54 24.820291
722.56 24.843669
722.58 24.843669
722.60 24.842756
722.62 24.897310
722.64 24.850254
722.66 24.976403
722.68 24.976403
722.70 24.962530
722.72 25.018935
722.74 24.851140
722.76 24.910962
722.78 24.910962
722.80 24.894716
722.82 24.929985
722.84 24.923297
722.86 25.004906
722.88 25.004906
722.90 25.005154
722.92 24.703216
722.94 24.412831
722.96 24.433171
722.98 24.433171
723.00 24.432376
723.02 24.417238
723.04 24.416273
723.06 24.474022
723.08 24.474022
723.10 24.473944
723.12 24.473383
723.14 24.532200
723.16 24.532200
723.18 24.532200
723.20 24.531822
723.22 24.532279
723.24 24.531848
723.26 24.591266
723.28 24.591905
723.30 24.591748
723.32 24.638870
723.34 24.638870
723.36 24.638870
723.38 24.638010
723.40 24.638388
723.42 24.626418
723.44 24.461322
723.46 24.461322
723.48 24.432376
723.50 24.432872
723.52 24.388462
723.54 24.284700
723.56 24.284700
723.58 24.358603
723.60 24.372411
723.62 24.449626
723.64 24.535551
723.66 24.535551
723.68 25.028636
723.70 25.673792
723.72 26.679989
723.74 27.534102
723.76 27.534102
723.78 27.941314
723.80 28.715996
723.82 30.052125
723.84 30.855935
723.86 30.855935
723.88 31.273800
723.90 32.080713
723.92 33.178364
723.94 33.939629
723.96 33.939629
723.98 34.472573
724.00 35.334067
724.02 36.196134
724.04 37.597808
724.06 37.597808
724.08 38.015490
724.10 38.788112
724.12 39.767801
724.14 41.031630
724.16 41.031630
724.18 41.564822
724.20 42.505226
724.22 43.318255
724.24 44.549422
724.26 44.549422
724.28 45.043524
724.30 45.783875
724.32 46.729807
724.34 48.119603
724.36 48.119603
724.38 48.600445
724.40 49.524472
724.42 50.300262
724.44 51.493917
724.46 51.493917
724.48 51.994160
724.50 52.761018
724.52 53.720954
724.54 55.204916
724.56 55.204916
724.58 55.580809
724.60 56.463099
724.62 57.254210
724.64 58.339317
724.66 58.339317
724.68 58.417627
724.70 58.682131
724.72 58.872652
724.74 59.145579
724.76 59.145579
724.78 59.152646
724.80 59.199168
724.82 59.147065
724.84 59.140559
724.86 59.140559
724.88 59.267817
724.90 59.322449
724.92 59.394136
724.94 59.483842
724.96 59.483842
724.98 59.493660
725.00 59.497493
725.02 59.610565
725.04 59.596861
725.06 59.596861
725.08 59.539674
725.10 59.615807
725.12 59.525866
725.14 59.451936
725.16 59.451936
725.18 59.482238
725.20 59.385334
725.22 59.472902
725.24 59.600199
725.26 59.600199
725.28 59.576938
725.30 59.616093
725.32 59.583679
725.34 59.572909
725.36 59.572909
725.38 59.603316
725.40 59.610552
725.42 59.679683
725.44 59.814569
725.46 59.814569
725.48 59.814569
725.50 59.822144
725.52 59.808271
725.54 59.808271
725.56 59.808766
725.58 59.856371
725.60 59.815912
725.62 59.721485
725.64 59.721485
725.66 59.721707
725.68 59.650268
725.70 59.707169
725.72 59.837060
725.74 59.837060
725.76 59.825208
725.78 59.928866
725.80 59.953066
725.82 59.828807
725.84 59.828807
725.86 59.807710
725.88 59.707756
725.90 59.664350
725.92 59.739035
725.94 59.739035
725.96 59.732099
725.98 59.818806
726.00 59.781203
726.02 59.751214
726.04 59.751214
726.06 59.820410
726.08 59.775635
726.10 59.668718
726.12 59.766026
726.14 59.766026
726.16 59.799978
726.18 59.801686
726.20 59.882892
726.22 59.843775
726.24 59.843775
726.26 59.840698
726.28 59.870648
726.30 59.814151
726.32 59.706426
726.34 59.706426
726.36 59.666879
726.38 59.687037
726.40 59.727340
726.42 59.824974
726.44 59.824974
726.46 59.872773
726.48 59.879736
726.50 59.858470
726.52 59.728435
726.54 59.728435
726.56 59.673346
726.58 59.627424
726.60 59.615768
726.62 59.714823
726.64 59.714823
726.66 59.719712
726.68 59.748502
726.70 59.846879
726.72 59.751161
726.74 59.751161
726.76 59.842472
726.78 59.844949
726.80 59.683021
726.82 59.829563
726.84 59.829563
726.86 59.793668
726.88 59.796966
726.90 59.995755
726.92 59.905931
726.94 59.905931
726.96 59.918539
726.98 59.806224
727.00 59.669331
727.02 59.073944
727.04 59.073944
727.06 58.629963
727.08 58.205618
727.10 57.254105
727.12 55.370051
727.14 55.370051
727.16 54.864905
727.18 54.412319
727.20 53.487770
727.22 51.522145
727.24 51.522145
727.26 51.032033
727.28 50.507486
727.30 49.452876
727.32 47.658698
727.34 47.658698
727.36 47.170646
727.38 46.682659
727.40 45.837686
727.42 43.593971
727.44 43.593971
727.46 43.155049
727.48 42.674821
727.50 41.610549
727.52 39.803319
727.54 39.803319
727.56 39.255902
727.58 38.831518
727.60 37.450067
727.62 36.037740
727.64 36.037740
727.66 35.602964
727.68 35.046068
727.70 33.489207
727.72 31.909033
727.74 31.442860
727.76 30.817301
727.78 30.478204
727.80 28.987136
727.82 28.987136
727.84 28.528565
727.86 28.102538
727.88 27.117268
727.90 25.110676
727.92 25.110676
727.94 24.654438
727.96 24.135367
727.98 23.061147
728.00 21.298692
728.02 21.298692
728.04 21.039717
728.06 20.933999
728.08 20.699198
728.10 20.433652
728.12 20.433652
728.14 20.428371
728.16 20.425568
728.18 20.419153
728.20 20.410391
728.22 20.410391
728.24 20.407614
728.26 20.405984
728.28 20.401759
728.30 20.395318
728.32 20.395318
728.34 20.393023
728.36 20.391693
728.38 20.388460
728.40 20.382058
728.42 20.382058
728.44 20.380128
728.46 20.379137
728.48 20.376855
728.50 20.372305
728.52 20.372305
728.54 20.370597
728.56 20.369658
728.58 20.366789
728.60 20.362161
728.62 20.362161
728.64 20.360752
728.66 20.360752
728.68 20.357506
728.70 20.352277
728.72 20.352277
728.74 20.351026
728.76 20.350478
728.78 20.349513
728.80 20.345836
728.82 20.345836
728.84 20.344910
728.86 20.344910
728.88 20.348965
728.90 20.359553
728.92 20.359553
728.94 20.361717
728.96 20.363491
728.98 20.367415
729.00 20.365707
729.02 20.365707
729.04 20.364847
729.06 20.364025
729.08 20.361013
729.10 20.356671
729.12 20.356671
729.14 20.356019
729.16 20.355289
729.18 20.352747
729.20 20.348978
729.22 20.348978
729.24 20.348313
729.26 20.347648
729.28 20.344989
729.30 20.341468
729.32 20.341468
729.34 20.340960
729.36 20.339930
729.38 20.338274
729.40 20.334193
729.42 20.334193
729.44 20.334193
729.46 20.333515
729.48 20.330855
729.50 20.327973
729.52 20.327973
729.54 20.327738
729.56 20.327191
729.58 20.324661
729.60 20.320802
729.62 20.320802
729.64 20.320711
729.66 20.320046
729.68 20.318246
729.70 20.314908
729.72 20.314908
729.74 20.314048
729.76 20.313018
729.78 20.309706
729.80 20.307659
729.82 20.307659
729.84 20.307215
729.86 20.307215
729.88 20.300826
729.90 20.284711
729.92 20.281542
729.94 20.281542
729.96 20.267930
729.98 20.267669
730.00 20.267669
730.02 20.267317
730.04 20.266756
730.06 20.266157
730.08 20.265961
730.10 20.265961
730.12 20.265791
730.14 20.265791
730.16 20.264722
730.18 20.264123
730.20 20.264123
730.22 20.264475
730.24 20.264488
730.26 20.264553
730.28 20.263510
730.30 20.263510
730.32 20.263327
730.34 20.262975
730.36 20.262232
730.38 20.261984
730.40 20.261541
730.42 20.261384
730.44 20.261058
730.46 20.260628
730.48 20.259468
730.50 20.259468
730.52 20.259142
730.54 20.259142
730.56 20.259416
730.58 20.258464
730.60 20.258138
730.62 20.257968
730.64 20.257447
730.66 20.257251
730.68 20.256847
730.70 20.256391
730.72 20.256391
730.74 20.256391
730.76 20.256143
730.78 20.255947
730.80 20.255947
730.82 20.255765
730.84 20.255439
730.86 20.254383
730.88 20.253092
730.90 20.253092
730.92 20.253274
730.94 20.252609
730.96 20.252309
730.98 20.250862
731.00 20.250862
731.02 20.250719
731.04 20.250719
731.06 20.250275
731.08 20.248880
731.10 20.248398
731.12 20.248111
731.14 20.247902
731.16 20.247133
731.18 20.246481
731.20 20.246481
731.22 20.245934
731.24 20.245764
731.26 20.245568
731.28 20.245190
731.30 20.245347
731.32 20.244877
731.34 20.244747
731.36 20.243600
731.38 20.243339
731.40 20.243339
731.42 20.243156
731.44 20.243169
731.46 20.243248
731.48 20.242583
731.50 20.242583
731.52 20.242752
731.54 20.242530
731.56 20.242191
731.58 20.241865
731.60 20.241865
731.62 20.241422
731.64 20.241631
731.66 20.241174
731.68 20.241435
731.70 20.241435
731.72 20.241657
731.74 20.241526
731.76 20.241696
731.78 20.241878
731.80 20.241878
731.82 20.241526
731.84 20.241474
731.86 20.241657
731.88 20.241187
731.90 20.241187
731.92 20.240783
731.94 20.240496
731.96 20.240757
731.98 20.239675
732.00 20.239675
732.02 20.239492
732.04 20.239492
732.06 20.239545
732.08 20.238606
732.10 20.238684
732.12 20.238567
732.14 20.238580
732.16 20.238567
732.18 20.238567
732.20 20.238867
732.22 20.238867
732.24 20.239258
732.26 20.239062
732.28 20.239062
732.30 20.239062
732.32 20.239179
732.34 20.239571
732.36 20.239114
732.38 20.239114
732.40 20.238867
732.42 20.238867
732.44 20.238202
732.46 20.238501
732.48 20.238162
732.50 20.238071
732.52 20.237902
732.54 20.238228
732.56 20.237915
732.58 20.237915
732.60 20.238254
732.62 20.238175
732.64 20.238149
732.66 20.237158
732.68 20.237158
732.70 20.237158
732.72 20.237158
732.74 20.236585
732.76 20.236754
732.78 20.236754
732.80 20.236415
732.82 20.235594
732.84 20.235424
732.86 20.235046
732.88 20.235046
732.90 20.234968
732.92 20.235137
732.94 20.233768
732.96 20.233195
732.98 20.233390
733.00 20.233390
733.02 20.233390
733.04 20.307998
733.06 20.352212
733.08 20.352212
733.10 20.351769
733.12 20.351769
733.14 21.019664
733.16 21.368918
733.18 21.396534
733.20 21.395961
733.22 21.522945
733.24 21.584839
733.26 21.683973
733.28 21.683973
733.30 21.684142
733.32 22.014321
733.34 22.062317
733.36 22.139884
733.38 22.139884
733.40 22.139989
733.42 22.139989
733.44 22.323261
733.46 22.380331
733.48 22.381674
733.50 22.381400
733.52 22.381400
733.54 22.541229
733.56 22.829580
733.58 22.848655
733.60 22.877614
733.62 22.877614
733.64 23.124620
733.66 23.681594
733.68 23.693173
733.70 23.694398
733.72 23.694398
733.74 23.837159
733.76 24.001968
733.78 24.001968
733.80 24.002138
733.82 24.002138
733.84 24.173519
733.86 24.360911
733.88 24.360911
733.90 24.361093
733.92 24.416299
733.94 24.596807
733.96 24.701964
733.98 24.701808
734.00 24.701977
734.02 24.757209
734.04 24.812507
734.06 24.937835
734.08 24.937939
734.10 24.937939
734.12 24.773899
734.14 24.478533
734.16 24.302145
734.18 24.272848
734.20 24.273069
734.22 24.273069
734.24 24.231854
734.26 24.353831
734.28 24.439026
734.30 24.439026
734.32 24.494271
734.34 24.391604
734.36 24.524821
734.38 25.037372
734.40 25.037372
734.42 25.909049
734.44 26.998316
734.46 27.780938
734.48 28.283215
734.50 28.283215
734.52 29.385743
734.54 30.734362
734.56 31.224435
734.58 31.638831
734.60 31.638831
734.62 32.542049
734.64 33.801771
734.66 34.197495
734.68 34.730883
734.70 34.730883
734.72 35.502566
734.74 37.231851
734.76 37.788838
734.78 38.242416
734.80 38.242416
734.82 39.140587
734.84 40.959344
734.86 41.313945
734.88 41.853917
734.90 41.853917
734.92 42.673504
734.94 44.220182
734.96 44.825843
734.98 45.215413
735.00 45.215413
735.02 46.085147
735.04 48.020000
735.06 48.544352
735.08 48.984135
735.10 48.984135
735.12 49.864782
735.14 51.526422
735.16 52.045245
735.18 52.570145
735.20 52.570145
735.22 53.391766
735.24 55.194941
735.26 55.599050
735.28 56.052979
735.30 56.052979
735.32 56.915529
735.34 58.429584
735.36 58.529200
735.38 58.584275
735.40 58.584275
735.42 58.787653
735.44 59.149269
735.46 59.232964
735.48 59.268051
735.50 59.268051
735.52 59.441844
735.54 59.444139
735.56 59.394970
735.58 59.468521
735.60 59.468521
735.62 59.470282
735.64 59.460333
735.66 59.524588
735.68 59.516217
735.70 59.516217
735.72 59.545033
735.74 59.657961
735.76 59.648299
735.78 59.639133
735.80 59.639133
735.82 59.614790
735.84 59.419483
735.86 59.458990
735.88 59.420774
735.90 59.420774
735.92 59.353038
735.94 59.491913
735.96 59.520976
735.98 59.489827
736.00 59.489827
736.02 59.589899
736.04 59.515278
736.06 59.497246
736.08 59.574787
736.10 59.574787
736.12 59.459538
736.14 59.543129
736.16 59.596627
736.18 59.532189
736.20 59.532189
736.22 59.635678
736.24 59.631518
736.26 59.581058
736.28 59.581058
736.30 59.611269
736.32 59.519059
736.34 59.519790
736.36 59.583731
736.38 59.583731
736.40 59.495824
736.42 59.581215
736.44 59.533363
736.46 59.533363
736.48 59.533363
736.50 59.576925
736.52 59.568059
736.54 59.554694
736.56 59.622887
736.58 59.637060
736.60 59.664245
736.62 59.646096
736.64 59.697390
736.66 59.697390
736.68 59.655327
736.70 59.761658
736.72 59.871848
736.74 59.827360
736.76 59.827360
736.78 59.858861
736.80 59.812170
736.82 59.768868
736.84 59.821544
736.86 59.821544
736.88 59.818206
736.90 59.832119
736.92 59.895044
736.94 59.977161
736.96 59.977161
736.98 60.013213
737.00 60.049200
737.02 60.006173
737.04 59.919908
737.06 59.919908
737.08 59.948437
737.10 59.888941
737.12 59.940979
737.14 59.998193
737.16 59.998193
737.18 59.953353
737.20 60.017738
737.22 60.005481
737.24 59.860295
737.26 59.860295
737.28 59.895539
737.30 59.772141
737.32 59.812352
737.34 59.929831
737.36 59.929831
737.38 59.893909
737.40 59.949376
737.42 59.966196
737.44 59.845901
737.46 59.845901
737.48 59.920000
737.50 59.914902
737.52 59.847870
737.54 59.951175
737.56 59.951175
737.58 59.896517
737.60 59.942687
737.62 59.970759
737.64 59.939910
737.66 59.939910
737.68 59.936116
737.70 59.710520
737.72 59.330155
737.74 58.693501
737.76 58.693501
737.78 58.323305
737.80 57.457327
737.82 56.546534
737.84 55.134363
737.86 55.134363
737.88 54.621068
737.90 53.700353
737.92 52.662172
737.94 51.143436
737.96 51.143436
737.98 50.700198
738.00 49.696165
738.02 48.746374
738.04 47.251082
738.06 47.251082
738.08 46.740342
738.10 45.808075
738.12 44.817928
738.14 43.292608
738.16 43.292608
738.18 42.831885
738.20 41.847723
738.22 40.893538
738.24 39.410058
738.26 39.410058
738.28 38.914079
738.30 37.966947
738.32 36.953879
738.34 35.524288
738.36 35.524288
738.38 35.017891
738.40 34.135783
738.42 33.120198
738.44 31.652796
738.46 31.652796
738.48 31.187131
738.50 30.177753
738.52 29.307862
738.54 27.906983
738.56 27.906983
738.58 27.395775
738.60 26.301605
738.62 23.686001
738.64 23.686001
738.66 23.686001
738.68 23.189539
738.70 22.456112
738.72 21.700767
738.74 21.122722
738.76 21.006807
738.78 20.851934
738.80 20.804108
738.82 20.432087
738.84 20.432087
738.86 20.429036
738.88 20.422126
738.90 20.417692
738.92 20.409700
738.94 20.409700
738.96 20.407209
738.98 20.403506
739.00 20.399503
739.02 20.392684
739.04 20.392684
739.06 20.391028
739.08 20.387990
739.10 20.385200
739.12 20.380571
739.14 20.380571
739.16 20.378994
739.18 20.376568
739.20 20.374704
739.22 20.370818
739.24 20.370818
739.26 20.369228
739.28 20.366998
739.30 20.365068
739.32 20.362460
739.34 20.362460
739.36 20.361117
739.38 20.359292
739.40 20.357375
739.42 20.353829
739.44 20.353829
739.46 20.352981
739.48 20.351091
739.50 20.350243
739.52 20.347987
739.54 20.347987
739.56 20.347088
739.58 20.346006
739.60 20.345158
739.62 20.342603
739.64 20.342603
739.66 20.341325
739.68 20.340190
739.70 20.338978
739.72 20.336057
739.74 20.336057
739.76 20.335366
739.78 20.334532
739.80 20.333176
739.82 20.331337
739.84 20.331337
739.86 20.330581
739.88 20.330072
739.90 20.329107
739.92 20.327412
739.94 20.327412
739.96 20.329564
739.98 20.337909
740.00 20.344793
740.02 20.357049
740.04 20.357049
740.06 20.356958
740.08 20.355928
740.10 20.354481
740.12 20.351338
740.14 20.351338
740.16 20.350308
740.18 20.348639
740.20 20.347453
740.22 20.344154
740.24 20.344154
740.26 20.343815
740.28 20.342616
740.30 20.341116
740.32 20.338730
740.34 20.338730
740.36 20.338561
740.38 20.337191
740.40 20.335392
740.42 20.332863
740.44 20.332863
740.46 20.332524
740.48 20.331037
740.50 20.329642
740.52 20.327165
740.54 20.327165
740.56 20.327047
740.58 20.325978
740.60 20.324596
740.62 20.322054
740.64 20.322054
740.66 20.321649
740.68 20.319524
740.70 20.317738
740.72 20.314908
740.74 20.314908
740.76 20.315104
740.78 20.312939
740.80 20.311414
740.82 20.308767
740.84 20.308767
740.86 20.308937
740.88 20.307607
740.90 20.306381
740.92 20.304399
740.94 20.302209
740.96 20.295441
740.98 20.290239
741.00 20.275505
741.02 20.275505
741.04 20.274475
741.06 20.270407
741.08 20.266157
741.10 20.265765
741.12 20.265765
741.14 20.265426
741.16 20.264879
741.18 20.264618
741.20 20.263223
741.22 20.263223
741.24 20.263392
741.26 20.263066
741.28 20.262480
741.30 20.262141
741.32 20.262141
741.34 20.262310
741.36 20.261867
741.38 20.261306
741.40 20.261019
741.42 20.261019
741.44 20.260524
741.46 20.260354
741.48 20.260198
741.50 20.259937
741.52 20.259937
741.54 20.259742
741.56 20.259311
741.58 20.258542
741.60 20.258372
741.62 20.258372
741.64 20.258216
741.66 20.257890
741.68 20.257577
741.70 20.256977
741.72 20.256977
741.74 20.257173
741.76 20.256808
741.78 20.255999
741.80 20.255387
741.82 20.255387
741.84 20.254852
741.86 20.254878
741.88 20.254656
741.90 20.255647
741.92 20.255647
741.94 20.255673
741.96 20.255686
741.98 20.255217
742.00 20.253731
742.02 20.253731
742.04 20.253522
742.06 20.253170
742.08 20.252596
742.10 20.252701
742.12 20.252701
742.14 20.252362
742.16 20.252114
742.18 20.251423
742.20 20.251123
742.22 20.251123
742.24 20.251097
742.26 20.251019
742.28 20.250953
742.30 20.250354
742.32 20.250354
742.34 20.250171
742.36 20.249715
742.38 20.249663
742.40 20.248633
742.42 20.248633
742.44 20.248593
742.46 20.248528
742.48 20.247968
742.50 20.247342
742.52 20.247342
742.54 20.247172
742.56 20.246924
742.58 20.246938
742.60 20.246690
742.62 20.246690
742.64 20.246690
742.66 20.246194
742.68 20.246768
742.70 20.247589
742.72 20.247589
742.74 20.247420
742.76 20.247772
742.78 20.246898
742.80 20.246677
742.82 20.246677
742.84 20.246507
742.86 20.245999
742.88 20.245751
742.90 20.244395
742.92 20.244395
742.94 20.244186
742.96 20.243704
742.98 20.243221
743.00 20.243039
743.02 20.243039
743.04 20.242856
743.06 20.242452
743.08 20.242322
743.10 20.241983
743.12 20.242556
743.14 20.242387
743.16 20.242361
743.18 20.242517
743.20 20.242517
743.22 20.242178
743.24 20.241670
743.26 20.241305
743.28 20.241253
743.30 20.241253
743.32 20.241409
743.34 20.240979
743.36 20.240692
743.38 20.240640
743.40 20.240640
743.42 20.240418
743.44 20.240418
743.46 20.239571
743.48 20.239153
743.50 20.239153
743.52 20.238997
743.54 20.238749
743.56 20.238762
743.58 20.238097
743.60 20.238097
743.62 20.237915
743.64 20.238254
743.66 20.237941
743.68 20.237928
743.70 20.237928
743.72 20.237654
743.74 20.237354
743.76 20.236168
743.78 20.236168
743.80 20.235829
743.82 20.235829
743.84 20.235842
743.86 20.235815
743.88 20.235620
743.90 20.235620
743.92 20.235476
743.94 20.235476
743.96 20.236024
743.98 20.236220
744.00 20.236220
744.02 20.235698
744.04 20.235372
744.06 20.234446
744.08 20.234290
744.10 20.234290
744.12 20.234029
744.14 20.463523
744.16 20.484255
744.18 20.705235
744.20 20.705235
744.22 20.704792
744.24 20.704361
744.26 20.878676
744.28 21.041660
744.30 21.041660
744.32 21.089681
744.34 21.089681
744.36 21.100712
744.38 21.432273
744.40 21.432273
744.42 21.432273
744.44 21.527130
744.46 21.629888
744.48 21.768229
744.50 21.768229
744.52 21.796549
744.54 21.796392
744.56 22.267546
744.58 22.267546
744.60 22.267546
744.62 22.267259
744.64 22.302438
744.66 22.695385
744.68 22.809787
744.70 22.809787
744.72 22.810139
744.74 23.136746
744.76 23.399176
744.78 23.571365
744.80 23.571365
744.82 23.678152
744.84 23.678152
744.86 23.772800
744.88 23.886993
744.90 23.886993
744.92 23.886354
744.94 24.052311
744.96 24.237291
744.98 24.237291
745.00 24.237291
745.02 24.283539
745.04 24.407772
745.06 24.577223
745.08 24.577223
745.10 24.577223
745.12 24.577875
745.14 24.597238
745.16 24.705198
745.18 24.597420
745.20 24.597420
745.22 24.597524
745.24 24.421802
745.26 24.499095
745.28 24.473370
745.30 24.473370
745.32 24.686370
745.34 24.772621
745.36 24.868547
745.38 25.457858
745.40 25.770682
745.42 26.091982
745.44 27.193583
745.46 28.255991
745.48 28.255991
745.50 28.682291
745.52 28.682291
745.54 30.305597
745.56 31.474387
745.58 31.474387
745.60 32.002729
745.62 32.002729
745.64 32.910679
745.66 35.068872
745.68 35.068872
745.70 35.475341
745.72 35.475341
745.74 35.990344
745.76 38.064464
745.78 38.064464
745.80 38.550116
745.82 38.550116
745.84 39.370043
745.86 41.546946
745.88 41.546946
745.90 42.181632
745.92 42.181632
745.94 43.023606
745.96 45.287556
745.98 45.287556
746.00 45.779885
746.02 45.779885
746.04 46.741542
746.06 49.079161
746.08 49.079161
746.10 49.414973
746.12 49.414973
746.14 50.213033
746.16 52.361147
746.18 52.361147
746.20 53.042759
746.22 53.042759
746.24 53.906638
746.26 56.236134
746.28 56.236134
746.30 56.645237
746.32 56.645237
746.34 57.290953
746.36 58.890607
746.38 58.890607
746.40 58.866537
746.42 58.866537
746.44 59.210329
746.46 59.446799
746.48 59.446799
746.50 59.490674
746.52 59.490674
746.54 59.568685
746.56 59.519438
746.58 59.519438
746.60 59.667127
746.62 59.667127
746.64 59.593667
746.66 59.624829
746.68 59.624829
746.70 59.542868
746.72 59.542868
746.74 59.611491
746.76 59.428923
746.78 59.428923
746.80 59.470060
746.82 59.470060
746.84 59.451832
746.86 59.351668
746.88 59.351668
746.90 59.278365
746.92 59.278365
746.94 59.201541
746.96 59.107271
746.98 59.107271
747.00 59.154588
747.02 59.154588
747.04 59.147991
747.06 59.064478
747.08 59.064478
747.10 59.049444
747.12 59.049444
747.14 59.008255
747.16 59.219404
747.18 59.219404
747.20 59.184030
747.22 59.184030
747.24 59.281846
747.26 59.053447
747.28 59.053447
747.30 59.054269
747.32 59.054269
747.34 59.071884
747.36 59.003261
747.38 59.003261
747.40 59.014631
747.42 59.014631
747.44 59.143740
747.46 59.143740
747.48 59.167327
747.50 59.209481
747.52 59.209481
747.54 59.232299
747.56 59.239718
747.58 59.225415
747.60 59.225415
747.62 59.174316
747.64 59.252300
747.66 59.252300
747.68 59.205739
747.70 59.205739
747.72 59.332332
747.74 59.459420
747.76 59.405245
747.78 59.466240
747.80 59.466240
747.82 59.428519
747.84 59.325239
747.86 59.294533
747.88 59.237932
747.90 59.237932
747.92 59.240187
747.94 59.361239
747.96 59.395087
747.98 59.370653
748.00 59.370653
748.02 59.433747
748.04 59.343428
748.06 59.336870
748.08 59.372935
748.10 59.372935
748.12 59.317285
748.14 59.341042
748.16 59.319945
748.18 59.251036
748.20 59.251036
748.22 59.245559
748.24 59.210029
748.26 59.180979
748.28 59.240735
748.30 59.240735
748.32 59.195947
748.34 59.197629
748.36 59.325513
748.38 59.266434
748.40 59.266434
748.42 59.293425
748.44 59.353011
748.46 59.322240
748.48 59.306959
748.50 59.306959
748.52 59.242913
748.54 59.142462
748.56 59.142228
748.58 59.170287
748.60 59.170287
748.62 59.220004
748.64 59.356662
748.66 59.350091
748.68 59.336139
748.70 59.336139
748.72 59.292929
748.74 59.112030
748.76 58.858610
748.78 58.600326
748.80 58.600326
748.82 57.719731
748.84 56.484052
748.86 55.582386
748.88 55.213443
748.90 55.213443
748.92 54.286508
748.94 52.937197
748.96 51.899577
748.98 51.329564
749.00 51.329564
749.02 50.325192
749.04 48.957210
749.06 47.991485
749.08 47.509626
749.10 47.509626
749.12 46.576433
749.14 45.063864
749.16 44.091150
749.18 43.610139
749.20 43.610139
749.22 42.663620
749.24 41.251646
749.26 40.244640
749.28 39.710262
749.30 39.710262
749.32 38.811099
749.34 37.496537
749.36 36.559705
749.38 36.126064
749.40 36.126064
749.42 35.225037
749.44 33.768196
749.46 32.751516
749.48 32.319452
749.50 32.319452
749.52 31.396520
749.54 29.933694
749.56 29.132622
749.58 28.599039
749.60 28.599039
749.62 27.568916
749.64 26.101279
749.66 25.024855
749.68 24.563011
749.70 24.563011
749.72 24.120425
749.74 22.276230
749.76 21.216405
749.78 21.216405
749.80 21.151042
749.82 20.808423
749.84 20.777183
749.86 20.753543
749.88 20.753543
749.90 20.748797
749.92 20.681022
749.94 20.675077
749.96 20.672312
749.98 20.672312
750.00 20.670383
750.02 20.662716
750.04 20.658257
750.06 20.656301
750.08 20.656301
750.10 20.653458
750.12 20.648608
750.14 20.645792
750.16 20.644892
750.18 20.644892
750.20 20.644044
750.22 20.638842
750.24 20.635700
750.26 20.635700
750.28 20.634604
750.30 20.632753
750.32 20.611982
750.34 20.581602
750.36 20.581602
750.38 20.550609
750.40 20.515861
750.42 20.401107
750.44 20.364729
750.46 20.364729
750.48 20.360700
750.50 20.359657
750.52 20.355537
750.54 20.353490
750.56 20.353490
750.58 20.352447
750.60 20.351743
750.62 20.349278
750.64 20.348639
750.66 20.348639
750.68 20.348144
750.70 20.346957
750.72 20.344532
750.74 20.343450
750.76 20.343450
750.78 20.342407
750.80 20.341716
750.82 20.339591
750.84 20.337452
750.86 20.337452
750.88 20.336422
750.90 20.335666
750.92 20.333084
750.94 20.331767
750.96 20.331767
750.98 20.332263
751.00 20.339460
751.02 20.353138
751.04 20.357636
751.06 20.357636
751.08 20.358771
751.10 20.357740
751.12 20.354298
751.14 20.353203
751.16 20.353203
751.18 20.352525
751.20 20.351156
751.22 20.348131
751.24 20.346227
751.26 20.346227
751.28 20.345771
751.30 20.344128
751.32 20.340425
751.34 20.339017
751.36 20.339017
751.38 20.339017
751.40 20.337126
751.42 20.333723
751.44 20.333032
751.46 20.333032
751.48 20.332771
751.50 20.332302
751.52 20.328534
751.54 20.327751
751.56 20.327751
751.58 20.327334
751.60 20.325665
751.62 20.323188
751.64 20.320971
751.66 20.320971
751.68 20.320893
751.70 20.319785
751.72 20.317633
751.74 20.315782
751.76 20.315782
751.78 20.315612
751.80 20.313565
751.82 20.311870
751.84 20.310123
751.86 20.310123
751.88 20.309941
751.90 20.308141
751.92 20.306172
751.94 20.304934
751.96 20.304934
751.98 20.303382
752.00 20.299627
752.02 20.292312
752.04 20.292312
752.06 20.289183
752.08 20.285376
752.10 20.272793
752.12 20.266509
752.14 20.266509
752.16 20.266339
752.18 20.265831
752.20 20.265935
752.22 20.265387
752.24 20.265387
752.26 20.265205
752.28 20.265061
752.30 20.264344
752.32 20.264475
752.34 20.264475
752.36 20.263966
752.38 20.263784
752.40 20.263210
752.42 20.262558
752.44 20.262558
752.46 20.262219
752.48 20.262049
752.50 20.261841
752.52 20.262284
752.54 20.262284
752.56 20.262441
752.58 20.261763
752.60 20.261228
752.62 20.260341
752.64 20.260341
752.66 20.260015
752.68 20.260315
752.70 20.259559
752.72 20.259624
752.74 20.259624
752.76 20.259455
752.78 20.259298
752.80 20.258060
752.82 20.257981
752.84 20.257981
752.86 20.257786
752.88 20.257877
752.90 20.256599
752.92 20.255804
752.94 20.255804
752.96 20.255282
752.98 20.255008
753.00 20.253900
753.02 20.253848
753.04 20.253848
753.06 20.254057
753.08 20.253705
753.10 20.252570
753.12 20.251931
753.14 20.251931
753.16 20.251918
753.18 20.251345
753.20 20.250706
753.22 20.250536
753.24 20.250536
753.26 20.250197
753.28 20.250028
753.30 20.249141
753.32 20.249115
753.34 20.249115
753.36 20.249115
753.38 20.248945
753.40 20.248659
753.42 20.247485
753.44 20.247485
753.46 20.247146
753.48 20.246273
753.50 20.247263
753.52 20.246781
753.54 20.246781
753.56 20.246911
753.58 20.246781
753.60 20.246442
753.62 20.246259
753.64 20.246259
753.66 20.245973
753.68 20.245894
753.70 20.245242
753.72 20.244890
753.74 20.244890
753.76 20.244838
753.78 20.244147
753.80 20.243769
753.82 20.243756
753.84 20.243756
753.86 20.243313
753.88 20.243873
753.90 20.244069
753.92 20.242869
753.94 20.242869
753.96 20.242817
753.98 20.242491
754.00 20.241644
754.02 20.241983
754.04 20.241983
754.06 20.241644
754.08 20.241122
754.10 20.240861
754.12 20.240666
754.14 20.240666
754.16 20.240601
754.18 20.240940
754.20 20.241266
754.22 20.241266
754.24 20.241266
754.26 20.241292
754.28 20.241813
754.30 20.241970
754.32 20.241970
754.34 20.241709
754.36 20.242139
754.38 20.241500
754.40 20.241826
754.42 20.241826
754.44 20.241996
754.46 20.241905
754.48 20.241370
754.50 20.240731
754.52 20.240731
754.54 20.240731
754.56 20.240875
754.58 20.240835
754.60 20.241370
754.62 20.241370
754.64 20.241644
754.66 20.241383
754.68 20.241331
754.70 20.240444
754.72 20.240105
754.74 20.240105
754.76 20.240392
754.78 20.240053
754.80 20.240066
754.82 20.240066
754.84 20.239779
754.86 20.400951
754.88 20.406962
754.90 20.407496
754.92 20.407496
754.94 20.407470
754.96 20.615581
754.98 20.645661
755.00 20.871492
755.02 20.872000
755.04 20.872000
755.06 20.958095
755.08 20.987654
755.10 21.108783
755.12 21.108783
755.14 21.108444
755.16 21.155527
755.18 21.153063
755.20 21.200667
755.22 21.200667
755.24 21.200667
755.26 21.268168
755.28 21.267777
755.30 21.324835
755.32 21.324835
755.34 21.387890
755.36 21.399507
755.38 21.703074
755.40 21.770276
755.42 21.783654
755.44 21.783654
755.46 21.846957
755.48 22.205912
755.50 22.252760
755.52 22.252760
755.54 22.269698
755.56 22.269698
755.58 22.666726
755.60 22.723823
755.62 22.723823
755.64 22.722806
755.66 22.780150
755.68 23.339563
755.70 23.422619
755.72 23.422619
755.74 23.422619
755.76 23.681933
755.78 23.903943
755.80 23.947493
755.82 23.947493
755.84 23.947323
755.86 23.947323
755.88 24.126657
755.90 24.184471
755.92 24.184471
755.94 24.184641
755.96 24.184641
755.98 24.161849
756.00 24.059560
756.02 24.059560
756.04 24.066041
756.06 24.066041
756.08 24.291662
756.10 24.523973
756.12 24.523973
756.14 24.549711
756.16 24.549203
756.18 24.778019
756.20 24.831048
756.22 24.831048
756.24 24.830696
756.26 24.943507
756.28 25.126518
756.30 25.126218
756.32 25.126218
756.34 25.127535
756.36 25.121902
756.38 25.124601
756.40 25.184123
756.42 25.183314
756.44 25.183314
756.46 24.941381
756.48 24.990133
756.50 24.990133
756.52 24.959961
756.54 24.959961
756.56 24.985517
756.58 25.031700
756.60 25.031700
756.62 25.032183
756.64 25.032183
756.66 24.749256
756.68 24.766532
756.70 24.766532
756.72 24.765659
756.74 24.765659
756.76 24.741589
756.78 24.519501
756.80 24.519501
756.82 24.519331
756.84 24.519331
756.86 24.516724
756.88 24.571225
756.90 24.571225
756.92 24.570482
756.94 24.569530
756.96 24.569309
756.98 24.627579
757.00 24.627579
757.02 24.627761
757.04 24.627657
757.06 24.598463
757.08 24.369021
757.10 24.369021
757.12 24.336516
757.14 24.336750
757.16 24.321208
757.18 24.279536
757.20 24.279536
757.22 24.278650
757.24 24.278402
757.26 24.277581
757.28 24.281779
757.30 24.281779
757.32 24.596207
757.34 24.596207
757.36 25.519687
757.38 26.344190
757.40 26.344190
757.42 26.827261
757.44 26.827261
757.46 28.280686
757.48 29.504877
757.50 29.504877
757.52 29.955625
757.54 29.955625
757.56 31.773287
757.58 32.985235
757.60 32.985235
757.62 33.459113
757.64 33.459113
757.66 34.886487
757.68 35.692683
757.70 36.039461
757.72 36.391245
757.74 36.391245
757.76 37.638085
757.78 38.375450
757.80 38.669538
757.82 39.211296
757.84 39.211296
757.86 40.910149
757.88 41.723621
757.90 42.265770
757.92 42.747538
757.94 42.747538
757.96 44.539408
757.98 45.485549
758.00 45.916544
758.02 46.419121
758.04 46.419121
758.06 48.151730
758.08 48.930063
758.10 49.385610
758.12 49.917028
758.14 49.917028
758.16 51.700919
758.18 52.621152
758.20 52.968894
758.22 53.465878
758.24 53.465878
758.26 55.126762
758.28 55.833903
758.30 56.262955
758.32 56.474417
758.34 56.474417
758.36 57.339339
758.38 57.609097
758.40 57.751728
758.42 57.769695
758.44 57.769695
758.46 58.008199
758.48 57.990792
758.50 57.990792
758.52 58.038123
758.54 58.038123
758.56 58.129029
758.58 58.176294
758.60 58.170257
758.62 58.170257
758.64 58.345393
758.66 58.384796
758.68 58.596062
758.70 58.677932
758.72 58.677932
758.74 59.083619
758.76 59.259407
758.78 59.284532
758.80 59.345436
758.82 59.345436
758.84 59.323218
758.86 59.377472
758.88 59.410212
758.90 59.352307
758.92 59.352307
758.94 59.423081
758.96 59.434764
758.98 59.374486
759.00 59.373678
759.02 59.373678
759.04 59.330494
759.06 59.373065
759.08 59.367093
759.10 59.373026
759.12 59.373026
759.14 59.473554
759.16 59.445547
759.18 59.532828
759.20 59.507520
759.22 59.507520
759.24 59.481117
759.26 59.524223
759.28 59.452784
759.30 59.458208
759.32 59.458208
759.34 59.362321
759.36 59.378867
759.38 59.376794
759.40 59.317989
759.42 59.317989
759.44 59.500636
759.46 59.492161
759.48 59.426784
759.50 59.444856
759.52 59.444856
759.54 59.298770
759.56 59.314821
759.58 59.329803
759.60 59.367928
759.62 59.367928
759.64 59.434321
759.66 59.479552
759.68 59.452771
759.70 59.473280
759.72 59.473280
759.74 59.421465
759.76 59.380288
759.78 59.394488
759.80 59.357301
759.82 59.357301
759.84 59.416340
759.86 59.506790
759.88 59.551539
759.90 59.542790
759.92 59.542790
759.94 59.603524
759.96 59.574383
759.98 59.592793
760.00 59.601151
760.02 59.601151
760.04 59.468782
760.06 59.518812
760.08 59.493686
760.10 59.469460
760.12 59.469460
760.14 59.529438
760.16 59.460242
760.18 59.428936
760.20 59.425285
760.22 59.425285
760.24 59.355215
760.26 59.424855
760.28 59.510558
760.30 59.499032
760.32 59.499032
760.34 59.619392
760.36 59.737849
760.38 59.724941
760.40 59.780303
760.42 59.780303
760.44 59.714392
760.46 59.739935
760.48 59.841050
760.50 59.846240
760.52 59.846240
760.54 59.858731
760.56 59.912489
760.58 59.877102
760.60 59.935477
760.62 59.935477
760.64 59.952388
760.66 59.824322
760.68 59.827607
760.70 59.756833
760.72 59.756833
760.74 59.488262
760.76 58.917532
760.78 58.252805
760.80 58.252805
760.82 57.511242
760.84 55.841557
760.86 55.841557
760.88 55.268114
760.90 55.268114
760.92 54.218981
760.94 52.411881
760.96 51.422360
760.98 50.959512
761.00 50.959512
761.02 50.045655
761.04 48.597159
761.06 47.737712
761.08 47.321582
761.10 47.321582
761.12 46.329440
761.14 44.889693
761.16 43.817207
761.18 43.216344
761.20 43.216344
761.22 42.284768
761.24 40.798185
761.26 39.914917
761.28 39.582717
761.30 39.582717
761.32 38.614489
761.34 37.094527
761.36 36.054794
761.38 35.394006
761.40 35.394006
761.42 34.325979
761.44 32.878826
761.46 31.921537
761.48 31.454308
761.50 31.454308
761.52 30.438618
761.54 29.062278
761.56 28.078912
761.58 27.560545
761.60 27.560545
761.62 26.629216
761.64 25.019418
761.66 24.129083
761.68 23.631617
761.70 23.631617
761.72 22.782223
761.74 21.639511
761.76 20.918209
761.78 20.738836
761.80 20.738836
761.82 20.602268
761.84 20.477149
761.86 20.430314
761.88 20.426467
761.90 20.426467
761.92 20.421343
761.94 20.412503
761.96 20.407209
761.98 20.404510
762.00 20.404510
762.02 20.400455
762.04 20.395201
762.06 20.391732
762.08 20.389620
762.10 20.389620
762.12 20.386074
762.14 20.381249
762.16 20.378302
762.18 20.376477
762.20 20.376477
762.22 20.374143
762.24 20.369723
762.26 20.367389
762.28 20.365824
762.30 20.365824
762.32 20.363816
762.34 20.361326
762.36 20.360022
762.38 20.359070
762.40 20.359070
762.42 20.357597
762.44 20.354324
762.46 20.352825
762.48 20.351351
762.50 20.351351
762.52 20.349748
762.54 20.347753
762.56 20.346188
762.58 20.345275
762.60 20.345275
762.62 20.352082
762.64 20.359305
762.66 20.366907
762.68 20.368823
762.70 20.368823
762.72 20.369619
762.74 20.367806
762.76 20.365146
762.78 20.363777
762.80 20.363777
762.82 20.362069
762.84 20.358953
762.86 20.356463
762.88 20.355732
762.90 20.355732
762.92 20.352681
762.94 20.350921
762.96 20.349396
762.98 20.349396
763.00 20.348496
763.02 20.347531
763.04 20.346032
763.06 20.345693
763.08 20.345693
763.10 20.344715
763.12 20.342720
763.14 20.341194
763.16 20.340921
763.18 20.340921
763.20 20.338939
763.22 20.336461
763.24 20.334688
763.26 20.334688
763.28 20.334140
763.30 20.331533
763.32 20.330372
763.34 20.329173
763.36 20.329173
763.38 20.328768
763.40 20.327308
763.42 20.325313
763.44 20.323957
763.46 20.323957
763.48 20.323957
763.50 20.321323
763.52 20.319785
763.54 20.317699
763.56 20.317699
763.58 20.317203
763.60 20.316134
763.62 20.309341
763.64 20.300983
763.66 20.300983
763.68 20.297906
763.70 20.288974
763.72 20.279326
763.74 20.276548
763.76 20.276548
763.78 20.276066
763.80 20.275010
763.82 20.273706
763.84 20.273510
763.86 20.273510
763.88 20.273510
763.90 20.273210
763.92 20.272493
763.94 20.272063
763.96 20.272063
763.98 20.271711
764.00 20.271385
764.02 20.269820
764.04 20.268908
764.06 20.268908
764.08 20.268921
764.10 20.268191
764.12 20.266978
764.14 20.266639
764.16 20.266639
764.18 20.266795
764.20 20.265844
764.22 20.264918
764.24 20.263979
764.26 20.263979
764.28 20.263992
764.30 20.263679
764.32 20.263940
764.34 20.275636
764.36 20.275636
764.38 20.302274
764.40 20.364325
764.42 20.460525
764.44 20.514296
764.46 20.514296
764.48 20.520346
764.50 20.520450
764.52 20.520255
764.54 20.519812
764.56 20.519812
764.58 20.519486
764.60 20.519551
764.62 20.520620
764.64 20.520333
764.66 20.520333
764.68 20.519981
764.70 20.518416
764.72 20.517230
764.74 20.517399
764.76 20.517399
764.78 20.516591
764.80 20.516213
764.82 20.516539
764.84 20.515131
764.86 20.515131
764.88 20.515574
764.90 20.515222
764.92 20.514531
764.94 20.514035
764.96 20.514035
764.98 20.513097
765.00 20.511936
765.02 20.510606
765.04 20.510437
765.06 20.510437
765.08 20.510267
765.10 20.510437
765.12 20.509537
765.14 20.510137
765.16 20.510137
765.18 20.510137
765.20 20.509446
765.22 20.510893
765.24 20.510893
765.26 20.510971
765.28 20.510763
765.30 20.511897
765.32 20.510385
765.34 20.510385
765.36 20.495221
765.38 20.449337
765.40 20.358744
765.42 20.293799
765.44 20.293799
765.46 20.275427
765.48 20.257642
765.50 20.248307
765.52 20.245947
765.54 20.245947
765.56 20.245816
765.58 20.245112
765.60 20.244278
765.62 20.243756
765.64 20.243756
765.66 20.243521
765.68 20.243352
765.70 20.242687
765.72 20.242817
765.74 20.242817
765.76 20.242961
765.78 20.243130
765.80 20.243560
765.82 20.242739
765.84 20.242739
765.86 20.242765
765.88 20.242661
765.90 20.242152
765.92 20.242478
765.94 20.242478
765.96 20.242244
765.98 20.242048
766.00 20.242270
766.02 20.242244
766.04 20.242244
766.06 20.242126
766.08 20.241696
766.10 20.241683
766.12 20.240666
766.14 20.240666
766.16 20.240223
766.18 20.240079
766.20 20.239140
766.22 20.238710
766.24 20.238710
766.26 20.238384
766.28 20.237836
766.30 20.237484
766.32 20.237484
766.34 20.236950
766.36 20.236950
766.38 20.237093
766.40 20.236324
766.42 20.236168
766.44 20.236285
766.46 20.236285
766.48 20.236546
766.50 20.236363
766.52 20.236767
766.54 20.236767
766.56 20.236846
766.58 20.236872
766.60 20.237132
766.62 20.236611
766.64 20.236611
766.66 20.236715
766.68 20.378263
766.70 20.377468
766.72 20.606232
766.74 20.606232
766.76 20.606493
766.78 20.879289
766.80 20.879211
766.82 21.004460
766.84 21.004460
766.86 21.054164
766.88 21.054164
766.90 21.072483
766.92 21.364720
766.94 21.364720
766.96 21.364655
766.98 21.420187
767.00 21.430578
767.02 21.605714
767.04 21.605714
767.06 21.605493
767.08 21.671990
767.10 21.706712
767.12 21.818076
767.14 21.818076
767.16 21.818063
767.18 21.864402
767.20 22.162089
767.22 22.311369
767.24 22.311369
767.26 22.311369
767.28 22.379601
767.30 22.439083
767.32 22.530133
767.34 22.530133
767.36 22.530394
767.38 22.587972
767.40 22.705869
767.42 22.761244
767.44 22.761127
767.46 22.791103
767.48 22.948467
767.50 23.036726
767.52 23.036726
767.54 23.066258
767.56 23.443560
767.58 23.787338
767.60 23.943320
767.62 23.943320
767.64 23.946463
767.66 24.036938
767.68 24.149488
767.70 24.182242
767.72 24.182242
767.74 24.182333
767.76 23.961170
767.78 24.074868
767.80 23.936644
767.82 23.936305
767.84 23.936305
767.86 23.984588
767.88 24.068740
767.90 24.068740
767.92 24.068740
767.94 24.068740
767.96 24.137636
767.98 24.229898
768.00 24.039520
768.02 24.039520
768.04 24.039350
768.06 24.085338
768.08 24.171837
768.10 24.207172
768.12 24.207172
768.14 24.253798
768.16 24.312003
768.18 24.509761
768.20 24.496253
768.22 24.496253
768.24 24.981736
768.26 25.477298
768.28 26.075332
768.30 27.090695
768.32 27.090695
768.34 27.372879
768.36 28.232612
768.38 29.022510
768.40 30.250274
768.42 30.250274
768.44 30.828828
768.46 31.719919
768.48 32.575089
768.50 33.943736
768.52 33.943736
768.54 34.431058
768.56 35.088952
768.58 35.291378
768.60 36.614194
768.62 36.947803
768.64 37.398877
768.66 38.152384
768.68 38.489617
768.70 40.398080
768.72 40.398080
768.74 40.797703
768.76 41.713764
768.78 43.097379
768.80 43.877837
768.82 43.877837
768.84 44.414928
768.86 45.191187
768.88 45.546049
768.90 47.126718
768.92 47.126718
768.94 47.671736
768.96 48.340101
768.98 48.801254
769.00 50.217375
769.02 50.638512
769.04 51.183804
769.06 52.200354
769.08 52.643644
769.10 53.836268
769.12 54.244915
769.14 54.626336
769.16 55.416547
769.18 55.807239
769.20 57.255657
769.22 57.255657
769.24 57.317265
769.26 57.847275
769.28 58.039492
769.30 58.546476
769.32 58.658140
769.34 58.772659
769.36 58.725641
769.38 58.784824
769.40 58.961550
769.42 59.051244
769.44 59.056837
769.46 59.157066
769.48 59.209403
769.50 59.049418
769.52 59.049418
769.54 59.017147
769.56 58.957847
769.58 58.946712
769.60 58.909969
769.62 59.014253
769.64 59.014253
769.66 59.014253
769.68 59.080529
769.70 59.022219
769.72 59.002414
769.74 59.022428
769.76 59.020433
769.78 58.971434
769.80 58.944443
769.82 58.956322
769.84 58.925759
769.86 58.922226
769.88 59.133726
769.90 59.114481
769.92 59.126060
769.94 59.152880
769.96 59.162998
769.98 59.095888
770.00 59.066460
770.02 59.087400
770.04 59.132892
770.06 59.087465
770.08 59.086318
770.10 59.114833
770.12 59.101417
770.14 59.036718
770.16 59.075052
770.18 59.188111
770.20 59.186155
770.22 59.139398
770.24 59.179910
770.26 59.213562
770.28 59.040278
770.30 59.057007
770.32 59.117924
770.34 59.078286
770.36 59.155397
770.38 59.185281
770.40 59.170548
770.42 59.070606
770.44 59.088313
770.46 59.094024
770.48 59.064765
770.50 59.031373
770.52 59.101586
770.54 59.115968
770.56 59.039913
770.58 59.171148
770.60 59.215962
770.62 59.219143
770.64 59.201463
770.66 59.180561
770.68 59.110909
770.70 59.087400
770.72 59.167092
770.74 59.166701
770.76 59.233655
770.78 59.257607
770.80 59.355111
770.82 59.315773
770.84 59.301313
770.86 59.353989
770.88 59.349243
770.90 59.424437
770.92 59.442353
770.94 59.496150
770.96 59.630227
770.98 59.604750
771.00 59.582154
771.02 59.568267
771.04 59.539439
771.06 59.534184
771.08 59.676150
771.10 59.759415
771.12 59.711067
771.14 59.747067
771.16 59.818806
771.18 59.786314
771.20 59.761997
771.22 59.842732
771.24 59.843593
771.26 59.759337
771.28 59.838182
771.30 59.897860
771.32 59.856840
771.34 59.928827
771.36 59.887638
771.38 59.900937
771.40 59.870127
771.42 60.012001
771.44 60.017399
771.46 60.001609
771.48 59.975714
771.50 60.017242
771.52 59.979013
771.54 59.954383
771.56 59.950406
771.58 59.920130
771.60 59.804020
771.62 59.588060
771.64 59.373912
771.66 58.849665
771.68 57.727749
771.70 57.385509
771.72 56.880977
771.74 55.918042
771.76 55.432780
771.78 53.963161
771.80 53.312960
771.82 52.826851
771.84 52.826851
771.86 51.437837
771.88 50.432148
771.90 50.122088
771.92 49.252028
771.94 48.488468
771.96 46.779015
771.98 46.414153
772.00 45.854805
772.02 45.361225
772.04 44.833105
772.06 42.942545
772.08 42.365112
772.10 41.918367
772.12 41.451073
772.14 40.479246
772.16 38.962857
772.18 38.450214
772.20 37.941287
772.22 37.485402
772.24 36.540786
772.26 35.119410
772.28 34.535381
772.30 34.031708
772.32 33.496561
772.34 32.604100
772.36 31.103006
772.38 30.610951
772.40 30.129223
772.42 29.677888
772.44 29.205013
772.46 27.130137
772.48 26.741362
772.50 26.129612
772.52 25.639395
772.54 25.127626
772.56 23.431160
772.58 22.875698
772.60 22.539077
772.62 22.143744
772.64 21.717730
772.66 20.634565
772.68 20.540282
772.70 20.486485
772.72 20.486485
772.74 20.458712
772.76 20.425516
772.78 20.422751
772.80 20.419609
772.82 20.417184
772.84 20.415398
772.86 20.406310
772.88 20.402828
772.90 20.400833
772.92 20.398695
772.94 20.396987
772.96 20.390468
772.98 20.388825
773.00 20.386008
773.02 20.384535
773.04 20.382618
773.06 20.377325
773.08 20.375434
773.10 20.374208
773.12 20.373413
773.14 20.372057
773.16 20.367324
773.18 20.365707
773.20 20.364468
773.22 20.364468
773.24 20.362200
773.26 20.358158
773.28 20.357141
773.30 20.355993
773.32 20.355459
773.34 20.354259
773.36 20.350361
773.38 20.349174
773.40 20.348144
773.42 20.348144
773.44 20.346944
773.46 20.343828
773.48 20.342629
773.50 20.343111
773.52 20.344976
773.54 20.347362
773.56 20.360752
773.58 20.365342
773.60 20.366542
773.62 20.367220
773.64 20.368054
773.66 20.363803
773.68 20.362265
773.70 20.361613
773.72 20.360609
773.74 20.359305
773.76 20.355563
773.78 20.354494
773.80 20.354103
773.82 20.353594
773.84 20.351508
773.86 20.348770
773.88 20.347427
773.90 20.346788
773.92 20.344976
773.94 20.342994
773.96 20.340803
773.98 20.340256
774.00 20.340190
774.02 20.338847
774.04 20.338847
774.06 20.336227
774.08 20.335875
774.10 20.335366
774.12 20.334871
774.14 20.331846
774.16 20.331233
774.18 20.331128
774.20 20.330620
774.22 20.329303
774.24 20.327230
774.26 20.326630
774.28 20.325887
774.30 20.325326
774.32 20.324700
774.34 20.321728
774.36 20.321128
774.38 20.321128
774.40 20.320098
774.42 20.319224
774.44 20.316590
774.46 20.315573
774.48 20.315665
774.50 20.315665
774.52 20.313370
774.54 20.298466
774.56 20.293029
774.58 20.289118
774.60 20.285141
774.62 20.279756
774.64 20.272415
774.66 20.271894
774.68 20.271555
774.70 20.271346
774.72 20.271046
774.74 20.270107
774.76 20.269938
774.78 20.269612
774.80 20.269103
774.82 20.268543
774.84 20.268673
774.86 20.268230
774.88 20.267708
774.90 20.267708
774.92 20.267226
774.94 20.266678
774.96 20.266678
774.98 20.265883
775.00 20.265505
775.02 20.265100
775.04 20.262897
775.06 20.262727
775.08 20.262401
775.10 20.262271
775.12 20.261723
775.14 20.260915
775.16 20.260380
775.18 20.260002
775.20 20.259507
775.22 20.258646
775.24 20.256990
775.26 20.256560
775.28 20.256560
775.30 20.256338
775.32 20.255791
775.34 20.255113
775.36 20.255048
775.38 20.255048
775.40 20.254383
775.42 20.253991
775.44 20.252701
775.46 20.252062
775.48 20.252062
775.50 20.251788
775.52 20.251671
775.54 20.251358
775.56 20.251175
775.58 20.251175
775.60 20.250680
775.62 20.250328
775.64 20.250197
775.66 20.249676
775.68 20.249676
775.70 20.249519
775.72 20.249363
775.74 20.249232
775.76 20.249232
775.78 20.249232
775.80 20.249258
775.82 20.249076
775.84 20.249024
775.86 20.248815
775.88 20.248815
775.90 20.248372
775.92 20.248359
775.94 20.247133
775.96 20.247133
775.98 20.246951
776.00 20.246286
776.02 20.246286
776.04 20.246246
776.06 20.246077
776.08 20.246077
776.10 20.245999
776.12 20.245334
776.14 20.244930
776.16 20.244721
776.18 20.244721
776.20 20.245099
776.22 20.244943
776.24 20.244825
776.26 20.244825
776.28 20.244838
776.30 20.245542
776.32 20.246155
776.34 20.246155
776.36 20.246168
776.38 20.245842
776.40 20.245647
776.42 20.245477
776.44 20.245451
776.46 20.245451
776.48 20.245438
776.50 20.245269
776.52 20.244499
776.54 20.244734
776.56 20.244734
776.58 20.244812
776.60 20.244604
776.62 20.245138
776.64 20.245308
776.66 20.245308
776.68 20.245086
776.70 20.244812
776.72 20.243613
776.74 20.243613
776.76 20.243613
776.78 20.243195
776.80 20.242491
776.82 20.241918
776.84 20.242296
776.86 20.242296
776.88 20.242856
776.90 20.242882
776.92 20.242556
776.94 20.242217
776.96 20.242217
776.98 20.241787
777.00 20.242126
777.02 20.241266
777.04 20.241566
777.06 20.241566
777.08 20.241044
777.10 20.241214
777.12 20.240340
777.14 20.240731
777.16 20.239284
777.18 20.239284
777.20 20.239323
777.22 20.239401
777.24 20.238840
777.26 20.238840
777.28 20.237980
777.30 20.237771
777.32 20.237145
777.34 20.237145
777.36 20.237132
777.38 20.237080
777.40 20.236546
777.42 20.235776
777.44 20.235463
777.46 20.235463
777.48 20.235098
777.50 20.235255
777.52 20.235320
777.54 20.264644
777.56 20.264644
777.58 20.272715
777.60 20.272715
777.62 20.290995
777.64 20.644553
777.66 20.644722
777.68 20.644722
777.70 20.751223
777.72 21.097492
777.74 21.097492
777.76 21.197133
777.78 21.517195
777.80 21.517195
777.82 21.517364
777.84 21.565620
777.86 21.565620
777.88 21.565112
777.90 21.622717
777.92 21.689514
777.94 21.796940
777.96 21.854545
777.98 21.854545
778.00 21.911629
778.02 22.253191
778.04 22.309739
778.06 22.309739
778.08 22.309818
778.10 22.367631
778.12 22.414506
778.14 22.542650
778.16 22.542572
778.18 22.542572
778.20 22.588116
778.22 22.713822
778.24 22.756759
778.26 22.756759
778.28 22.757019
778.30 22.814116
778.32 22.963970
778.34 23.037573
778.36 23.037573
778.38 23.107513
778.40 23.107304
778.42 23.556749
778.44 23.598160
778.46 23.655556
778.48 23.655556
778.50 23.776894
778.52 23.907294
778.54 23.907294
778.56 24.302732
778.58 24.380313
778.60 24.461139
778.62 24.537833
778.64 24.243237
778.66 24.243667
778.68 24.325941
778.70 24.145981
778.72 24.188409
778.74 24.156438
778.76 24.156151
778.78 23.972266
778.80 23.983336
778.82 24.054410
778.84 24.050290
778.86 24.262403
778.88 24.334625
778.90 24.821047
778.92 24.892656
778.94 25.090309
778.96 25.471261
778.98 26.128099
779.00 26.880263
779.02 27.382332
779.04 27.742422
779.06 28.191071
779.08 28.911825
779.10 29.952783
779.12 30.718820
779.14 31.116944
779.16 31.599559
779.18 32.525803
779.20 33.497056
779.22 34.334923
779.24 34.788514
779.26 35.271572
779.28 36.269372
779.30 37.062387
779.32 37.899120
779.34 38.222336
779.36 38.718355
779.38 39.534878
779.40 40.364648
779.42 41.152877
779.44 41.702355
779.46 42.230957
779.48 43.126338
779.50 44.006738
779.52 44.707816
779.54 45.160990
779.56 45.511653
779.58 46.035939
779.60 46.577150
779.62 47.418042
779.64 47.755849
779.66 48.205645
779.68 49.198374
779.70 50.321698
779.72 51.167532
779.74 51.658700
779.76 52.193052
779.78 52.925254
779.80 53.859099
779.82 54.759044
779.84 55.105417
779.86 55.387040
779.88 56.157198
779.90 56.817973
779.92 57.515844
779.94 57.836923
779.96 57.953945
779.98 58.276184
780.00 58.457135
780.02 58.457135
780.04 58.531573
780.06 58.568446
780.08 58.719291
780.10 58.772867
780.12 58.850382
780.14 58.854737
780.16 58.932083
780.18 58.937416
780.20 58.907140
780.22 58.909956
780.24 58.918223
780.26 58.923595
780.28 59.004409
780.30 59.167392
780.32 59.294063
780.34 59.244386
780.36 59.369584
780.38 59.453331
780.40 59.443018
780.42 59.366102
780.44 59.343741
780.46 59.291430
780.48 59.239053
780.50 59.306528
780.52 59.417866
780.54 59.391893
780.56 59.454218
780.58 59.503035
780.60 59.429979
780.62 59.429979
780.64 59.470073
780.66 59.526244
780.68 59.453905
780.70 59.415988
780.72 59.594853
780.74 59.573457
780.76 59.610552
780.78 59.645978
780.80 59.640215
780.82 59.590564
780.84 59.609913
780.86 59.666358
780.88 59.604893
780.90 59.518316
780.92 59.586743
780.94 59.579220
780.96 59.502983
780.98 59.539269
781.00 59.575243
781.02 59.504287
781.04 59.421960
781.06 59.446017
781.08 59.433721
781.10 59.415376
781.12 59.405896
781.14 59.436537
781.16 59.355059
781.18 59.281911
781.20 59.157379
781.22 59.241022
781.24 59.170352
781.26 59.191136
781.28 59.276357
781.30 59.365620
781.32 59.331393
781.34 59.363899
781.36 59.361187
781.38 59.290465
781.40 59.214149
781.42 59.259224
781.44 59.252522
781.46 59.142280
781.48 59.177628
781.50 59.234724
781.52 59.196664
781.54 59.224502
781.56 59.341550
781.58 59.346101
781.60 59.313556
781.62 59.371448
781.64 59.356441
781.66 59.343076
781.68 59.361917
781.70 59.410095
781.72 59.373730
781.74 59.407735
781.76 59.448676
781.78 59.484481
781.80 59.421034
781.82 59.364981
781.84 59.367980
781.86 59.354094
781.88 59.388698
781.90 59.456565
781.92 59.444322
781.94 59.420448
781.96 59.453553
781.98 59.467739
782.00 59.557576
782.02 59.591281
782.04 59.679031
782.06 59.763522
782.08 59.732555
782.10 59.727066
782.12 59.774931
782.14 59.689788
782.16 59.627137
782.18 59.700989
782.20 59.770485
782.22 59.664480
782.24 59.681822
782.26 59.711406
782.28 59.640802
782.30 59.277230
782.32 59.203484
782.34 58.855167
782.36 58.081281
782.38 57.635605
782.40 56.314614
782.42 55.812376
782.44 55.294948
782.46 54.383973
782.48 53.886050
782.50 52.529099
782.52 52.047332
782.54 51.522980
782.56 50.485959
782.58 50.010098
782.60 48.606325
782.62 48.184588
782.64 47.726447
782.66 46.786838
782.68 46.275226
782.70 44.755108
782.72 44.264135
782.74 43.731960
782.76 42.820124
782.78 41.781161
782.80 40.769461
782.82 40.248643
782.84 39.803032
782.86 38.794214
782.88 38.353793
782.90 36.471577
782.92 36.074939
782.94 35.363469
782.96 34.972986
782.98 33.930398
783.00 33.373997
783.02 32.829644
783.04 31.882003
783.06 31.419885
783.08 29.975861
783.10 29.557358
783.12 29.077586
783.14 28.045063
783.16 27.521064
783.18 26.033243
783.20 25.500090
783.22 25.063293
783.24 24.072873
783.26 23.637758
783.28 22.282384
783.30 21.986575
783.32 21.691952
783.34 21.158682
783.36 20.905053
783.38 20.612413
783.40 20.471399
783.42 20.454866
783.44 20.439467
783.46 20.433613
783.48 20.425177
783.50 20.421356
783.52 20.419296
783.54 20.415372
783.56 20.412985
783.58 20.408070
783.60 20.405710
783.62 20.403911
783.64 20.399777
783.66 20.397691
783.68 20.392945
783.70 20.390637
783.72 20.389086
783.74 20.386804
783.76 20.384757
783.78 20.380832
783.80 20.379293
783.82 20.377364
783.84 20.375147
783.86 20.374573
783.88 20.371209
783.90 20.370388
783.92 20.368941
783.94 20.366685
783.96 20.365811
783.98 20.362343
784.00 20.361144
784.02 20.360818
784.04 20.359031
784.06 20.357858
784.08 20.354559
784.10 20.353294
784.12 20.351677
784.14 20.350061
784.16 20.349578
784.18 20.346801
784.20 20.346006
784.22 20.345262
784.24 20.344650
784.26 20.343919
784.28 20.341833
784.30 20.340999
784.32 20.340894
784.34 20.343059
784.36 20.345784
784.38 20.355511
784.40 20.359136
784.42 20.361378
784.44 20.364534
784.46 20.364964
784.48 20.363321
784.50 20.362330
784.52 20.361952
784.54 20.360778
784.56 20.359918
784.58 20.356606
784.60 20.355915
784.62 20.355094
784.64 20.353555
784.66 20.352616
784.68 20.350269
784.70 20.349396
784.72 20.348874
784.74 20.347088
784.76 20.346449
784.78 20.344663
784.80 20.343176
784.82 20.342720
784.84 20.340803
784.86 20.339564
784.88 20.336852
784.90 20.335170
784.92 20.334649
784.94 20.333319
784.96 20.331585
784.98 20.329473
785.00 20.328195
785.02 20.327947
785.04 20.326174
785.06 20.325652
785.08 20.323266
785.10 20.323005
785.12 20.321675
785.14 20.320828
785.16 20.320019
785.18 20.319394
785.20 20.319055
785.22 20.317594
785.24 20.316864
785.26 20.315482
785.28 20.314752
785.30 20.314322
785.32 20.313083
785.34 20.312900
785.36 20.303969
785.38 20.299053
785.40 20.295207
785.42 20.285271
785.44 20.280134
785.46 20.273054
785.48 20.272519
785.50 20.272376
785.52 20.271098
785.54 20.270420
785.56 20.269638
785.58 20.269195
785.60 20.269364
785.62 20.269168
785.64 20.269508
785.66 20.269338
785.68 20.269168
785.70 20.268986
785.72 20.268634
785.74 20.267826
785.76 20.267330
785.78 20.267526
785.80 20.267839
785.82 20.267213
785.84 20.267213
785.86 20.266026
785.88 20.266339
785.90 20.266339
785.92 20.266248
785.94 20.266222
785.96 20.265778
785.98 20.266235
786.00 20.266417
786.02 20.265583
786.04 20.265687
786.06 20.265687
786.08 20.264292
786.10 20.263940
786.12 20.263523
786.14 20.263418
786.16 20.262662
786.18 20.262232
786.20 20.262232
786.22 20.262036
786.24 20.261345
786.26 20.260459
786.28 20.259442
786.30 20.259442
786.32 20.258451
786.34 20.258281
786.36 20.257603
786.38 20.257264
786.40 20.257251
786.42 20.256443
786.44 20.256091
786.46 20.255230
786.48 20.255413
786.50 20.255035
786.52 20.255074
786.54 20.254930
786.56 20.254682
786.58 20.253626
786.60 20.253457
786.62 20.253770
786.64 20.253470
786.66 20.252714
786.68 20.252714
786.70 20.252714
786.72 20.252049
786.74 20.252023
786.76 20.251358
786.78 20.251345
786.80 20.251188
786.82 20.251097
786.84 20.251292
786.86 20.251084
786.88 20.250758
786.90 20.251071
786.92 20.250536
786.94 20.250197
786.96 20.248841
786.98 20.249024
787.00 20.248502
787.02 20.248672
787.04 20.248515
787.06 20.248241
787.08 20.248046
787.10 20.247955
787.12 20.247928
787.14 20.247915
787.16 20.247159
787.18 20.247342
787.20 20.247172
787.22 20.246677
787.24 20.246677
787.26 20.246364
787.28 20.246859
787.30 20.246690
787.32 20.246690
787.34 20.246625
787.36 20.246638
787.38 20.246638
787.40 20.247277
787.42 20.246951
787.44 20.246585
787.46 20.246924
787.48 20.246924
787.50 20.247185
787.52 20.246781
787.54 20.246533
787.56 20.246390
787.58 20.246390
787.60 20.245934
787.62 20.246442
787.64 20.246142
787.66 20.246273
787.68 20.246273
787.70 20.245282
787.72 20.245099
787.74 20.244995
787.76 20.245503
787.78 20.245503
787.80 20.245608
787.82 20.245282
787.84 20.245164
787.86 20.244851
787.88 20.244851
787.90 20.243926
787.92 20.243547
787.94 20.243873
787.96 20.244330
787.98 20.244330
788.00 20.243886
788.02 20.243587
788.04 20.243756
788.06 20.243639
788.08 20.243182
788.10 20.242909
788.12 20.242609
788.14 20.242387
788.16 20.241696
788.18 20.241696
788.20 20.241109
788.22 20.241109
788.24 20.241005
788.26 20.241344
788.28 20.241344
788.30 20.264683
788.32 20.264514
788.34 20.263471
788.36 20.267304
788.38 20.267304
788.40 20.622009
788.42 20.621461
788.44 20.621305
788.46 20.940597
788.48 21.051295
788.50 21.051295
788.52 21.050904
788.54 21.050983
788.56 21.105432
788.58 21.105432
788.60 21.152332
788.62 21.152502
788.64 21.151863
788.66 21.217070
788.68 21.283632
788.70 21.283632
788.72 21.282746
788.74 21.282746
788.76 21.340611
788.78 21.340624
788.80 21.395191
788.82 21.395022
788.84 21.452197
788.86 21.510206
788.88 21.510206
788.90 21.553938
788.92 21.593302
788.94 21.897286
788.96 22.262226
788.98 22.262226
789.00 22.453778
789.02 22.483532
789.04 22.810974
789.06 22.944190
789.08 22.944190
789.10 23.277903
789.12 23.282453
789.14 23.534166
789.16 23.591079
789.18 23.591079
789.20 23.710775
789.22 23.708858
789.24 23.959397
789.26 23.959397
789.28 23.959397
789.30 24.069300
789.32 24.070878
789.34 24.232845
789.36 24.274673
789.38 24.274882
789.40 24.037447
789.42 24.035752
789.44 24.203508
789.46 23.972136
789.48 23.972136
789.50 23.959736
789.52 23.961366
789.54 24.132329
789.56 24.111076
789.58 24.110268
789.60 24.110268
789.62 24.201969
789.64 24.201865
789.66 24.201865
789.68 24.316358
789.70 24.681089
789.72 24.862106
789.74 24.961044
789.76 24.966324
789.78 25.569704
789.80 26.134879
789.82 26.726055
789.84 27.067747
789.86 27.419427
789.88 28.387421
789.90 28.778947
789.92 29.998640
789.94 30.174976
789.96 30.590206
789.98 31.514299
790.00 32.355269
790.02 33.014233
790.04 33.375640
790.06 33.890786
790.08 34.414655
790.10 34.791539
790.12 35.753040
790.14 36.173512
790.16 36.508776
790.18 37.533827
790.20 37.949697
790.22 39.251012
790.24 39.682633
790.26 40.156655
790.28 41.020326
790.30 41.458753
790.32 42.919844
790.34 43.328321
790.36 43.714436
790.38 44.618097
790.40 45.078168
790.42 46.358765
790.44 46.769927
790.46 47.196032
790.48 48.158915
790.50 48.555435
790.52 49.549584
790.54 50.482100
790.56 50.959421
790.58 51.901676
790.60 52.338369
790.62 53.115176
790.64 53.887915
790.66 54.337815
790.68 55.054214
790.70 55.454894
790.72 56.047751
790.74 56.868225
790.76 57.130981
790.78 57.579956
790.80 57.856846
790.82 58.084788
790.84 58.381693
790.86 58.517491
790.88 58.524910
790.90 58.556724
790.92 58.572449
790.94 58.575839
790.96 58.643236
790.98 58.610783
791.00 58.562670
791.02 58.566360
791.04 58.537323
791.06 58.465219
791.08 58.470486
791.10 58.531821
791.12 58.543555
791.14 58.613795
791.16 58.624082
791.18 58.623678
791.20 58.604407
791.22 58.652937
791.24 58.802882
791.26 58.868271
791.28 58.940336
791.30 58.912160
791.32 58.817160
791.34 58.740570
791.36 58.745694
791.38 58.778735
791.40 58.795880
791.42 58.799088
791.44 58.799492
791.46 58.802478
791.48 58.745277
791.50 58.726801
791.52 58.745890
791.54 58.733229
791.56 58.710451
791.58 58.774588
791.60 58.822649
791.62 58.792855
791.64 58.785619
791.66 58.888129
791.68 58.838921
791.70 58.838921
791.72 58.995920
791.74 59.046445
791.76 59.104415
791.78 59.154145
791.80 59.131979
791.82 59.068755
791.84 59.045585
791.86 59.194995
791.88 59.138616
791.90 59.151107
791.92 59.130936
791.94 59.106632
791.96 59.055612
791.98 59.001801
792.00 59.170196
792.02 59.253735
792.04 59.331719
792.06 59.410825
792.08 59.602481
792.10 59.517169
792.12 59.415845
792.14 59.483868
792.16 59.536583
792.18 59.489044
792.20 59.476319
792.22 59.536218
792.24 59.491639
792.26 59.456500
792.28 59.471911
792.30 59.529034
792.32 59.504599
792.34 59.470790
792.36 59.472133
792.38 59.561370
792.40 59.510858
792.42 59.541434
792.44 59.632640
792.46 59.640254
792.48 59.651089
792.50 59.713662
792.52 59.731629
792.54 59.681326
792.56 59.745776
792.58 59.794085
792.60 59.796262
792.62 59.717509
792.64 59.750796
792.66 59.692279
792.68 59.579050
792.70 59.609874
792.72 59.646187
792.74 59.592663
792.76 59.634700
792.78 59.727953
792.80 59.660399
792.82 59.559545
792.84 59.606927
792.86 59.621166
792.88 59.557615
792.90 59.560392
792.92 59.620188
792.94 59.624751
792.96 59.642784
792.98 59.659134
793.00 59.683021
793.02 59.651233
793.04 59.656096
793.06 59.650294
793.08 59.608596
793.10 59.607983
793.12 59.658965
793.14 59.603655
793.16 59.298014
793.18 59.100517
793.20 58.660773
793.22 58.378485
793.24 57.921270
793.26 57.001585
793.28 56.091391
793.30 55.114271
793.32 54.613597
793.34 54.114149
793.36 53.155596
793.38 52.145917
793.40 51.198381
793.42 50.775666
793.44 50.376043
793.46 49.366912
793.48 48.390169
793.50 47.444094
793.52 46.927265
793.54 46.407621
793.56 45.485719
793.58 44.550113
793.60 43.601247
793.62 43.140472
793.64 42.609523
793.66 42.122110
793.68 40.682337
793.70 39.678473
793.72 39.232171
793.74 38.876436
793.76 38.356035
793.78 36.872517
793.80 35.922191
793.82 35.438715
793.84 34.873266
793.86 34.367846
793.88 32.920237
793.90 31.534091
793.92 31.534091
793.94 31.162971
793.96 30.670316
793.98 29.268107
794.00 28.306372
794.02 27.777861
794.04 27.362669
794.06 25.713912
794.08 25.326271
794.10 24.964160
794.12 24.058348
794.14 23.568118
794.16 22.267794
794.18 21.452992
794.20 21.062431
794.22 20.901546
794.24 20.792203
794.26 20.535119
794.28 20.466431
794.30 20.440028
794.32 20.436768
794.34 20.434499
794.36 20.424812
794.38 20.421004
794.40 20.417953
794.42 20.439884
794.44 20.467709
794.46 20.555042
794.48 20.614733
794.50 20.645427
794.52 20.650381
794.54 20.649234
794.56 20.649260
794.58 20.647304
794.60 20.645687
794.62 20.644527
794.64 20.642936
794.66 20.640133
794.68 20.636769
794.70 20.635556
794.72 20.633874
794.74 20.632896
794.76 20.628933
794.78 20.626716
794.80 20.625217
794.82 20.625099
794.84 20.623626
794.86 20.621214
794.88 20.618775
794.90 20.618280
794.92 20.617276
794.94 20.616011
794.96 20.614525
794.98 20.613377
795.00 20.612699
795.02 20.611878
795.04 20.610639
795.06 20.609479
795.08 20.612595
795.10 20.613964
795.12 20.617745
795.14 20.620627
795.16 20.629193
795.18 20.630901
795.20 20.632636
795.22 20.631918
795.24 20.630628
795.26 20.627720
795.28 20.626064
795.30 20.624851
795.32 20.623196
795.34 20.622439
795.36 20.620705
795.38 20.618710
795.40 20.617328
795.42 20.605254
795.44 20.581041
795.46 20.492848
795.48 20.427902
795.50 20.395175
795.52 20.375382
795.54 20.367858
795.56 20.351247
795.58 20.348144
795.60 20.346749
795.62 20.345784
795.64 20.345341
795.66 20.341742
795.68 20.339825
795.70 20.338808
795.72 20.338130
795.74 20.338130
795.76 20.334988
795.78 20.333958
795.80 20.333423
795.82 20.332341
795.84 20.330685
795.86 20.327673
795.88 20.326435
795.90 20.325431
795.92 20.324453
795.94 20.324218
795.96 20.320619
795.98 20.319707
796.00 20.318703
796.02 20.318155
796.04 20.317738
796.06 20.315573
796.08 20.309914
796.10 20.306577
796.12 20.301726
796.14 20.298584
796.16 20.282611
796.18 20.277631
796.20 20.275414
796.22 20.274932
796.24 20.274527
796.26 20.274214
796.28 20.274214
796.30 20.274514
796.32 20.274514
796.34 20.274306
796.36 20.274149
796.38 20.273993
796.40 20.273993
796.42 20.273993
796.44 20.272898
796.46 20.273054
796.48 20.272715
796.50 20.272715
796.52 20.272715
796.54 20.272832
796.56 20.272611
796.58 20.272428
796.60 20.272076
796.62 20.272076
796.64 20.271359
796.66 20.270981
796.68 20.270811
796.70 20.271150
796.72 20.271150
796.74 20.270251
796.76 20.270251
796.78 20.270094
796.80 20.269729
796.82 20.269729
796.84 20.270759
796.86 20.270642
796.88 20.270277
796.90 20.270277
796.92 20.270277
796.94 20.269964
796.96 20.269599
796.98 20.269429
797.00 20.269312
797.02 20.269312
797.04 20.269025
797.06 20.268634
797.08 20.268138
797.10 20.268125
797.12 20.268125
797.14 20.267069
797.16 20.266391
797.18 20.266222
797.20 20.266052
797.22 20.266052
797.24 20.264214
797.26 20.263614
797.28 20.263418
797.30 20.262936
797.32 20.262936
797.34 20.260863
797.36 20.260628
797.38 20.260459
797.40 20.260094
797.42 20.260094
797.44 20.258268
797.46 20.257056
797.48 20.256951
797.50 20.256612
797.52 20.256612
797.54 20.255426
797.56 20.254878
797.58 20.254709
797.60 20.254370
797.62 20.254370
797.64 20.253926
797.66 20.253144
797.68 20.252805
797.70 20.252140
797.72 20.252140
797.74 20.250367
797.76 20.250706
797.78 20.250484
797.80 20.250797
797.82 20.250797
797.84 20.249806
797.86 20.249754
797.88 20.250106
797.90 20.249936
797.92 20.249936
797.94 20.249219
797.96 20.248072
797.98 20.247955
798.00 20.247915
798.02 20.247915
798.04 20.246273
798.06 20.246468
798.08 20.246403
798.10 20.246403
798.12 20.246403
798.14 20.245790
798.16 20.245112
798.18 20.244669
798.20 20.244499
798.22 20.244499
798.24 20.244278
798.26 20.244108
798.28 20.243873
798.30 20.243873
798.32 20.243704
798.34 20.243834
798.36 20.243743
798.38 20.243652
798.40 20.243717
798.42 20.243652
798.44 20.243652
798.46 20.243469
798.48 20.243613
798.50 20.243613
798.52 20.243899
798.54 20.244447
798.56 20.244291
798.58 20.244460
798.60 20.244460
798.62 20.244304
798.64 20.244121
798.66 20.243873
798.68 20.243860
798.70 20.243860
798.72 20.244069
798.74 20.243730
798.76 20.243560
798.78 20.243560
798.80 20.243560
798.82 20.242648
798.84 20.241970
798.86 20.241539
798.88 20.241344
798.90 20.241344
798.92 20.240457
798.94 20.240118
798.96 20.239962
798.98 20.239610
799.00 20.239636
799.02 20.239649
799.04 20.239545
799.06 20.239023
799.08 20.239023
799.10 20.239023
799.12 20.238893
799.14 20.238893
799.16 20.238475
799.18 20.238475
799.20 20.238475
799.22 20.238475
799.24 20.238893
799.26 20.238723
799.28 20.238436
799.30 20.237628
799.32 20.238149
799.34 20.237863
799.36 20.237836
799.38 20.237954
799.40 20.236780
799.42 20.236233
799.44 20.235894
799.46 20.235894
799.48 20.235894
799.50 20.635817
799.52 20.639729
799.54 20.638920
799.56 20.638751
799.58 20.638751
799.60 20.638725
799.62 21.094571
799.64 21.094428
799.66 21.181461
799.68 21.181461
799.70 21.181591
799.72 21.343310
799.74 21.588934
799.76 21.588868
799.78 21.588868
799.80 21.694586
799.82 21.694769
799.84 21.744877
799.86 21.744877
799.88 21.744603
799.90 21.847296
799.92 21.846174
799.94 21.846148
799.96 21.903375
799.98 21.903375
800.00 22.041755
800.02 22.041585
800.04 22.108331
800.06 22.108331
800.08 22.108148
800.10 22.208950
800.12 22.209407
800.14 22.209407
800.16 22.256124
800.18 22.256411
800.20 22.376758
800.22 22.376758
800.24 22.376758
800.26 22.442395
800.28 22.734880
800.30 22.899011
800.32 22.930421
800.34 23.006111
800.36 23.006111
800.38 23.102389
800.40 23.102389
800.42 23.510396
800.44 23.510461
800.46 23.613389
800.48 23.613389
800.50 23.655165
800.52 23.697971
800.54 23.697971
800.56 23.697971
800.58 23.697971
800.60 23.947897
800.62 23.963322
800.64 24.276172
800.66 24.259483
800.68 24.259483
800.70 24.347520
800.72 24.362267
800.74 24.190821
800.76 24.190821
800.78 24.307165
800.80 24.411931
800.82 24.435375
800.84 24.495197
800.86 24.495197
800.88 24.557587
800.90 24.950117
800.92 25.394346
800.94 25.842865
800.96 25.842865
800.98 26.258773
801.00 27.549058
801.02 28.026835
801.04 28.818220
801.06 28.818220
801.08 29.255264
801.10 31.473162
801.12 31.920402
801.14 32.752650
801.16 32.752650
801.18 33.227885
801.20 34.876225
801.22 35.398113
801.24 36.313039
801.26 36.313039
801.28 36.601377
801.30 38.520884
801.32 39.002403
801.34 39.850571
801.36 39.850571
801.38 40.142534
801.40 41.674035
801.42 42.159935
801.44 43.015848
801.46 43.015848
801.48 43.534750
801.50 45.332618
801.52 45.849629
801.54 46.809747
801.56 46.809747
801.58 47.207558
801.60 48.377874
801.62 48.761525
801.64 49.234308
801.66 49.234308
801.68 49.524615
801.70 50.972772
801.72 51.415111
801.74 52.250892
801.76 52.250892
801.78 52.567081
801.80 54.308857
801.82 54.724648
801.84 55.467059
801.86 55.467059
801.88 55.907011
801.90 57.372731
801.92 57.450325
801.94 57.876143
801.96 57.876143
801.98 57.889912
802.00 58.121727
802.02 58.142772
802.04 58.282690
802.06 58.282690
802.08 58.329929
802.10 58.349970
802.12 58.439128
802.14 58.515796
802.16 58.515796
802.18 58.508077
802.20 58.495456
802.22 58.422856
802.24 58.370206
802.26 58.370206
802.28 58.358614
802.30 58.355980
802.32 58.327999
802.34 58.355237
802.36 58.355237
802.38 58.363712
802.40 58.279821
802.42 58.249924
802.44 58.148913
802.46 58.148913
802.48 58.120788
802.50 58.057394
802.52 58.052309
802.54 58.130971
802.56 58.130971
802.58 58.135013
802.60 58.217170
802.62 58.266066
802.64 58.352434
802.66 58.352434
802.68 58.436312
802.70 58.612934
802.72 58.654528
802.74 58.754978
802.76 58.754978
802.78 58.831802
802.80 58.954666
802.82 58.959373
802.84 59.045011
802.86 59.045011
802.88 59.200876
802.90 59.200876
802.92 59.289383
802.94 59.289383
802.96 59.364042
802.98 59.323192
803.00 59.387590
803.02 59.461806
803.04 59.461806
803.06 59.443852
803.08 59.538252
803.10 59.559571
803.12 59.482212
803.14 59.482212
803.16 59.534158
803.18 59.488797
803.20 59.406731
803.22 59.474311
803.24 59.474311
803.26 59.375894
803.28 59.396248
803.30 59.423238
803.32 59.377720
803.34 59.377720
803.36 59.426302
803.38 59.481443
803.40 59.469265
803.42 59.461376
803.44 59.461376
803.46 59.494820
803.48 59.459590
803.50 59.404175
803.52 59.407748
803.54 59.407748
803.56 59.349869
803.58 59.503908
803.60 59.615663
803.62 59.566507
803.64 59.566507
803.66 59.572166
803.68 59.507364
803.70 59.372465
803.72 59.426119
803.74 59.426119
803.76 59.370953
803.78 59.492656
803.80 59.606927
803.82 59.582793
803.84 59.582793
803.86 59.571566
803.88 59.521537
803.90 59.360300
803.92 59.357692
803.94 59.357692
803.96 59.331654
803.98 59.404371
804.00 59.495016
804.02 59.432926
804.04 59.432926
804.06 59.447829
804.08 59.557602
804.10 59.498523
804.12 59.515148
804.14 59.515148
804.16 59.471038
804.18 59.453788
804.20 59.515565
804.22 59.547471
804.24 59.547471
804.26 59.629849
804.28 59.706712
804.30 59.775883
804.32 59.598556
804.34 59.598556
804.36 59.598556
804.38 58.436481
804.40 57.121606
804.42 56.225651
804.44 56.225651
804.46 55.767640
804.48 54.871529
804.50 53.540733
804.52 52.601750
804.54 52.601750
804.56 52.601750
804.58 51.155301
804.60 49.596263
804.62 48.561928
804.64 48.561928
804.66 48.022347
804.68 47.127957
804.70 45.725409
804.72 44.841776
804.74 44.841776
804.76 44.841776
804.78 43.349652
804.80 41.775593
804.82 40.739524
804.84 40.739524
804.86 40.739524
804.88 39.181790
804.90 37.866914
804.92 36.934764
804.94 36.934764
804.96 36.480521
804.98 34.514336
805.00 34.023364
805.02 33.003880
805.04 33.003880
805.06 32.536090
805.08 32.023304
805.10 31.495875
805.12 31.033483
805.14 30.583713
805.16 29.156639
805.18 26.974285
805.20 25.807843
805.22 25.807843
805.24 25.435392
805.26 24.500986
805.28 23.264095
805.30 22.241573
805.32 22.241573
805.34 22.241573
805.36 21.445351
805.38 20.611382
805.40 20.457604
805.42 20.457604
805.44 20.453627
805.46 20.441436
805.48 20.426637
805.50 20.420743
805.52 20.420743
805.54 20.420743
805.56 20.414472
805.58 20.408252
805.60 20.404302
805.62 20.404302
805.64 20.404302
805.66 20.398682
805.68 20.393297
805.70 20.390246
805.72 20.390246
805.74 20.390246
805.76 20.385578
805.78 20.381093
805.80 20.378381
805.82 20.378381
805.84 20.378381
805.86 20.374899
805.88 20.371979
805.90 20.370271
805.92 20.370271
805.94 20.370271
805.96 20.367441
805.98 20.363921
806.00 20.362565
806.02 20.362565
806.04 20.362565
806.06 20.359527
806.08 20.356228
806.10 20.354911
806.12 20.354911
806.14 20.354911
806.16 20.352499
806.18 20.349513
806.20 20.347987
806.22 20.347987
806.24 20.349748
806.26 20.353816
806.28 20.363738
806.30 20.369958
806.32 20.369958
806.34 20.370923
806.36 20.370453
806.38 20.369410
806.40 20.367298
806.42 20.367298
806.44 20.366516
806.46 20.365094
806.48 20.362134
806.50 20.360335
806.52 20.360335
806.54 20.360335
806.56 20.358262
806.58 20.355420
806.60 20.353216
806.62 20.353216
806.64 20.353216
806.66 20.350830
806.68 20.347909
806.70 20.346227
806.72 20.346227
806.74 20.346227
806.76 20.344115
806.78 20.341273
806.80 20.339395
806.82 20.339395
806.84 20.339395
806.86 20.337061
806.88 20.333606
806.90 20.331311
806.92 20.331311
806.94 20.331311
806.96 20.329499
806.98 20.327073
807.00 20.325444
807.02 20.325444
807.04 20.325444
807.06 20.323436
807.08 20.321271
807.10 20.319107
807.12 20.319107
807.14 20.319107
807.16 20.317333
807.18 20.314856
807.20 20.314022
807.22 20.314022
807.24 20.314022
807.26 20.308037
807.28 20.299666
807.30 20.290943
807.32 20.290943
807.34 20.276235
807.36 20.273145
807.38 20.271881
807.40 20.271881
807.42 20.271881
807.44 20.270668
807.46 20.269807
807.48 20.269116
807.50 20.269116
807.52 20.269116
807.54 20.267447
807.56 20.266587
807.58 20.266913
807.60 20.266913
807.62 20.266913
807.64 20.267030
807.66 20.266548
807.68 20.266039
807.70 20.266039
807.72 20.266039
807.74 20.265700
807.76 20.265218
807.78 20.264331
807.80 20.264331
807.82 20.264331
807.84 20.264227
807.86 20.262988
807.88 20.263158
807.90 20.263158
807.92 20.263158
807.94 20.262701
807.96 20.261593
807.98 20.261384
808.00 20.261384
808.02 20.261384
808.04 20.260798
808.06 20.259794
808.08 20.260237
808.10 20.260237
808.12 20.260237
808.14 20.260237
808.16 20.260224
808.18 20.260185
808.20 20.260185
808.22 20.260185
808.24 20.259507
808.26 20.258855
808.28 20.258477
808.30 20.258477
808.32 20.258477
808.34 20.257069
808.36 20.255752
808.38 20.255608
808.40 20.255608
808.42 20.255608
808.44 20.255582
808.46 20.254852
808.48 20.254539
808.50 20.254539
808.52 20.254539
808.54 20.253822
808.56 20.252244
808.58 20.252414
808.60 20.252414
808.62 20.252414
808.64 20.251905
808.66 20.252375
808.68 20.251866
808.70 20.251866
808.72 20.251866
808.74 20.250823
808.76 20.250145
808.78 20.249923
808.80 20.249923
808.82 20.249923
808.84 20.249337
808.86 20.248241
808.88 20.247981
808.90 20.247981
808.92 20.247981
808.94 20.247498
808.96 20.247746
808.98 20.247915
809.00 20.247915
809.02 20.247915
809.04 20.247250
809.06 20.246664
809.08 20.246625
809.10 20.246625
809.12 20.246625
809.14 20.245777
809.16 20.244747
809.18 20.243886
809.20 20.243886
809.22 20.243886
809.24 20.243261
809.26 20.242961
809.28 20.243195
809.30 20.243195
809.32 20.243195
809.34 20.243430
809.36 20.241826
809.38 20.241826
809.40 20.241826
809.42 20.241826
809.44 20.280486
809.46 20.343906
809.48 20.403676
809.50 20.403676
809.52 20.460368
809.54 20.492248
809.56 20.495859
809.58 20.495859
809.60 20.495859
809.62 20.495312
809.64 20.494517
809.66 20.495377
809.68 20.495377
809.70 20.495377
809.72 20.495651
809.74 20.495247
809.76 20.495247
809.78 20.495247
809.80 20.495247
809.82 20.496003
809.84 20.497659
809.86 20.496629
809.88 20.496629
809.90 20.496629
809.92 20.495925
809.94 20.495755
809.96 20.495208
809.98 20.495208
810.00 20.496863
810.02 20.496342
810.04 20.496342
810.06 20.496342
810.08 20.496342
810.10 20.496342
810.12 20.493447
810.14 20.493447
810.16 20.493721
810.18 20.493721
810.20 20.493721
810.22 20.493382
810.24 20.493069
810.26 20.492156
810.28 20.492156
810.30 20.492156
810.32 20.493043
810.34 20.493643
810.36 20.494177
810.38 20.494177
810.40 20.494177
810.42 20.492574
810.44 20.492574
810.46 20.455322
810.48 20.455322
810.50 20.455322
810.52 20.380493
810.54 20.302156
810.56 20.258790
810.58 20.258790
810.60 20.610352
810.62 20.610352
810.64 20.610352
810.66 20.811214
810.68 20.811214
810.70 20.877320
810.72 20.877320
810.74 21.170248
810.76 21.331993
810.78 21.331993
810.80 21.331993
810.82 21.414006
810.84 21.579793
810.86 21.640254
810.88 21.640254
810.90 21.640254
810.92 21.686711
810.94 21.742360
810.96 21.916153
810.98 21.916153
811.00 21.916153
811.02 22.015039
811.04 22.062956
811.06 22.346769
811.08 22.346769
811.10 22.346769
811.12 22.403866
811.14 22.502582
811.16 22.629396
811.18 22.629396
811.20 22.629396
811.22 23.034053
811.24 23.637354
811.26 23.637354
811.28 23.637354
811.30 23.955290
811.32 23.955290
811.34 23.955290
811.36 23.998226
811.38 23.998226
811.40 23.998226
811.42 24.173258
811.44 24.220536
811.46 24.344912
811.48 24.344912
811.50 24.410719
811.52 24.709501
811.54 24.727599
811.56 24.885563
811.58 24.885563
811.60 24.885563
811.62 24.989246
811.64 25.105878
811.66 25.173053
811.68 25.173053
811.70 25.217971
811.72 25.238494
811.74 25.091744
811.76 25.091744
811.78 25.091744
811.80 26.046633
811.82 26.464133
811.84 28.166310
811.86 28.166310
811.88 28.166310
811.90 29.495998
811.92 30.414197
811.94 31.592348
811.96 31.592348
811.98 31.592348
812.00 33.081825
812.02 33.853091
812.04 34.790235
812.06 34.790235
812.08 34.790235
812.10 35.921161
812.12 36.770320
812.14 38.139084
812.16 38.139084
812.18 38.139084
812.20 39.081353
812.22 39.681837
812.24 41.037576
812.26 41.037576
812.28 41.037576
812.30 42.417111
812.32 43.200528
812.34 44.572135
812.36 44.572135
812.38 44.572135
812.40 46.092266
812.42 46.981076
812.44 48.385423
812.46 48.385423
812.48 48.385423
812.50 49.726311
812.52 50.600804
812.54 51.548132
812.56 51.902498
812.58 51.902498
812.60 52.726205
812.62 53.475331
812.64 54.444563
812.66 54.936670
812.68 54.936670
812.70 56.132007
812.72 56.988024
812.74 57.438473
812.76 57.775836
812.78 57.775836
812.80 58.290565
812.82 58.481374
812.84 58.634748
812.86 58.646731
812.88 58.646731
812.90 58.801787
812.92 58.880932
812.94 58.942018
812.96 58.945878
812.98 58.945878
813.00 58.947742
813.02 58.950846
813.04 59.011345
813.06 59.101625
813.08 59.101625
813.10 59.220786
813.12 59.498615
813.14 59.499084
813.16 59.503713
813.18 59.503713
813.20 59.634843
813.22 59.640893
813.24 59.591516
813.26 59.572831
813.28 59.572831
813.30 59.461507
813.32 59.460985
813.34 59.471077
813.36 59.505590
813.38 59.505590
813.40 59.536127
813.42 59.604489
813.44 59.517403
813.46 59.482577
813.48 59.482577
813.50 59.374251
813.52 59.229144
813.54 59.227827
813.56 59.222846
813.58 59.222846
813.60 59.208438
813.62 59.310909
813.64 59.343806
813.66 59.304886
813.68 59.304886
813.70 59.252561
813.72 59.216679
813.74 59.006964
813.76 59.021854
813.78 59.021854
813.80 59.021854
813.82 59.064869
813.84 59.224945
813.86 59.296476
813.88 59.283124
813.90 59.300726
813.92 59.259811
813.94 59.210942
813.96 59.210942
813.98 59.242600
814.00 59.252222
814.02 59.293438
814.04 59.307858
814.06 59.307858
814.08 59.232403
814.10 59.203966
814.12 59.286058
814.14 59.274140
814.16 59.274140
814.18 59.288522
814.20 59.341811
814.22 59.238180
814.24 59.226588
814.26 59.226588
814.28 59.145513
814.30 59.066029
814.32 59.191866
814.34 59.259693
814.36 59.259693
814.38 59.300596
814.40 59.381318
814.42 59.353011
814.44 59.308184
814.46 59.308184
814.48 59.299122
814.50 59.216757
814.52 59.294533
814.54 59.298562
814.56 59.298562
814.58 59.349595
814.60 59.536727
814.62 59.524705
814.64 59.529177
814.66 59.529177
814.68 59.524953
814.70 59.347196
814.72 59.392727
814.74 59.462132
814.76 59.462132
814.78 59.430527
814.80 59.596418
814.82 59.726297
814.84 59.716583
814.86 59.716583
814.88 59.794241
814.90 59.747915
814.92 59.657896
814.94 59.655666
814.96 59.655666
814.98 59.615076
815.00 59.573001
815.02 59.665184
815.04 59.699437
815.06 59.699437
815.08 59.706478
815.10 59.755425
815.12 59.454726
815.14 59.334340
815.16 59.334340
815.18 58.975776
815.20 57.668736
815.22 56.328539
815.24 55.845599
815.26 55.845599
815.28 55.394642
815.30 53.938544
815.32 52.529125
815.34 52.027669
815.36 52.027669
815.38 51.554494
815.40 50.118998
815.42 48.558069
815.44 48.097307
815.46 48.097307
815.48 47.605708
815.50 46.186953
815.52 44.787809
815.54 44.278347
815.56 44.278347
815.58 43.845971
815.60 42.417098
815.62 40.813988
815.64 40.371142
815.66 40.371142
815.68 39.864249
815.70 38.352815
815.72 37.006659
815.74 36.534580
815.76 36.534580
815.78 36.133600
815.80 34.644058
815.82 33.072985
815.84 32.513794
815.86 32.513794
815.88 31.977121
815.90 30.605644
815.92 29.252526
815.94 28.834935
815.96 28.834935
815.98 28.400981
816.00 26.523589
816.02 25.507000
816.04 24.925722
816.06 24.925722
816.08 24.373024
816.10 23.393726
816.12 22.433503
816.14 22.433503
816.16 22.335569
816.18 21.448507
816.20 20.867645
816.22 20.458386
816.24 20.458386
816.26 20.451463
816.28 20.433222
816.30 20.423390
816.32 20.419805
816.34 20.419805
816.36 20.418514
816.38 20.411708
816.40 20.405032
816.42 20.402789
816.44 20.402789
816.46 20.401029
816.48 20.395605
816.50 20.390272
816.52 20.389099
816.54 20.389099
816.56 20.389099
816.58 20.383218
816.60 20.379085
816.62 20.377142
816.64 20.377142
816.66 20.377142
816.68 20.372305
816.70 20.368849
816.72 20.367898
816.74 20.367898
816.76 20.367898
816.78 20.364234
816.80 20.361600
816.82 20.360283
816.84 20.360283
816.86 20.360283
816.88 20.357010
816.90 20.355224
816.92 20.354168
816.94 20.354168
816.96 20.354168
816.98 20.351404
817.00 20.349578
817.02 20.349070
817.04 20.349070
817.06 20.349070
817.08 20.357167
817.10 20.366124
817.12 20.369188
817.14 20.369188
817.16 20.370271
817.18 20.370897
817.20 20.368576
817.22 20.367976
817.24 20.367976
817.26 20.367976
817.28 20.363008
817.30 20.359696
817.32 20.358784
817.34 20.358784
817.36 20.357780
817.38 20.355941
817.40 20.352929
817.42 20.351756
817.44 20.351756
817.46 20.350804
817.48 20.349317
817.50 20.346475
817.52 20.345145
817.54 20.345145
817.56 20.344258
817.58 20.342355
817.60 20.339121
817.62 20.338287
817.64 20.338287
817.66 20.337452
817.68 20.335301
817.70 20.331806
817.72 20.330894
817.74 20.330894
817.76 20.329707
817.78 20.327204
817.80 20.325874
817.82 20.325065
817.84 20.325065
817.86 20.324387
817.88 20.322014
817.90 20.319394
817.92 20.318051
817.94 20.318051
817.96 20.317060
817.98 20.315286
818.00 20.313370
818.02 20.312613
818.04 20.312613
818.06 20.312613
818.08 20.299836
818.10 20.289261
818.12 20.284241
818.14 20.284241
818.16 20.284241
818.18 20.272585
818.20 20.269677
818.22 20.269677
818.24 20.269677
818.26 20.269351
818.28 20.268986
818.30 20.268556
818.32 20.268530
818.34 20.268530
818.36 20.268595
818.38 20.267982
818.40 20.268151
818.42 20.268151
818.44 20.268138
818.46 20.267382
818.48 20.267421
818.50 20.267278
818.52 20.267278
818.54 20.267278
818.56 20.266443
818.58 20.267434
818.60 20.267108
818.62 20.267108
818.64 20.267108
818.66 20.266808
818.68 20.266874
818.70 20.266548
818.72 20.266548
818.74 20.266548
818.76 20.266183
818.78 20.266574
818.80 20.266626
818.82 20.266626
818.84 20.266626
818.86 20.266170
818.88 20.263810
818.90 20.263810
818.92 20.263810
818.94 20.263810
818.96 20.262975
818.98 20.261880
819.00 20.261828
819.02 20.261828
819.04 20.261828
819.06 20.261958
819.08 20.261789
819.10 20.261802
819.12 20.261802
819.14 20.261802
819.16 20.260133
819.18 20.259168
819.20 20.258829
819.22 20.258829
819.24 20.258829
819.26 20.258503
819.28 20.258516
819.30 20.258320
819.32 20.258320
819.34 20.258320
819.36 20.257069
819.38 20.256756
819.40 20.256625
819.42 20.256625
819.44 20.256625
819.46 20.255452
819.48 20.253978
819.50 20.253822
819.52 20.253822
819.54 20.253822
819.56 20.252870
819.58 20.252205
819.60 20.252257
819.62 20.252257
819.64 20.252257
819.66 20.250419
819.68 20.249232
819.70 20.248828
819.72 20.248828
819.74 20.248828
819.76 20.248359
819.78 20.248163
819.80 20.248241
819.82 20.248241
819.84 20.248241
819.86 20.247342
819.88 20.247172
819.90 20.247342
819.92 20.247342
819.94 20.247342
819.96 20.246572
819.98 20.246090
820.00 20.245816
820.02 20.245816
820.04 20.245816
820.06 20.244695
820.08 20.244525
820.10 20.244460
820.12 20.244460
820.14 20.244460
820.16 20.245099
820.18 20.245047
820.20 20.245216
820.22 20.245216
820.24 20.245216
820.26 20.244030
820.28 20.243639
820.30 20.243652
820.32 20.243652
820.34 20.243652
820.36 20.242778
820.38 20.242152
820.40 20.242152
820.42 20.242152
820.44 20.242152
820.46 20.242204
820.48 20.241892
820.50 20.241813
820.52 20.241813
820.54 20.242178
820.56 20.242817
820.58 20.242882
820.60 20.242882
820.62 20.242882
820.64 20.242609
820.66 20.242465
820.68 20.242465
820.70 20.242478
820.72 20.242478
820.74 20.241644
820.76 20.241644
820.78 20.241057
820.80 20.241057
820.82 20.240679
820.84 20.240210
820.86 20.239831
820.88 20.239831
820.90 20.239831
820.92 20.240405
820.94 20.240196
820.96 20.240144
820.98 20.240144
821.00 20.240144
821.02 20.240144
821.04 20.239962
821.06 20.239584
821.08 20.239584
821.10 20.239584
821.12 20.250888
821.14 20.250888
821.16 20.250966
821.18 20.250966
821.20 20.250966
821.22 20.250966
821.24 20.573909
821.26 20.573648
821.28 20.620914
821.30 20.620914
821.32 20.620914
821.34 20.983664
821.36 21.101807
821.38 21.374929
821.40 21.374929
821.42 21.374929
821.44 21.432417
821.46 21.556350
821.48 21.556350
821.50 21.556350
821.52 21.556350
821.54 21.613016
821.56 21.669109
821.58 21.726648
821.60 21.726648
821.62 21.726648
821.64 21.870726
821.66 22.225249
821.68 22.311526
821.70 22.311526
821.72 22.311526
821.74 22.654509
821.76 22.821665
821.78 22.887993
821.80 22.887993
821.82 22.887993
821.84 23.427444
821.86 23.561768
821.88 23.635189
821.90 23.635189
821.92 23.635189
821.94 23.798369
821.96 23.902822
821.98 23.957963
822.00 23.957963
822.02 23.957963
822.04 24.118300
822.06 24.311286
822.08 24.311286
822.10 24.311286
822.12 24.527011
822.14 24.527011
822.16 24.641191
822.18 24.641191
822.20 24.641191
822.22 24.641191
822.24 24.778749
822.26 24.677595
822.28 24.686657
822.30 24.686657
822.32 24.686657
822.34 24.509917
822.36 24.417447
822.38 24.220562
822.40 24.220562
822.42 24.220562
822.44 24.318327
822.46 24.386454
822.48 24.383976
822.50 24.383976
822.52 24.383976
822.54 24.823681
822.56 25.298538
822.58 25.339609
822.60 25.339609
822.62 25.339609
822.64 26.299845
822.66 27.510907
822.68 27.873083
822.70 27.873083
822.72 28.858913
822.74 29.150290
822.76 29.885803
822.78 29.885803
822.80 29.885803
822.82 31.171315
822.84 32.929950
822.86 33.271512
822.88 33.271512
822.90 33.271512
822.92 34.665794
822.94 36.323718
822.96 36.811196
822.98 36.811196
823.00 36.811196
823.02 37.959880
823.04 39.650192
823.06 40.098059
823.08 40.098059
823.10 40.098059
823.12 41.513280
823.14 43.180006
823.16 43.475945
823.18 43.475945
823.20 43.475945
823.22 44.743190
823.24 46.473140
823.26 46.945937
823.28 46.945937
823.30 46.945937
823.32 48.077084
823.34 49.767657
823.36 50.182340
823.38 50.182340
823.40 50.182340
823.42 51.754313
823.44 53.675971
823.46 54.115923
823.48 54.115923
823.50 54.115923
823.52 55.261295
823.54 56.697000
823.56 57.027193
823.58 57.027193
823.60 57.027193
823.62 57.425551
823.64 57.937334
823.66 58.036845
823.68 58.036845
823.70 58.036845
823.72 58.235738
823.74 58.611787
823.76 58.705366
823.78 58.705366
823.80 58.705366
823.82 58.731678
823.84 58.787692
823.86 58.727818
823.88 58.727818
823.90 58.727818
823.92 58.830446
823.94 58.745251
823.96 58.811931
823.98 58.811931
824.00 58.811931
824.02 58.789074
824.04 58.906175
824.06 59.024214
824.08 59.024214
824.10 59.024214
824.12 59.186937
824.14 59.218009
824.16 59.295289
824.18 59.295289
824.20 59.295289
824.22 59.261076
824.24 59.413016
824.26 59.545971
824.28 59.545971
824.30 59.545971
824.32 59.658939
824.34 59.667988
824.36 59.589234
824.38 59.589234
824.40 59.589234
824.42 59.522788
824.44 59.439823
824.46 59.526635
824.48 59.526635
824.50 59.526635
824.52 59.515135
824.54 59.723467
824.56 59.690466
824.58 59.690466
824.60 59.690466
824.62 59.696073
824.64 59.561879
824.66 59.601125
824.68 59.601125
824.70 59.601125
824.72 59.615389
824.74 59.650985
824.76 59.630319
824.78 59.630319
824.80 59.685212
824.82 59.685212
824.84 59.796953
824.86 59.820071
824.88 59.820071
824.90 59.820071
824.92 59.733285
824.94 59.649512
824.96 59.738005
824.98 59.738005
825.00 59.756325
825.02 59.839890
825.04 59.787305
825.06 59.787305
825.08 59.787305
825.10 59.805624
825.12 59.875173
825.14 59.838899
825.16 59.838899
825.18 59.838899
825.20 59.814660
825.22 59.703792
825.24 59.761293
825.26 59.761293
825.28 59.761293
825.30 59.843267
825.32 60.015156
825.34 59.980604
825.36 59.980604
825.38 59.980604
825.40 59.904823
825.42 59.705161
825.44 59.682695
825.46 59.682695
825.48 59.682695
825.50 59.782585
825.52 60.005416
825.54 59.962297
825.56 59.962297
825.58 59.962297
825.60 59.906061
825.62 59.836291
825.64 59.699685
825.66 59.699685
825.68 59.699685
825.70 59.691692
825.72 59.758385
825.74 59.852042
825.76 59.852042
825.78 59.852042
825.80 59.861026
825.82 59.831206
825.84 59.833866
825.86 59.833866
825.88 59.833866
825.90 59.774097
825.92 59.704900
825.94 59.677767
825.96 59.677767
825.98 59.677767
826.00 59.172830
826.02 58.475350
826.04 57.251693
826.06 57.251693
826.08 57.251693
826.10 56.255849
826.12 54.710983
826.14 53.269306
826.16 53.269306
826.18 53.269306
826.20 52.394070
826.22 50.996555
826.24 49.528149
826.26 49.528149
826.28 49.528149
826.30 48.665521
826.32 47.110955
826.34 45.593223
826.36 45.593223
826.38 45.593223
826.40 44.486588
826.42 43.133314
826.44 41.805686
826.46 41.805686
826.48 41.805686
826.50 40.868647
826.52 39.357408
826.54 37.868427
826.56 37.868427
826.58 37.868427
826.60 36.857940
826.62 35.420605
826.64 34.051423
826.66 34.051423
826.68 34.051423
826.70 33.636244
826.72 31.790354
826.74 30.740960
826.76 30.221093
826.78 30.221093
826.80 29.673650
826.82 27.544586
826.84 26.666898
826.86 26.207792
826.88 26.207792
826.90 25.808481
826.92 24.000938
826.94 22.966591
826.96 22.443699
826.98 22.443699
827.00 22.161203
827.02 20.661451
827.04 20.564508
827.06 20.494034
827.08 20.494034
827.10 20.482938
827.12 20.438633
827.14 20.433143
827.16 20.428906
827.18 20.422647
827.20 20.420300
827.22 20.412086
827.24 20.410573
827.26 20.410573
827.28 20.408983
827.30 20.400677
827.32 20.398069
827.34 20.396726
827.36 20.396726
827.38 20.395761
827.40 20.389777
827.42 20.386543
827.44 20.384783
827.46 20.384783
827.48 20.383714
827.50 20.378889
827.52 20.376360
827.54 20.374886
827.56 20.374886
827.58 20.374221
827.60 20.369958
827.62 20.368289
827.64 20.367493
827.66 20.367493
827.68 20.366841
827.70 20.362200
827.72 20.360413
827.74 20.359409
827.76 20.359409
827.78 20.358523
827.80 20.354963
827.82 20.353346
827.84 20.352525
827.86 20.352525
827.88 20.352460
827.90 20.359214
827.92 20.364768
827.94 20.367806
827.96 20.367806
827.98 20.370505
828.00 20.375291
828.02 20.373726
828.04 20.372331
828.06 20.372331
828.08 20.371157
828.10 20.367194
828.12 20.365498
828.14 20.364586
828.16 20.364586
828.18 20.363256
828.20 20.359070
828.22 20.356736
828.24 20.355420
828.26 20.355420
828.28 20.354298
828.30 20.350713
828.32 20.347818
828.34 20.346462
828.36 20.346462
828.38 20.345419
828.40 20.341638
828.42 20.340360
828.44 20.339173
828.46 20.339173
828.48 20.338000
828.50 20.334962
828.52 20.332419
828.54 20.331415
828.56 20.331415
828.58 20.330555
828.60 20.327777
828.62 20.326056
828.64 20.325118
828.66 20.325118
828.68 20.324309
828.70 20.321675
828.72 20.320515
828.74 20.319824
828.76 20.319824
828.78 20.318820
828.80 20.316942
828.82 20.314765
828.84 20.313996
828.86 20.313996
828.88 20.312666
828.90 20.304008
828.92 20.296615
828.94 20.292038
828.96 20.292038
828.98 20.287605
829.00 20.273941
829.02 20.270616
829.04 20.269938
829.06 20.269938
829.08 20.269768
829.10 20.267904
829.12 20.267812
829.14 20.267630
829.16 20.267630
829.18 20.267304
829.20 20.264761
829.22 20.264448
829.24 20.264448
829.26 20.264448
829.28 20.264618
829.30 20.264435
829.32 20.263927
829.34 20.263901
829.36 20.263888
829.38 20.264448
829.40 20.264448
829.42 20.264618
829.44 20.264618
829.46 20.265309
829.48 20.265713
829.50 20.266404
829.52 20.266600
829.54 20.266600
829.56 20.266104
829.58 20.265883
829.60 20.266065
829.62 20.266065
829.64 20.266065
829.66 20.266235
829.68 20.265974
829.70 20.265309
829.72 20.264970
829.74 20.264970
829.76 20.265140
829.78 20.265087
829.80 20.264618
829.82 20.264292
829.84 20.264292
829.86 20.264123
829.88 20.263458
829.90 20.263888
829.92 20.263862
829.94 20.263862
829.96 20.263523
829.98 20.263510
830.00 20.263223
830.02 20.263236
830.04 20.263236
830.06 20.263262
830.08 20.263092
830.10 20.262688
830.12 20.262480
830.14 20.262480
830.16 20.262297
830.18 20.262597
830.20 20.262780
830.22 20.262819
830.24 20.262819
830.26 20.262480
830.28 20.262023
830.30 20.261384
830.32 20.260889
830.34 20.260889
830.36 20.260563
830.38 20.259768
830.40 20.258803
830.42 20.258125
830.44 20.258125
830.46 20.257629
830.48 20.256925
830.50 20.256312
830.52 20.256091
830.54 20.256091
830.56 20.256208
830.58 20.255765
830.60 20.254930
830.62 20.254422
830.64 20.254422
830.66 20.254083
830.68 20.253431
830.70 20.253040
830.72 20.253040
830.74 20.253040
830.76 20.252740
830.78 20.251671
830.80 20.251162
830.82 20.250914
830.84 20.250914
830.86 20.250875
830.88 20.249780
830.90 20.248802
830.92 20.248463
830.94 20.248463
830.96 20.248333
830.98 20.247290
831.00 20.247824
831.02 20.247994
831.04 20.247994
831.06 20.247941
831.08 20.247563
831.10 20.246533
831.12 20.245947
831.14 20.245947
831.16 20.245947
831.18 20.244734
831.20 20.244265
831.22 20.244434
831.24 20.244434
831.26 20.244434
831.28 20.243991
831.30 20.243952
831.32 20.244043
831.34 20.244043
831.36 20.244212
831.38 20.243521
831.40 20.242869
831.42 20.242700
831.44 20.242700
831.46 20.242622
831.48 20.242609
831.50 20.242309
831.52 20.242439
831.54 20.241670
831.56 20.241305
831.58 20.240549
831.60 20.240549
831.62 20.240549
831.64 20.240562
831.66 20.240627
831.68 20.240875
831.70 20.240875
831.72 20.240875
831.74 20.240562
831.76 20.240796
831.78 20.240535
831.80 20.240535
831.82 20.240366
831.84 20.241161
831.86 20.240848
831.88 20.240340
831.90 20.240496
831.92 20.240496
831.94 20.240627
831.96 20.239844
831.98 20.239662
832.00 20.239662
832.02 20.239662
832.04 20.239649
832.06 20.714023
832.08 20.733842
832.10 21.012831
832.12 21.012831
832.14 21.212754
832.16 21.212754
832.18 21.495068
832.20 21.495068
832.22 21.495068
832.24 21.495407
832.26 21.552321
832.28 21.602051
832.30 21.649811
832.32 21.649811
832.34 21.706139
832.36 21.706139
832.38 21.770015
832.40 21.825756
832.42 21.825756
832.44 21.851351
832.46 21.906374
832.48 22.068432
832.50 22.121278
832.52 22.121278
832.54 22.517472
832.56 22.517472
832.58 22.820309
832.60 22.913080
832.62 22.913080
832.64 22.957946
832.66 22.999761
832.68 23.166656
832.70 23.166656
832.72 23.288555
832.74 23.288555
832.76 23.413518
832.78 23.414653
832.80 23.470524
832.82 23.470524
832.84 23.525782
832.86 23.639440
832.88 23.830966
832.90 23.830966
832.92 23.830966
832.94 23.916474
832.96 24.328418
832.98 24.454724
833.00 24.527311
833.02 24.527311
833.04 24.392373
833.06 24.534521
833.08 24.500569
833.10 24.311625
833.12 24.311625
833.14 24.407550
833.16 24.560468
833.18 24.528680
833.20 24.504728
833.22 24.504728
833.24 24.560416
833.26 24.699813
833.28 24.784382
833.30 24.787511
833.32 24.787511
833.34 24.834790
833.36 25.026146
833.38 25.676582
833.40 25.826149
833.42 25.826149
833.44 26.236946
833.46 27.435908
833.48 28.521615
833.50 28.923690
833.52 28.923690
833.54 29.039069
833.56 30.304867
833.58 31.506306
833.60 31.855652
833.62 31.855652
833.64 32.747943
833.66 34.578200
833.68 35.074779
833.70 35.617111
833.72 35.617111
833.74 35.953849
833.76 36.958755
833.78 37.834513
833.80 38.251739
833.82 38.708798
833.84 40.185953
833.86 41.432114
833.88 42.220096
833.90 42.220096
833.92 42.220096
833.94 43.763175
833.96 44.625438
833.98 45.508406
834.00 45.508406
834.02 45.508406
834.04 47.298399
834.06 48.122224
834.08 49.006900
834.10 49.006900
834.12 49.006900
834.14 50.199577
834.16 50.861996
834.18 51.740635
834.20 51.740635
834.22 51.740635
834.24 53.599994
834.26 54.670968
834.28 55.548538
834.30 55.548538
834.32 55.548538
834.34 57.129129
834.36 57.907644
834.38 58.548732
834.40 58.548732
834.42 58.548732
834.44 59.173508
834.46 59.416340
834.48 59.442483
834.50 59.442483
834.52 59.442483
834.54 59.614033
834.56 59.646435
834.58 59.726714
834.60 59.726714
834.62 59.726714
834.64 59.732268
834.66 59.824622
834.68 59.884339
834.70 59.884339
834.72 59.884339
834.74 59.880831
834.76 59.807045
834.78 59.729413
834.80 59.729413
834.82 59.729413
834.84 59.638025
834.86 59.625338
834.88 59.688849
834.90 59.688849
834.92 59.688849
834.94 59.706373
834.96 59.688237
834.98 59.618336
835.00 59.618336
835.02 59.618336
835.04 59.479669
835.06 59.492826
835.08 59.570523
835.10 59.570523
835.12 59.570523
835.14 59.733611
835.16 59.842380
835.18 59.865381
835.20 59.865381
835.22 59.865381
835.24 59.953692
835.26 59.910429
835.28 59.911564
835.30 59.911564
835.32 59.911564
835.34 59.858939
835.36 59.897312
835.38 59.956704
835.40 59.956704
835.42 59.956704
835.44 60.022380
835.46 60.047688
835.48 60.063530
835.50 60.063530
835.52 60.063530
835.54 59.931800
835.56 59.945634
835.58 59.926975
835.60 59.926975
835.62 59.926975
835.64 59.992782
835.66 59.994855
835.68 59.930535
835.70 59.930535
835.72 59.930535
835.74 59.907861
835.76 59.976014
835.78 60.096661
835.80 60.096661
835.82 60.096661
835.84 60.178205
835.86 60.107914
835.88 60.107914
835.90 60.107914
835.92 60.107914
835.94 60.080845
835.96 60.170969
835.98 60.216643
836.00 60.216643
836.02 60.242473
836.04 60.263843
836.06 60.252865
836.08 60.252865
836.10 60.252865
836.12 60.244064
836.14 60.177540
836.16 60.153210
836.18 60.153210
836.20 60.153210
836.22 60.086491
836.24 60.075212
836.26 60.057441
836.28 60.057441
836.30 60.057441
836.32 60.060101
836.34 60.070140
836.36 60.005221
836.38 60.005221
836.40 60.005221
836.42 59.895617
836.44 59.864194
836.46 59.886581
836.48 59.886581
836.50 59.886581
836.52 60.119727
836.54 60.123795
836.56 60.049904
836.58 60.049904
836.60 60.049904
836.62 59.965622
836.64 59.908095
836.66 59.868210
836.68 59.868210
836.70 59.868210
836.72 58.962854
836.74 58.410913
836.76 57.650365
836.78 57.650365
836.80 57.650365
836.82 55.837371
836.84 54.723279
836.86 53.688853
836.88 53.688853
836.90 53.688853
836.92 51.804016
836.94 50.849283
836.96 49.902060
836.98 49.902060
837.00 49.902060
837.02 47.856352
837.04 47.370412
837.06 45.921172
837.08 45.921172
837.10 45.921172
837.12 43.901985
837.14 42.899947
837.16 41.870789
837.18 41.870789
837.20 41.870789
837.22 40.050611
837.24 39.706415
837.26 38.165514
837.28 38.165514
837.30 38.165514
837.32 36.279125
837.34 35.651142
837.36 34.271282
837.38 34.271282
837.40 34.271282
837.42 32.220958
837.44 31.755515
837.46 30.316550
837.48 30.316550
837.50 30.316550
837.52 28.393184
837.54 27.251228
837.56 26.172392
837.58 26.172392
837.60 26.172392
837.62 24.230680
837.64 23.846651
837.66 22.556171
837.68 22.556171
837.70 22.556171
837.72 21.300217
837.74 21.059718
837.76 20.517999
837.78 20.517999
837.80 20.517999
837.82 20.448698
837.84 20.443300
837.86 20.427002
837.88 20.427002
837.90 20.427002
837.92 20.416128
837.94 20.414355
837.96 20.406557
837.98 20.406557
838.00 20.406557
838.02 20.399699
838.04 20.397848
838.06 20.392723
838.08 20.392723
838.10 20.392723
838.12 20.386960
838.14 20.383753
838.16 20.380584
838.18 20.380584
838.20 20.379476
838.22 20.378407
838.24 20.375577
838.26 20.375577
838.28 20.375577
838.30 20.371992
838.32 20.369580
838.34 20.366476
838.36 20.366476
838.38 20.366476
838.40 20.362760
838.42 20.362591
838.44 20.360296
838.46 20.360296
838.48 20.360296
838.50 20.356815
838.52 20.355967
838.54 20.353894
838.56 20.353894
838.58 20.353894
838.60 20.363986
838.62 20.369945
838.64 20.377207
838.66 20.377207
838.68 20.377207
838.70 20.378407
838.72 20.376920
838.74 20.374743
838.76 20.374743
838.78 20.374743
838.80 20.371731
838.82 20.369997
838.84 20.366776
838.86 20.366776
838.88 20.366776
838.90 20.362943
838.92 20.361026
838.94 20.359110
838.96 20.359110
838.98 20.359110
839.00 20.355876
839.02 20.353829
839.04 20.352290
839.06 20.352290
839.08 20.352290
839.10 20.349057
839.12 20.346697
839.14 20.344232
839.16 20.344232
839.18 20.344232
839.20 20.341064
839.22 20.340099
839.24 20.336892
839.26 20.336892
839.28 20.336892
839.30 20.334284
839.32 20.331650
839.34 20.329303
839.36 20.329303
839.38 20.329303
839.40 20.326747
839.42 20.324857
839.44 20.323018
839.46 20.323018
839.48 20.323018
839.50 20.368810
839.52 20.450002
839.54 20.511519
839.56 20.511519
839.58 20.511519
839.60 20.549683
839.62 20.554977
839.64 20.546254
839.66 20.546254
839.68 20.546254
839.70 20.538731
839.72 20.535862
839.74 20.535862
839.76 20.535862
839.78 20.535862
839.80 20.534897
839.82 20.532329
839.84 20.530973
839.86 20.530973
839.88 20.530973
839.90 20.530686
839.92 20.531286
839.94 20.530608
839.96 20.530608
839.98 20.530608
840.00 20.530060
840.02 20.529030
840.04 20.528182
840.06 20.528182
840.08 20.528182
840.10 20.526761
840.12 20.525940
840.14 20.526253
840.16 20.526253
840.18 20.526253
840.20 20.525105
840.22 20.523528
840.24 20.523006
840.26 20.523006
840.28 20.523006
840.30 20.521481
840.32 20.522485
840.34 20.522954
840.36 20.522954
840.38 20.522954
840.40 20.522967
840.42 20.521872
840.44 20.521872
840.46 20.521872
840.48 20.521859
840.50 20.497607
840.52 20.452545
840.54 20.452545
840.56 20.452545
840.58 20.356384
840.60 20.281060
840.62 20.260628
840.64 20.260628
840.66 20.260628
840.68 20.259416
840.70 20.257747
840.72 20.257460
840.74 20.257460
840.76 20.257460
840.78 20.257147
840.80 20.257056
840.82 20.257707
840.84 20.257707
840.86 20.257707
840.88 20.257890
840.90 20.257486
840.92 20.256990
840.94 20.256990
840.96 20.256990
840.98 20.256912
841.00 20.256573
841.02 20.257290
841.04 20.257290
841.06 20.257290
841.08 20.257655
841.10 20.257877
841.12 20.258333
841.14 20.258333
841.16 20.258333
841.18 20.258307
841.20 20.258659
841.22 20.258399
841.24 20.258399
841.26 20.258399
841.28 20.258751
841.30 20.259011
841.32 20.259220
841.34 20.259220
841.36 20.259220
841.38 20.258490
841.40 20.257108
841.42 20.256508
841.44 20.256508
841.46 20.256508
841.48 20.255556
841.50 20.254839
841.52 20.254630
841.54 20.254630
841.56 20.254630
841.58 20.254513
841.60 20.254239
841.62 20.253431
841.64 20.253431
841.66 20.253431
841.68 20.252896
841.70 20.252935
841.72 20.252375
841.74 20.252375
841.76 20.252375
841.78 20.251631
841.80 20.251253
841.82 20.250888
841.84 20.250888
841.86 20.250888
841.88 20.250288
841.90 20.249545
841.92 20.248750
841.94 20.248750
841.96 20.248750
841.98 20.249076
842.00 20.248906
842.02 20.249415
842.04 20.249415
842.06 20.249415
842.08 20.248463
842.10 20.247498
842.12 20.246833
842.14 20.246833
842.16 20.246833
842.18 20.246246
842.20 20.245568
842.22 20.244825
842.24 20.244825
842.26 20.243899
842.28 20.243665
842.30 20.242817
842.32 20.242374
842.34 20.242374
842.36 20.242374
842.38 20.242165
842.40 20.325222
842.42 20.325313
842.44 20.325313
842.46 20.325313
842.48 20.352760
842.50 20.620118
842.52 20.619636
842.54 20.619636
842.56 20.707934
842.58 20.708012
842.60 20.771798
842.62 20.771628
842.64 20.771628
842.66 21.029521
842.68 21.090620
842.70 21.090711
842.72 21.090711
842.74 21.090711
842.76 21.174264
842.78 21.232208
842.80 21.452040
842.82 21.452040
842.84 21.452040
842.86 21.508746
842.88 21.766651
842.90 21.766651
842.92 21.766651
842.94 21.824713
842.96 21.824413
842.98 21.869566
843.00 21.927653
843.02 21.927653
843.04 21.927653
843.06 21.985141
843.08 22.335739
843.10 22.393226
843.12 22.393226
843.14 22.393226
843.16 22.451092
843.18 22.478839
843.20 22.598769
843.22 22.751191
843.24 22.751191
843.26 23.442829
843.28 23.443312
843.30 23.633077
843.32 23.703512
843.34 23.703512
843.36 23.930542
843.38 23.930021
843.40 24.015437
843.42 24.073433
843.44 24.073433
843.46 24.019140
843.48 24.019140
843.50 24.019140
843.52 24.064880
843.54 24.064880
843.56 24.187092
843.58 24.181733
843.60 24.295287
843.62 24.295287
843.64 24.295287
843.66 24.157807
843.68 24.188526
843.70 24.188526
843.72 24.259939
843.74 24.356791
843.76 24.356791
843.78 24.356048
843.80 24.319500
843.82 24.377535
843.84 24.377535
843.86 24.492041
843.88 24.594812
843.90 24.511586
843.92 24.590470
843.94 24.590470
843.96 25.098459
843.98 25.432732
844.00 26.101996
844.02 26.453233
844.04 26.453233
844.06 27.674960
844.08 28.172073
844.10 29.509623
844.12 29.569015
844.14 29.569015
844.16 30.998748
844.18 31.430460
844.20 32.771856
844.22 33.125792
844.24 33.125792
844.26 33.743957
844.28 34.344781
844.30 35.773184
844.32 36.263714
844.34 36.263714
844.36 37.387468
844.38 37.748223
844.40 38.521301
844.42 39.163966
844.44 39.163966
844.46 40.476612
844.48 40.931167
844.50 41.908014
844.52 42.960368
844.54 42.960368
844.56 44.259167
844.58 44.914467
844.60 45.763000
844.62 46.602223
844.64 46.602223
844.66 47.838475
844.68 48.219414
844.70 49.287324
844.72 50.095215
844.74 50.095215
844.76 51.440419
844.78 52.038309
844.80 52.890284
844.82 53.812134
844.84 53.812134
844.86 55.229063
844.88 55.571708
844.90 55.925591
844.92 55.925591
844.94 56.821403
844.96 56.956497
844.98 57.421809
845.00 58.532459
845.02 58.532459
845.04 58.784302
845.06 58.817694
845.08 58.922421
845.10 58.871505
845.12 58.967326
845.14 59.059393
845.16 59.044242
845.18 58.964171
845.20 59.079107
845.22 59.079107
845.24 59.067855
845.26 59.114012
845.28 59.179636
845.30 59.116463
845.32 59.116463
845.34 59.346140
845.36 59.327364
845.38 59.370470
845.40 59.422547
845.42 59.493451
845.44 59.451793
845.46 59.508368
845.48 59.450489
845.50 59.469903
845.52 59.387916
845.54 59.418049
845.56 59.358031
845.58 59.346636
845.60 59.313335
845.62 59.284337
845.64 59.272263
845.66 59.269785
845.68 59.301443
845.70 59.320141
845.72 59.319398
845.74 59.290074
845.76 59.311861
845.78 59.374291
845.80 59.342020
845.82 59.304442
845.84 59.317259
845.86 59.270516
845.88 59.274219
845.90 59.290686
845.92 59.288157
845.94 59.272080
845.96 59.361187
845.98 59.456982
846.00 59.448051
846.02 59.451754
846.04 59.633852
846.06 59.626133
846.08 59.667062
846.10 59.672629
846.12 59.689097
846.14 59.591242
846.16 59.576325
846.18 59.731199
846.20 59.780903
846.22 59.665758
846.24 59.819015
846.26 59.810814
846.28 59.697442
846.30 59.686242
846.32 59.743821
846.34 59.652498
846.36 59.699750
846.38 59.780603
846.40 59.788231
846.42 59.756194
846.44 59.834401
846.46 59.847009
846.48 59.864298
846.50 59.829368
846.52 59.919622
846.54 59.929922
846.56 59.960720
846.58 60.032758
846.60 60.075656
846.62 60.066177
846.64 60.000514
846.66 59.977879
846.68 60.007724
846.70 59.974762
846.72 59.990317
846.74 60.066477
846.76 60.085904
846.78 59.982872
846.80 59.970577
846.82 59.997137
846.84 59.888915
846.86 60.005703
846.88 60.030998
846.90 60.066711
846.92 60.038769
846.94 60.069580
846.96 59.971372
846.98 59.980278
847.00 60.011558
847.02 60.011558
847.04 59.928749
847.06 59.910938
847.08 59.938762
847.10 59.905227
847.12 59.940223
847.14 59.920365
847.16 59.927367
847.18 59.955856
847.20 59.991582
847.22 60.023475
847.24 59.997345
847.26 59.929609
847.28 59.876203
847.30 59.880049
847.32 59.524901
847.34 59.175242
847.36 58.620379
847.38 58.262519
847.40 57.855411
847.42 56.864117
847.44 55.877635
847.46 54.899810
847.48 54.455294
847.50 53.953539
847.52 53.007293
847.54 52.034658
847.56 51.048201
847.58 50.578899
847.60 50.035759
847.62 49.069121
847.64 48.113227
847.66 47.102818
847.68 46.661667
847.70 46.163614
847.72 45.302746
847.74 44.283237
847.76 43.324161
847.78 42.864716
847.80 42.321420
847.82 41.327401
847.84 40.372498
847.86 39.278602
847.88 38.783170
847.90 38.323282
847.92 37.366971
847.94 36.423047
847.96 35.577134
847.98 35.094050
848.00 34.565331
848.02 33.588888
848.04 32.548060
848.06 31.514729
848.08 31.064163
848.10 30.664683
848.12 29.790242
848.14 28.891393
848.16 27.899799
848.18 27.327987
848.20 26.814196
848.22 25.815653
848.24 24.802493
848.26 23.911571
848.28 23.526799
848.30 23.101189
848.32 22.327355
848.34 21.584031
848.36 20.913085
848.38 20.649651
848.40 20.569476
848.42 20.503735
848.44 20.452949
848.46 20.438346
848.48 20.432361
848.50 20.430184
848.52 20.425698
848.54 20.421330
848.56 20.415906
848.58 20.413324
848.60 20.413324
848.62 20.408617
848.64 20.404223
848.66 20.399530
848.68 20.397900
848.70 20.397900
848.72 20.394927
848.74 20.391419
848.76 20.388681
848.78 20.387338
848.80 20.387338
848.82 20.382775
848.84 20.379528
848.86 20.377468
848.88 20.375929
848.90 20.375929
848.92 20.373178
848.94 20.370766
848.96 20.368028
848.98 20.366933
849.00 20.366933
849.02 20.364208
849.04 20.363008
849.06 20.361561
849.08 20.360870
849.10 20.360870
849.12 20.359031
849.14 20.357232
849.16 20.354820
849.18 20.353998
849.20 20.353998
849.22 20.355667
849.24 20.357740
849.26 20.364351
849.28 20.367598
849.30 20.370675
849.32 20.373791
849.34 20.374026
849.36 20.373739
849.38 20.373739
849.40 20.373452
849.42 20.372044
849.44 20.369280
849.46 20.368119
849.48 20.368119
849.50 20.366124
849.52 20.364521
849.54 20.363425
849.56 20.362421
849.58 20.362421
849.60 20.360296
849.62 20.358079
849.64 20.356671
849.66 20.355498
849.68 20.355498
849.70 20.353711
849.72 20.351325
849.74 20.348887
849.76 20.347909
849.78 20.347909
849.80 20.346006
849.82 20.344141
849.84 20.342394
849.86 20.341533
849.88 20.341533
849.90 20.339995
849.92 20.338143
849.94 20.336474
849.96 20.335457
849.98 20.335457
850.00 20.334062
850.02 20.331741
850.04 20.330372
850.06 20.329577
850.08 20.329577
850.10 20.328117
850.12 20.326969
850.14 20.325613
850.16 20.324609
850.18 20.324609
850.20 20.323214
850.22 20.319941
850.24 20.315365
850.26 20.313670
850.28 20.313670
850.30 20.303473
850.32 20.292338
850.34 20.284254
850.36 20.280199
850.38 20.280199
850.40 20.279691
850.42 20.279417
850.44 20.278648
850.46 20.278139
850.48 20.278139
850.50 20.277305
850.52 20.275896
850.54 20.274241
850.56 20.273915
850.58 20.273915
850.60 20.274097
850.62 20.273380
850.64 20.273002
850.66 20.272832
850.68 20.272832
850.70 20.272207
850.72 20.270785
850.74 20.270616
850.76 20.270094
850.78 20.270094
850.80 20.269781
850.82 20.269064
850.84 20.268634
850.86 20.268490
850.88 20.268490
850.90 20.267656
850.92 20.266535
850.94 20.266026
850.96 20.265687
850.98 20.265687
851.00 20.265531
851.02 20.265100
851.04 20.264435
851.06 20.264057
851.08 20.264057
851.10 20.263327
851.12 20.262427
851.14 20.262062
851.16 20.261893
851.18 20.261893
851.20 20.261528
851.22 20.261763
851.24 20.260693
851.26 20.260485
851.28 20.260485
851.30 20.260498
851.32 20.260041
851.34 20.260067
851.36 20.260120
851.38 20.260120
851.40 20.259168
851.42 20.258803
851.44 20.258333
851.46 20.258503
851.48 20.258503
851.50 20.258464
851.52 20.258464
851.54 20.258633
851.56 20.258633
851.58 20.258724
851.60 20.258516
851.62 20.258607
851.64 20.258620
851.66 20.258620
851.68 20.258620
851.70 20.258086
851.72 20.257303
851.74 20.257642
851.76 20.257642
851.78 20.257825
851.80 20.258060
851.82 20.257773
851.84 20.257642
851.86 20.257642
851.88 20.257694
851.90 20.257903
851.92 20.257460
851.94 20.257251
851.96 20.257251
851.98 20.257421
852.00 20.257199
852.02 20.257173
852.04 20.257173
852.06 20.257173
852.08 20.256456
852.10 20.256795
852.12 20.256651
852.14 20.256651
852.16 20.256651
852.18 20.256651
852.20 20.256717
852.22 20.256847
852.24 20.256886
852.26 20.256886
852.28 20.256690
852.30 20.255856
852.32 20.256117
852.34 20.256234
852.36 20.256234
852.38 20.255869
852.40 20.255504
852.42 20.255113
852.44 20.254943
852.46 20.254943
852.48 20.254943
852.50 20.255504
852.52 20.255269
852.54 20.255061
852.56 20.255061
852.58 20.254370
852.60 20.253522
852.62 20.253144
852.64 20.252518
852.66 20.252518
852.68 20.252088
852.70 20.252088
852.72 20.251358
852.74 20.250953
852.76 20.250953
852.78 20.250706
852.80 20.249676
852.82 20.249415
852.84 20.249415
852.86 20.249415
852.88 20.249311
852.90 20.249128
852.92 20.248619
852.94 20.248893
852.96 20.248893
852.98 20.248633
853.00 20.247981
853.02 20.247003
853.04 20.247003
853.06 20.247003
853.08 20.246820
853.10 20.246638
853.12 20.252270
853.14 20.252270
853.16 20.252270
853.18 20.261358
853.20 20.261502
853.22 20.546854
853.24 20.546606
853.26 20.546606
853.28 20.566973
853.30 20.567299
853.32 20.667736
853.34 20.667566
853.36 20.667566
853.38 20.667214
853.40 20.666197
853.42 20.724363
853.44 20.783024
853.46 20.783024
853.48 21.028308
853.50 21.028491
853.52 21.131118
853.54 21.338734
853.56 21.338734
853.58 21.497832
853.60 21.497623
853.62 21.559101
853.64 21.666814
853.66 21.723076
853.68 21.723076
853.70 21.793315
853.72 21.792272
853.74 21.792272
853.76 21.837425
853.78 21.837490
853.80 21.871404
853.82 22.001843
853.84 22.001843
853.86 22.069110
853.88 22.298474
853.90 22.398338
853.92 22.766238
853.94 22.766238
853.96 22.766238
853.98 22.954686
854.00 22.959328
854.02 23.122638
854.04 23.122638
854.06 23.122638
854.08 23.665596
854.10 23.696341
854.12 23.891869
854.14 23.891869
854.16 23.891869
854.18 24.052102
854.20 24.052102
854.22 24.043197
854.24 24.043197
854.26 24.071373
854.28 24.186231
854.30 24.076406
854.32 24.164352
854.34 24.434123
854.36 24.434123
854.38 24.434123
854.40 24.434123
854.42 24.434123
854.44 24.434123
854.46 24.376909
854.48 24.503789
854.50 24.556322
854.52 24.388827
854.54 24.388827
854.56 24.293644
854.58 24.413353
854.60 24.420367
854.62 24.490203
854.64 24.490203
854.66 24.490203
854.68 24.708158
854.70 24.838519
854.72 24.908367
854.74 24.908367
854.76 24.908367
854.78 25.389209
854.80 26.276832
854.82 27.076809
854.84 27.076809
854.86 27.076809
854.88 27.999024
854.90 28.809053
854.92 29.693795
854.94 29.693795
854.96 29.693795
854.98 30.828619
855.00 31.634255
855.02 32.739572
855.04 32.739572
855.06 32.739572
855.08 33.496691
855.10 34.397874
855.12 35.464128
855.14 35.464128
855.16 35.464128
855.18 36.560918
855.20 37.536565
855.22 38.861611
855.24 38.861611
855.26 38.861611
855.28 40.166512
855.30 41.115391
855.32 42.235612
855.34 42.235612
855.36 42.235612
855.38 43.576356
855.40 44.614798
855.42 46.035783
855.44 46.035783
855.46 46.035783
855.48 47.266780
855.50 48.258035
855.52 49.669371
855.54 49.669371
855.56 49.669371
855.58 50.924412
855.60 51.696551
855.62 52.823761
855.64 52.823761
855.66 52.823761
855.68 54.195772
855.70 55.070539
855.72 56.356481
855.74 56.356481
855.76 56.356481
855.78 57.120967
855.80 57.245317
855.82 57.758795
855.84 57.758795
855.86 57.758795
855.88 58.097801
855.90 58.241944
855.92 58.529865
855.94 58.529865
855.96 58.619558
855.98 58.696525
856.00 58.754887
856.02 58.754887
856.04 58.754887
856.06 58.768773
856.08 58.786023
856.10 58.955539
856.12 58.955539
856.14 58.955539
856.16 58.975111
856.18 59.094623
856.20 59.253396
856.22 59.253396
856.24 59.253396
856.26 59.474141
856.28 59.475458
856.30 59.347014
856.32 59.347014
856.34 59.347014
856.36 59.167210
856.38 59.101377
856.40 59.109553
856.42 59.109553
856.44 59.109553
856.46 59.079459
856.48 59.100543
856.50 59.008737
856.52 59.008737
856.54 59.008737
856.56 58.917479
856.58 58.891402
856.60 58.901598
856.62 58.901598
856.64 58.901598
856.66 58.916906
856.68 58.950767
856.70 58.954183
856.72 58.954183
856.74 58.954183
856.76 58.865103
856.78 58.811983
856.80 58.700554
856.82 58.700554
856.84 58.700554
856.86 58.722459
856.88 58.693644
856.90 58.670813
856.92 58.670813
856.94 58.670813
856.96 58.636521
856.98 58.630419
857.00 58.537192
857.02 58.537192
857.04 58.537192
857.06 58.656301
857.08 58.722251
857.10 58.822362
857.12 58.822362
857.14 58.822362
857.16 58.911338
857.18 58.929997
857.20 58.954236
857.22 58.954236
857.24 58.954236
857.26 58.932735
857.28 58.861869
857.30 58.877985
857.32 58.877985
857.34 58.877985
857.36 58.999232
857.38 59.044059
857.40 59.084923
857.42 59.100986
857.44 59.100986
857.46 59.136008
857.48 59.081467
857.50 59.059249
857.52 59.065782
857.54 59.065782
857.56 59.067073
857.58 59.083228
857.60 59.175294
857.62 59.162920
857.64 59.204813
857.66 59.288705
857.68 59.250840
857.70 59.251375
857.72 59.195139
857.74 59.181331
857.76 59.202519
857.78 59.206652
857.80 59.264648
857.82 59.367823
857.84 59.360248
857.86 59.358423
857.88 59.425181
857.90 59.423081
857.92 59.378111
857.94 59.407357
857.96 59.508681
857.98 59.471481
858.00 59.477322
858.02 59.669748
858.04 59.761671
858.06 59.725045
858.08 59.768294
858.10 59.802052
858.12 59.691366
858.14 59.614737
858.16 59.647243
858.18 59.559010
858.20 59.371057
858.22 59.239822
858.24 58.477032
858.26 58.168823
858.28 57.766396
858.30 56.919023
858.32 56.471848
858.34 54.900918
858.36 54.418264
858.38 54.010792
858.40 53.071248
858.42 52.582792
858.44 51.197508
858.46 50.720187
858.48 50.136743
858.50 49.127443
858.52 48.674869
858.54 47.255632
858.56 46.726052
858.58 46.249500
858.60 45.379623
858.62 44.840759
858.64 43.360566
858.66 42.868837
858.68 42.514823
858.70 41.500724
858.72 41.044317
858.74 39.665213
858.76 39.153365
858.78 38.552124
858.80 37.647955
858.82 37.225983
858.84 35.657036
858.86 35.214802
858.88 34.658140
858.90 33.564127
858.92 33.033087
858.94 31.658885
858.96 31.080827
858.98 30.660811
859.00 29.850820
859.02 29.354723
859.04 27.879055
859.06 27.400312
859.08 26.964298
859.10 25.759039
859.12 25.285316
859.14 23.998057
859.16 23.570517
859.18 22.996658
859.20 22.264482
859.22 21.856749
859.24 20.955930
859.26 20.691049
859.28 20.614577
859.30 20.510685
859.32 20.459860
859.34 20.438372
859.36 20.435321
859.38 20.432674
859.40 20.427172
859.42 20.424759
859.44 20.418957
859.46 20.416219
859.48 20.414407
859.50 20.409843
859.52 20.408774
859.54 20.403128
859.56 20.401655
859.58 20.399008
859.60 20.394731
859.62 20.393545
859.64 20.389125
859.66 20.387664
859.68 20.386139
859.70 20.382879
859.72 20.382005
859.74 20.378628
859.76 20.377403
859.78 20.375643
859.80 20.373113
859.82 20.371940
859.84 20.368550
859.86 20.367337
859.88 20.366229
859.90 20.363608
859.92 20.362813
859.94 20.359462
859.96 20.358262
859.98 20.357454
860.00 20.356137
860.02 20.355446
860.04 20.352382
860.06 20.352043
860.08 20.353047
860.10 20.356045
860.12 20.357610
860.14 20.368823
860.16 20.372578
860.18 20.374860
860.20 20.374834
860.22 20.375017
860.24 20.372774
860.26 20.371679
860.28 20.370440
860.30 20.369097
860.32 20.368602
860.34 20.366098
860.36 20.364834
860.38 20.364312
860.40 20.364312
860.42 20.362604
860.44 20.361222
860.46 20.359540
860.48 20.357571
860.50 20.356854
860.52 20.354546
860.54 20.353516
860.56 20.352525
860.58 20.351677
860.60 20.350700
860.62 20.348392
860.64 20.347257
860.66 20.346618
860.68 20.345419
860.70 20.344558
860.72 20.343567
860.74 20.342277
860.76 20.341260
860.78 20.340595
860.80 20.340229
860.82 20.338235
860.84 20.337165
860.86 20.335953
860.88 20.334831
860.90 20.334440
860.92 20.332172
860.94 20.331037
860.96 20.330164
860.98 20.328860
861.00 20.327725
861.02 20.326043
861.04 20.325678
861.06 20.324361
861.08 20.323410
861.10 20.322862
861.12 20.309145
861.14 20.304204
861.16 20.298258
861.18 20.290148
861.20 20.286523
861.22 20.284046
861.24 20.282781
861.26 20.282259
861.28 20.281673
861.30 20.281151
861.32 20.279573
861.34 20.279482
861.36 20.278413
861.38 20.277513
861.40 20.277174
861.42 20.276757
861.44 20.276249
861.46 20.276249
861.48 20.275401
861.50 20.275310
861.52 20.274892
861.54 20.274892
861.56 20.274410
861.58 20.273563
861.60 20.273289
861.62 20.271933
861.64 20.271672
861.66 20.271176
861.68 20.270498
861.70 20.270498
861.72 20.269729
861.74 20.269481
861.76 20.269481
861.78 20.268634
861.80 20.267786
861.82 20.266926
861.84 20.266417
861.86 20.265883
861.88 20.265192
861.90 20.265231
861.92 20.264801
861.94 20.264514
861.96 20.264957
861.98 20.264292
862.00 20.264279
862.02 20.263366
862.04 20.263027
862.06 20.262962
862.08 20.262806
862.10 20.262740
862.12 20.262454
862.14 20.262075
862.16 20.261567
862.18 20.260706
862.20 20.260354
862.22 20.259559
862.24 20.259546
862.26 20.259559
862.28 20.259246
862.30 20.259077
862.32 20.258842
862.34 20.258033
862.36 20.257473
862.38 20.257316
862.40 20.257069
862.42 20.255843
862.44 20.255673
862.46 20.255634
862.48 20.255308
862.50 20.255308
862.52 20.255048
862.54 20.254878
862.56 20.255426
862.58 20.255491
862.60 20.255752
862.62 20.255739
862.64 20.255334
862.66 20.255008
862.68 20.254852
862.70 20.254696
862.72 20.254526
862.74 20.254826
862.76 20.254656
862.78 20.254643
862.80 20.254200
862.82 20.254174
862.84 20.254070
862.86 20.254370
862.88 20.254122
862.90 20.254057
862.92 20.254252
862.94 20.253626
862.96 20.253548
862.98 20.253079
863.00 20.252127
863.02 20.251944
863.04 20.252127
863.06 20.252010
863.08 20.251997
863.10 20.251997
863.12 20.251462
863.14 20.251175
863.16 20.250745
863.18 20.250536
863.20 20.250197
863.22 20.250549
863.24 20.251071
863.26 20.250849
863.28 20.250510
863.30 20.249363
863.32 20.249193
863.34 20.249558
863.36 20.249102
863.38 20.248932
863.40 20.248646
863.42 20.248476
863.44 20.247759
863.46 20.247211
863.48 20.247550
863.50 20.247185
863.52 20.247355
863.54 20.247355
863.56 20.246638
863.58 20.246507
863.60 20.246390
863.62 20.246051
863.64 20.245634
863.66 20.245399
863.68 20.245177
863.70 20.244499
863.72 20.244499
863.74 20.244186
863.76 20.243665
863.78 20.243013
863.80 20.242022
863.82 20.242217
863.84 20.242335
863.86 20.242178
863.88 20.242100
863.90 20.241957
863.92 20.241605
863.94 20.241448
863.96 20.240666
863.98 20.240979
864.00 20.241266
864.02 20.241266
864.04 20.240966
864.06 20.240444
864.08 20.240105
864.10 20.261802
864.12 20.261789
864.14 20.261789
864.16 20.261736
864.18 20.262023
864.20 20.651007
864.22 20.901650
864.24 20.901650
864.26 20.901442
864.28 20.901298
864.30 21.020302
864.32 21.020133
864.34 21.113138
864.36 21.112786
864.38 21.112956
864.40 21.253982
864.42 21.253878
864.44 21.311705
864.46 21.311848
864.48 21.311626
864.50 21.646513
864.52 21.646513
864.54 21.704430
864.56 21.704000
864.58 21.909725
864.60 21.909725
864.62 21.909399
864.64 21.956951
864.66 22.316141
864.68 22.316141
864.70 22.425093
864.72 22.424689
864.74 22.480638
864.76 22.480638
864.78 22.538360
864.80 22.538360
864.82 22.583839
864.84 22.604167
864.86 22.650193
864.88 23.264173
864.90 23.287382
864.92 23.356996
864.94 23.488921
864.96 23.488921
864.98 23.597481
865.00 23.928339
865.02 23.974261
865.04 24.004315
865.06 24.084673
865.08 24.140987
865.10 24.319878
865.12 24.388514
865.14 24.672614
865.16 24.758500
865.18 24.552176
865.20 24.753872
865.22 24.709110
865.24 24.835233
865.26 24.896254
865.28 24.763129
865.30 24.878782
865.32 24.705759
865.34 24.762790
865.36 24.820538
865.38 24.818856
865.40 24.969558
865.42 24.968802
865.44 25.014815
865.46 25.053801
865.48 25.029171
865.50 24.904847
865.52 24.903895
865.54 24.974421
865.56 24.974421
865.58 25.072929
865.60 25.117951
865.62 25.118356
865.64 25.134341
865.66 25.134341
865.68 24.830748
865.70 24.960274
865.72 24.959896
865.74 25.029523
865.76 25.029523
865.78 25.025272
865.80 25.043357
865.82 25.085042
865.84 25.143964
865.86 25.143964
865.88 25.146676
865.90 24.861871
865.92 25.017371
865.94 25.704002
865.96 25.704002
865.98 26.233713
866.00 26.871241
866.02 27.375617
866.04 27.673343
866.06 28.136999
866.08 28.815703
866.10 29.533628
866.12 30.373959
866.14 30.938940
866.16 31.092562
866.18 31.890022
866.20 32.773160
866.22 33.462230
866.24 33.835841
866.26 34.172631
866.28 35.013354
866.30 35.790435
866.32 36.609409
866.34 37.168300
866.36 37.625920
866.38 38.409937
866.40 39.142217
866.42 40.054810
866.44 40.515910
866.46 40.899431
866.48 41.648740
866.50 42.511902
866.52 43.377764
866.54 43.886078
866.56 44.330306
866.58 45.246732
866.60 46.079671
866.62 46.987178
866.64 47.367830
866.66 47.776294
866.68 48.573415
866.70 49.476372
866.72 50.314657
866.74 50.894892
866.76 51.260211
866.78 52.087921
866.80 52.814881
866.82 53.644613
866.84 54.071265
866.86 54.552472
866.88 56.110858
866.90 56.523742
866.92 56.888330
866.94 56.923717
866.96 57.215719
866.98 57.670992
867.00 58.006074
867.02 58.089834
867.04 58.089834
867.06 58.217092
867.08 58.244539
867.10 58.367089
867.12 58.376243
867.14 58.485807
867.16 58.558576
867.18 58.558015
867.20 58.701884
867.22 58.650955
867.24 58.699172
867.26 58.772606
867.28 58.838778
867.30 58.876108
867.32 58.962189
867.34 59.005034
867.36 59.017239
867.38 59.005399
867.40 59.183665
867.42 59.169322
867.44 59.141641
867.46 59.233277
867.48 59.462471
867.50 59.389650
867.52 59.449407
867.54 59.507950
867.56 59.556089
867.58 59.532581
867.60 59.571970
867.62 59.551265
867.64 59.541004
867.66 59.521863
867.68 59.577238
867.70 59.513153
867.72 59.485667
867.74 59.502944
867.76 59.550274
867.78 59.558436
867.80 59.512670
867.82 59.685342
867.84 59.701797
867.86 59.818767
867.88 59.901224
867.90 59.961724
867.92 59.909634
867.94 59.843489
867.96 59.825652
867.98 59.832653
868.00 59.796784
868.02 59.804724
868.04 59.796002
868.06 59.732321
868.08 59.712071
868.10 59.796367
868.12 59.748293
868.14 59.708368
868.16 59.729987
868.18 59.822731
868.20 59.823826
868.22 59.755060
868.24 59.789795
868.26 59.724484
868.28 59.574995
868.30 59.528252
868.32 59.433486
868.34 59.341394
868.36 59.098926
868.38 59.049666
868.40 58.939932
868.42 58.825517
868.44 58.755421
868.46 58.711038
868.48 58.676889
868.50 58.609727
868.52 58.562957
868.54 58.566269
868.56 58.556933
868.58 58.512132
868.60 58.482652
868.62 58.534950
868.64 58.513084
868.66 58.534989
868.68 58.507764
868.70 58.553087
868.72 58.506838
868.74 58.527374
868.76 58.525379
868.78 58.505013
868.80 58.551496
868.82 58.528013
868.84 58.549462
868.86 58.515444
868.88 58.478675
868.90 58.542577
868.92 58.608019
868.94 58.625817
868.96 58.659522
868.98 58.713919
869.00 58.744534
869.02 58.781264
869.04 58.817694
869.06 58.870084
869.08 58.844593
869.10 58.842272
869.12 58.773910
869.14 58.773910
869.16 58.762293
869.18 58.774484
869.20 58.783937
869.22 58.800979
869.24 58.817603
869.26 58.908900
869.28 58.914494
869.30 59.078912
869.32 59.109605
869.34 59.114416
869.36 59.053708
869.38 58.869940
869.40 58.343946
869.42 58.004692
869.44 57.656910
869.46 56.919115
869.48 56.004345
869.50 54.977377
869.52 54.611224
869.54 54.158494
869.56 53.252956
869.58 52.338773
869.60 51.387690
869.62 50.880289
869.64 50.448903
869.66 48.952855
869.68 48.461100
869.70 47.511191
869.72 47.044822
869.74 46.549078
869.76 45.655783
869.78 44.806650
869.80 43.823361
869.82 43.326169
869.84 42.895423
869.86 41.870997
869.88 40.731623
869.90 39.780280
869.92 39.290572
869.94 38.747940
869.96 37.681634
869.98 36.721985
870.00 35.685903
870.02 35.225454
870.04 34.785150
870.06 33.927542
870.08 32.952768
870.10 32.077519
870.12 31.540415
870.14 31.041241
870.16 29.980347
870.18 29.077273
870.20 28.060019
870.22 27.575253
870.24 26.989097
870.26 25.906832
870.28 24.875275
870.30 23.809726
870.32 23.407168
870.34 23.029007
870.36 22.250466
870.38 21.533884
870.40 21.221555
870.42 20.973376
870.44 20.840551
870.46 20.749632
870.48 20.708221
870.50 20.698859
870.52 20.694322
870.54 20.691753
870.56 20.676967
870.58 20.639729
870.60 20.571093
870.62 20.539617
870.64 20.504413
870.66 20.446769
870.68 20.410039
870.70 20.401329
870.72 20.397978
870.74 20.395905
870.76 20.392906
870.78 20.389737
870.80 20.387260
870.82 20.385917
870.84 20.384887
870.86 20.382344
870.88 20.380219
870.90 20.376960
870.92 20.375838
870.94 20.374782
870.96 20.372422
870.98 20.370753
871.00 20.368158
871.02 20.367063
871.04 20.366007
871.06 20.364599
871.08 20.362474
871.10 20.360374
871.12 20.359618
871.14 20.358601
871.16 20.357180
871.18 20.355459
871.20 20.353581
871.22 20.352642
871.24 20.351847
871.26 20.350334
871.28 20.349057
871.30 20.346658
871.32 20.346658
871.34 20.346488
871.36 20.346136
871.38 20.345184
871.40 20.344350
871.42 20.343633
871.44 20.343163
871.46 20.343163
871.48 20.341312
871.50 20.340855
871.52 20.340686
871.54 20.340138
871.56 20.338913
871.58 20.338665
871.60 20.340855
871.62 20.342342
871.64 20.355680
871.66 20.359383
871.68 20.364416
871.70 20.365616
871.72 20.366568
871.74 20.364951
871.76 20.364729
871.78 20.362943
871.80 20.362343
871.82 20.361548
871.84 20.360348
871.86 20.358601
871.88 20.357336
871.90 20.356293
871.92 20.355693
871.94 20.353229
871.96 20.352681
871.98 20.350869
872.00 20.350022
872.02 20.349330
872.04 20.347766
872.06 20.346279
872.08 20.345536
872.10 20.345015
872.12 20.344324
872.14 20.342485
872.16 20.340829
872.18 20.339473
872.20 20.338495
872.22 20.337922
872.24 20.335353
872.26 20.335183
872.28 20.334062
872.30 20.333541
872.32 20.332576
872.34 20.330607
872.36 20.329707
872.38 20.328469
872.40 20.327777
872.42 20.326917
872.44 20.324400
872.46 20.323475
872.48 20.322080
872.50 20.321271
872.52 20.320450
872.54 20.318259
872.56 20.316056
872.58 20.314648
872.60 20.313161
872.62 20.310723
872.64 20.301387
872.66 20.291087
872.68 20.282285
872.70 20.277578
872.72 20.275714
872.74 20.272337
872.76 20.271998
872.78 20.272011
872.80 20.271828
872.82 20.271998
872.84 20.271281
872.86 20.270942
872.88 20.270355
872.90 20.270199
872.92 20.270016
872.94 20.269625
872.96 20.269273
872.98 20.268295
873.00 20.268112
873.02 20.267278
873.04 20.266587
873.06 20.265909
873.08 20.265583
873.10 20.265257
873.12 20.265074
873.14 20.264944
873.16 20.264422
873.18 20.263914
873.20 20.263549
873.22 20.263327
873.24 20.262871
873.26 20.262297
873.28 20.261958
873.30 20.261632
873.32 20.261723
873.34 20.260459
873.36 20.260289
873.38 20.259846
873.40 20.259676
873.42 20.259350
873.44 20.259455
873.46 20.259481
873.48 20.258412
873.50 20.257551
873.52 20.257551
873.54 20.257056
873.56 20.257212
873.58 20.257212
873.60 20.257003
873.62 20.256482
873.64 20.256482
873.66 20.256769
873.68 20.256599
873.70 20.256782
873.72 20.256273
873.74 20.256560
873.76 20.255556
873.78 20.255387
873.80 20.254865
873.82 20.254396
873.84 20.254383
873.86 20.254044
873.88 20.254096
873.90 20.253718
873.92 20.253001
873.94 20.252648
873.96 20.253248
873.98 20.253287
874.00 20.253665
874.02 20.253340
874.04 20.253379
874.06 20.253613
874.08 20.253444
874.10 20.253457
874.12 20.252727
874.14 20.252740
874.16 20.253040
874.18 20.252870
874.20 20.252961
874.22 20.252688
874.24 20.253561
874.26 20.252857
874.28 20.252518
874.30 20.252518
874.32 20.252635
874.34 20.252753
874.36 20.253092
874.38 20.253366
874.40 20.253235
874.42 20.252987
874.44 20.252609
874.46 20.252635
874.48 20.252531
874.50 20.252544
874.52 20.252518
874.54 20.252518
874.56 20.251853
874.58 20.251618
874.60 20.251618
874.62 20.250966
874.64 20.250484
874.66 20.250354
874.68 20.249832
874.70 20.249962
874.72 20.249571
874.74 20.248985
874.76 20.248267
874.78 20.248515
874.80 20.248176
874.82 20.248411
874.84 20.248385
874.86 20.248241
874.88 20.247994
874.90 20.248320
874.92 20.247707
874.94 20.247081
874.96 20.246924
874.98 20.246546
875.00 20.246429
875.02 20.246077
875.04 20.246351
875.06 20.245321
875.08 20.244982
875.10 20.244982
875.12 20.245034
875.14 20.244538
875.16 20.244708
875.18 20.244708
875.20 20.244356
875.22 20.244030
875.24 20.243534
875.26 20.243261
875.28 20.243013
875.30 20.242387
875.32 20.242387
875.34 20.241670
875.36 20.240327
875.38 20.240327
875.40 20.240601
875.42 20.240601
875.44 20.240262
875.46 20.240627
875.48 20.240183
875.50 20.240014
875.52 20.238880
875.54 20.238880
875.56 20.238488
875.58 20.238593
875.60 20.289378
875.62 20.288440
875.64 20.288440
875.66 20.496811
875.68 20.496811
875.70 20.525562
875.72 20.842233
875.74 20.842233
875.76 21.014500
875.78 21.014396
875.80 21.014396
875.82 21.070358
875.84 21.116502
875.86 21.116502
875.88 21.116672
875.90 21.500127
875.92 21.519529
875.94 21.577655
875.96 21.599612
875.98 21.835808
876.00 22.072174
876.02 22.083088
876.04 22.146912
876.06 22.147421
876.08 22.200827
876.10 22.306362
876.12 22.308462
876.14 22.355062
876.16 22.684133
876.18 22.860899
876.20 22.889167
876.22 22.889167
876.24 22.945585
876.26 23.013373
876.28 23.062582
876.30 23.175510
876.32 23.175679
876.34 23.304124
876.36 23.372759
876.38 23.486457
876.40 23.485375
876.42 23.485375
876.44 23.544023
876.46 23.602397
876.48 23.660902
876.50 23.776946
876.52 23.832256
876.54 23.882586
876.56 23.957233
876.58 24.044136
876.60 24.140179
876.62 24.446588
876.64 24.448609
876.66 24.503359
876.68 24.575437
876.70 24.433119
876.72 24.804670
876.74 24.589975
876.76 24.724626
876.78 24.786925
876.80 24.745409
876.82 24.879356
876.84 24.876057
876.86 24.934353
876.88 24.991984
876.90 24.827384
876.92 24.927325
876.94 24.927104
876.96 24.973835
876.98 24.743102
877.00 24.610667
877.02 24.690699
877.04 24.690947
877.06 24.712161
877.08 24.706958
877.10 24.706280
877.12 24.842835
877.14 24.842352
877.16 24.623145
877.18 24.622272
877.20 24.621594
877.22 24.708849
877.24 24.708771
877.26 24.665078
877.28 24.667112
877.30 24.667347
877.32 24.755932
877.34 24.755306
877.36 24.770665
877.38 24.770105
877.40 24.779727
877.42 24.936166
877.44 24.969480
877.46 25.338097
877.48 25.533130
877.50 26.094720
877.52 26.752640
877.54 27.154767
877.56 28.184760
877.58 28.558802
877.60 29.373538
877.62 29.950853
877.64 29.950853
877.66 31.242324
877.68 31.700139
877.70 32.510626
877.72 33.186474
877.74 33.186474
877.76 34.288388
877.78 34.681531
877.80 35.464454
877.82 36.199746
877.84 36.199746
877.86 37.668674
877.88 38.058779
877.90 38.872655
877.92 39.756432
877.94 40.528336
877.96 40.528336
877.98 41.334872
878.00 42.170340
878.02 42.997307
878.04 42.997307
878.06 44.488948
878.08 45.270293
878.10 45.270293
878.12 45.703569
878.14 46.827232
878.16 47.212109
878.18 48.405646
878.20 49.476633
878.22 49.476633
878.24 50.526314
878.26 50.868163
878.28 51.850851
878.30 52.819953
878.32 52.819953
878.34 54.078280
878.36 54.655086
878.38 55.452495
878.40 56.187578
878.42 56.187578
878.44 57.218431
878.46 57.471930
878.48 57.888086
878.50 58.323097
878.52 58.323097
878.54 58.549553
878.56 58.549553
878.58 58.705040
878.60 58.868910
878.62 58.868910
878.64 58.900151
878.66 58.900151
878.68 58.969230
878.70 59.013940
878.72 59.013940
878.74 58.986480
878.76 58.986480
878.78 58.968383
878.80 59.025166
878.82 59.025166
878.84 59.008229
878.86 59.008229
878.88 59.025283
878.90 59.015817
878.92 59.015817
878.94 59.035649
878.96 59.035649
878.98 59.157431
879.00 59.337287
879.02 59.337287
879.04 59.394631
879.06 59.394631
879.08 59.384513
879.10 59.254426
879.12 59.254426
879.14 59.257516
879.16 59.257516
879.18 59.155592
879.20 59.312839
879.22 59.312839
879.24 59.330324
879.26 59.330324
879.28 59.443148
879.30 59.256760
879.32 59.256760
879.34 59.400264
879.36 59.400264
879.38 59.479135
879.40 59.543337
879.42 59.543337
879.44 59.469173
879.46 59.469173
879.48 59.500427
879.50 59.450463
879.52 59.450463
879.54 59.548110
879.56 59.548110
879.58 59.443187
879.60 59.410069
879.62 59.410069
879.64 59.404671
879.66 59.404671
879.68 59.416184
879.70 59.562935
879.72 59.562935
879.74 59.580420
879.76 59.580420
879.78 59.557967
879.80 59.469252
879.82 59.469252
879.84 59.540026
879.86 59.540026
879.88 59.541525
879.90 59.547849
879.92 59.547849
879.94 59.440671
879.96 59.440671
879.98 59.366115
880.00 59.206365
880.02 59.206365
880.04 59.203966
880.06 59.203966
880.08 59.193835
880.10 59.313739
880.12 59.313739
880.14 59.219612
880.16 59.219612
880.18 59.303008
880.20 59.305681
880.22 59.305681
880.24 59.359805
880.26 59.359805
880.28 59.207147
880.30 59.133635
880.32 59.132709
880.34 59.132709
880.36 59.067803
880.38 59.123309
880.40 59.123309
880.42 59.123791
880.44 59.123791
880.46 59.201554
880.48 59.148499
880.50 59.148499
880.52 59.011058
880.54 59.011058
880.56 58.901677
880.58 58.843824
880.60 58.764170
880.62 58.823627
880.64 58.823627
880.66 58.920387
880.68 59.069732
880.70 59.096788
880.72 59.046537
880.74 59.046537
880.76 59.057711
880.78 59.007890
880.80 59.001853
880.82 59.115107
880.84 59.115107
880.86 58.830303
880.88 58.495195
880.90 58.279574
880.92 57.133471
880.94 57.133471
880.96 56.274455
880.98 55.361615
881.00 54.878713
881.02 53.645864
881.04 53.645864
881.06 52.633943
881.08 51.665415
881.10 51.172995
881.12 49.532843
881.14 49.532843
881.16 48.596272
881.18 47.636884
881.20 47.237639
881.22 45.933103
881.24 45.933103
881.26 44.928144
881.28 43.975028
881.30 43.428458
881.32 41.907414
881.34 41.907414
881.36 41.006140
881.38 40.112219
881.40 39.688604
881.42 38.274256
881.44 38.274256
881.46 37.266416
881.48 36.181465
881.50 35.657036
881.52 34.280083
881.54 34.280083
881.56 33.362888
881.58 32.496426
881.60 31.905564
881.62 30.426636
881.64 30.426636
881.66 29.546927
881.68 28.601295
881.70 28.108171
881.72 26.640573
881.74 26.640573
881.76 25.551867
881.78 24.459418
881.80 24.059352
881.82 22.478069
881.84 22.478069
881.86 21.737757
881.88 21.156766
881.90 20.885274
881.92 20.538718
881.94 20.538718
881.96 20.479874
881.98 20.439884
882.00 20.433469
882.02 20.422073
882.04 20.422073
882.06 20.417406
882.08 20.412229
882.10 20.410013
882.12 20.402920
882.14 20.402920
882.16 20.399751
882.18 20.396974
882.20 20.395735
882.22 20.391028
882.24 20.391028
882.26 20.388329
882.28 20.385956
882.30 20.384365
882.32 20.379306
882.34 20.379306
882.36 20.377077
882.38 20.372813
882.40 20.372813
882.42 20.369527
882.44 20.369527
882.46 20.367115
882.48 20.365368
882.50 20.363399
882.52 20.362539
882.54 20.361522
882.56 20.360883
882.58 20.360883
882.60 20.358445
882.62 20.358445
882.64 20.357571
882.66 20.355693
882.68 20.355693
882.70 20.352747
882.72 20.352747
882.74 20.351547
882.76 20.350517
882.78 20.350517
882.80 20.347609
882.82 20.347609
882.84 20.346671
882.86 20.345406
882.88 20.345406
882.90 20.342720
882.92 20.342720
882.94 20.342237
882.96 20.341559
882.98 20.341559
883.00 20.339512
883.02 20.339512
883.04 20.338639
883.06 20.338287
883.08 20.338287
883.10 20.339252
883.12 20.339252
883.14 20.346618
883.16 20.354050
883.18 20.354050
883.20 20.363386
883.22 20.363386
883.24 20.362317
883.26 20.361026
883.28 20.361026
883.30 20.357441
883.32 20.357441
883.34 20.355915
883.36 20.353751
883.38 20.353751
883.40 20.351273
883.42 20.351273
883.44 20.349565
883.46 20.348001
883.48 20.348001
883.50 20.345393
883.52 20.345393
883.54 20.343333
883.56 20.341820
883.58 20.341820
883.60 20.338313
883.62 20.338313
883.64 20.336422
883.66 20.334166
883.68 20.334166
883.70 20.330568
883.72 20.330568
883.74 20.329029
883.76 20.327504
883.78 20.327504
883.80 20.324700
883.82 20.324700
883.84 20.322849
883.86 20.321050
883.88 20.321050
883.90 20.317998
883.92 20.317998
883.94 20.315938
883.96 20.314035
883.98 20.314035
884.00 20.312027
884.02 20.312027
884.04 20.310462
884.06 20.308989
884.08 20.308989
884.10 20.307541
884.12 20.307541
884.14 20.298858
884.16 20.289509
884.18 20.289509
884.20 20.272154
884.22 20.272154
884.24 20.269116
884.26 20.267304
884.28 20.267304
884.30 20.266052
884.32 20.266052
884.34 20.265061
884.36 20.264657
884.38 20.264657
884.40 20.263119
884.42 20.263119
884.44 20.263171
884.46 20.263158
884.48 20.263158
884.50 20.262675
884.52 20.262675
884.54 20.262062
884.56 20.268165
884.58 20.324400
884.60 20.363777
884.62 20.363777
884.64 20.429532
884.66 20.490214
884.68 20.506303
884.70 20.515887
884.72 20.516604
884.74 20.515874
884.76 20.515874
884.78 20.527348
884.80 20.527348
884.82 20.526135
884.84 20.526201
884.86 20.526201
884.88 20.525340
884.90 20.525340
884.92 20.525901
884.94 20.525757
884.96 20.525757
884.98 20.525692
885.00 20.525692
885.02 20.526305
885.04 20.526800
885.06 20.526800
885.08 20.526174
885.10 20.526174
885.12 20.526474
885.14 20.526253
885.16 20.526253
885.18 20.525770
885.20 20.525770
885.22 20.525940
885.24 20.526031
885.26 20.526031
885.28 20.525184
885.30 20.525184
885.32 20.524258
885.34 20.523632
885.36 20.523632
885.38 20.523176
885.40 20.523176
885.42 20.524597
885.44 20.524727
885.46 20.524727
885.48 20.523358
885.50 20.523358
885.52 20.521950
885.54 20.522159
885.56 20.522159
885.58 20.503409
885.60 20.499419
885.62 20.439832
885.64 20.373191
885.66 20.373191
885.68 20.292456
885.70 20.263431
885.72 20.257147
885.74 20.256065
885.76 20.256065
885.78 20.254852
885.80 20.254448
885.82 20.254383
885.84 20.253665
885.86 20.253665
885.88 20.253027
885.90 20.252596
885.92 20.252453
885.94 20.252179
885.96 20.252179
885.98 20.252075
886.00 20.251970
886.02 20.250901
886.04 20.251136
886.06 20.251136
886.08 20.250458
886.10 20.250288
886.12 20.250262
886.14 20.249623
886.16 20.249623
886.18 20.248163
886.20 20.248163
886.22 20.247772
886.24 20.247563
886.26 20.247563
886.28 20.247720
886.30 20.247211
886.32 20.246364
886.34 20.245542
886.36 20.245542
886.38 20.245360
886.40 20.245647
886.42 20.244943
886.44 20.245073
886.46 20.245073
886.48 20.245008
886.50 20.244656
886.52 20.245334
886.54 20.245634
886.56 20.245634
886.58 20.245451
886.60 20.245112
886.62 20.245138
886.64 20.245177
886.66 20.245177
886.68 20.243795
886.70 20.243065
886.72 20.243065
886.74 20.242726
886.76 20.242726
886.78 20.242374
886.80 20.242374
886.82 20.242244
886.84 20.241944
886.86 20.241944
886.88 20.241905
886.90 20.241944
886.92 20.241631
886.94 20.241096
886.96 20.240509
886.98 20.240118
887.00 20.240014
887.02 20.240040
887.04 20.240040
887.06 20.309523
887.08 20.462780
887.10 20.462780
887.12 20.462754
887.14 20.462754
887.16 20.764027
887.18 20.763714
887.20 21.020185
887.22 21.020081
887.24 21.020081
887.26 21.081584
887.28 21.081754
887.30 21.130649
887.32 21.130310
887.34 21.130310
887.36 21.178162
887.38 21.178332
887.40 21.233407
887.42 21.232742
887.44 21.232742
887.46 21.470438
887.48 21.738618
887.50 21.805311
887.52 21.835235
887.54 21.835235
887.56 22.096544
887.58 22.223345
887.60 22.268146
887.62 22.268120
887.64 22.268120
887.66 22.326481
887.68 22.449345
887.70 22.769654
887.72 22.798300
887.74 22.798300
887.76 22.904591
887.78 22.962275
887.80 23.131713
887.82 23.134620
887.84 23.134620
887.86 23.200948
887.88 23.320083
887.90 23.450692
887.92 23.449636
887.94 23.450222
887.96 23.550425
887.98 23.618917
888.00 23.708702
888.02 23.708532
888.04 23.732406
888.06 23.812725
888.08 23.860955
888.10 23.910163
888.12 23.910163
888.14 24.236652
888.16 24.091792
888.18 24.198514
888.20 24.016741
888.22 24.436236
888.24 24.436236
888.26 24.537403
888.28 24.604291
888.30 24.658454
888.32 24.784200
888.34 24.784200
888.36 24.840748
888.38 24.897767
888.40 24.956454
888.42 25.063619
888.44 25.063619
888.46 25.037698
888.48 24.879617
888.50 24.953338
888.52 25.037359
888.54 25.037359
888.56 24.808243
888.58 24.808243
888.60 24.740898
888.62 24.843095
888.64 24.843095
888.66 24.841283
888.68 24.841283
888.70 24.772230
888.72 24.882759
888.74 24.882759
888.76 24.880660
888.78 24.880660
888.80 24.706606
888.82 24.790941
888.84 24.790941
888.86 24.791032
888.88 24.791032
888.90 24.791071
888.92 24.904821
888.94 24.904821
888.96 24.905068
888.98 24.905068
889.00 24.906724
889.02 25.035338
889.04 25.035338
889.06 25.033265
889.08 25.031348
889.10 25.031101
889.12 25.031101
889.14 24.857516
889.16 24.803536
889.18 24.775216
889.20 24.769492
889.22 24.693242
889.24 24.663539
889.26 24.599793
889.28 24.578084
889.30 24.578084
889.32 24.299864
889.34 24.297399
889.36 24.294453
889.38 24.294296
889.40 24.294296
889.42 24.292862
889.44 24.304597
889.46 24.303841
889.48 24.304479
889.50 24.304479
889.52 24.316684
889.54 24.720910
889.56 24.841909
889.58 25.587162
889.60 25.587162
889.62 26.230936
889.64 26.739745
889.66 27.577391
889.68 28.773275
889.70 28.773275
889.72 29.616736
889.74 30.055267
889.76 30.869078
889.78 32.112932
889.80 32.112932
889.82 32.979797
889.84 33.453455
889.86 34.284751
889.88 35.530821
889.90 35.530821
889.92 36.334579
889.94 36.823583
889.96 37.698676
889.98 38.938174
890.00 38.938174
890.02 39.852371
890.04 40.257444
890.06 41.138548
890.08 42.499594
890.10 42.499594
890.12 43.266165
890.14 43.833532
890.16 44.753647
890.18 45.996784
890.20 45.996784
890.22 46.956628
890.24 47.327736
890.26 48.183819
890.28 49.495578
890.30 49.495578
890.32 50.339821
890.34 50.881919
890.36 51.803456
890.38 52.214279
890.40 53.139545
890.42 53.923823
890.44 54.390818
890.46 55.065076
890.48 55.927664
890.50 56.385453
890.52 57.244991
890.54 57.283977
890.56 57.944192
890.58 58.254735
890.60 58.482469
890.62 58.624865
890.64 58.582046
890.66 58.675051
890.68 58.682131
890.70 58.774406
890.72 58.909708
890.74 58.909604
890.76 58.932917
890.78 58.980561
890.80 59.046250
890.82 58.999897
890.84 59.074648
890.86 59.157196
890.88 59.176898
890.90 59.214697
890.92 59.312213
890.94 59.306450
890.96 59.249888
890.98 59.256981
891.00 59.221751
891.02 59.127181
891.04 59.162307
891.06 59.170274
891.08 59.200628
891.10 59.195712
891.12 59.267269
891.14 59.291860
891.16 59.247176
891.18 59.249562
891.20 59.352803
891.22 59.361513
891.24 59.372439
891.26 59.368619
891.28 59.407852
891.30 59.236719
891.32 59.236719
891.34 59.243760
891.36 59.252900
891.38 59.177954
891.40 59.262066
891.42 59.401985
891.44 59.438871
891.46 59.438871
891.48 59.449159
891.50 59.449159
891.52 59.415741
891.54 59.356219
891.56 59.376116
891.58 59.268586
891.60 59.196156
891.62 59.296775
891.64 59.414737
891.66 59.413342
891.68 59.383170
891.70 59.471012
891.72 59.461350
891.74 59.367667
891.76 59.330572
891.78 59.322683
891.80 59.245025
891.82 59.307246
891.84 59.343715
891.86 59.380640
891.88 59.360313
891.90 59.403523
891.92 59.404201
891.94 59.372387
891.96 59.302134
891.98 59.343402
892.00 59.410330
892.02 59.428323
892.04 59.435938
892.06 59.467869
892.08 59.417970
892.10 59.337456
892.12 59.259602
892.14 59.226184
892.16 59.174811
892.18 59.220734
892.20 59.258442
892.22 59.275340
892.24 59.278169
892.26 59.336061
892.28 59.255026
892.30 59.284702
892.32 59.338199
892.34 59.478587
892.36 59.492773
892.38 59.528356
892.40 59.657022
892.42 59.663411
892.44 59.604111
892.46 59.661990
892.48 59.706387
892.50 59.584761
892.52 59.642732
892.54 59.786418
892.56 59.803916
892.58 59.849643
892.60 59.972415
892.62 59.901067
892.64 59.859826
892.66 59.838925
892.68 59.873921
892.70 59.871144
892.72 59.940875
892.74 59.973484
892.76 60.010567
892.78 60.007868
892.80 60.103702
892.82 60.058797
892.84 60.074587
892.86 60.077755
892.88 60.071353
892.90 59.974110
892.92 59.750927
892.94 59.328929
892.96 58.996742
892.98 58.254357
893.00 57.319690
893.02 56.854404
893.04 56.001229
893.06 55.473617
893.08 54.494893
893.10 53.585065
893.12 53.109347
893.14 52.146765
893.16 51.729943
893.18 50.781560
893.20 49.732935
893.22 49.282082
893.24 48.326645
893.26 47.794470
893.28 46.805275
893.30 45.859917
893.32 45.353597
893.34 44.275440
893.36 43.762484
893.38 42.798010
893.40 41.841986
893.42 41.315118
893.44 40.378874
893.46 39.906233
893.48 38.861455
893.50 37.803729
893.52 36.813960
893.54 36.303038
893.56 35.776235
893.58 34.833120
893.60 33.320721
893.62 32.908919
893.64 32.447935
893.66 31.208176
893.68 30.528937
893.70 30.112181
893.72 29.183121
893.74 28.859305
893.76 27.779739
893.78 26.825253
893.80 26.217988
893.82 25.225064
893.84 24.754510
893.86 23.882521
893.88 22.736027
893.90 22.383539
893.92 21.654179
893.94 21.326856
893.96 20.746698
893.98 20.587835
894.00 20.529330
894.02 20.458960
894.04 20.446977
894.06 20.427576
894.08 20.420926
894.10 20.417992
894.12 20.413181
894.14 20.411303
894.16 20.407301
894.18 20.403193
894.20 20.401368
894.22 20.395827
894.24 20.394457
894.26 20.390820
894.28 20.387625
894.30 20.386673
894.32 20.383844
894.34 20.383179
894.36 20.380676
894.38 20.378302
894.40 20.376764
894.42 20.374326
894.44 20.372839
894.46 20.370571
894.48 20.368184
894.50 20.367115
894.52 20.364103
894.54 20.363595
894.56 20.361339
894.58 20.359018
894.60 20.357806
894.62 20.356632
894.64 20.356632
894.66 20.354103
894.68 20.352212
894.70 20.351117
894.72 20.348679
894.74 20.348679
894.76 20.346006
894.78 20.344976
894.80 20.344167
894.82 20.342616
894.84 20.342616
894.86 20.340881
894.88 20.339734
894.90 20.339421
894.92 20.337961
894.94 20.337961
894.96 20.336383
894.98 20.335575
895.00 20.334453
895.02 20.333671
895.04 20.333671
895.06 20.332641
895.08 20.331767
895.10 20.331937
895.12 20.334532
895.14 20.334532
895.16 20.344571
895.18 20.353229
895.20 20.355550
895.22 20.359670
895.24 20.359670
895.26 20.358066
895.28 20.356880
895.30 20.355693
895.32 20.353972
895.34 20.353972
895.36 20.351208
895.38 20.349226
895.40 20.348887
895.42 20.347023
895.44 20.347023
895.46 20.344676
895.48 20.342876
895.50 20.342616
895.52 20.340751
895.54 20.340751
895.56 20.338313
895.58 20.336722
895.60 20.336657
895.62 20.334792
895.64 20.334792
895.66 20.332328
895.68 20.330268
895.70 20.329420
895.72 20.328912
895.74 20.328912
895.76 20.327191
895.78 20.324896
895.80 20.324726
895.82 20.323240
895.84 20.322653
895.86 20.321323
895.88 20.320567
895.90 20.320567
895.92 20.320567
895.94 20.318142
895.96 20.316382
895.98 20.315886
896.00 20.313696
896.02 20.313696
896.04 20.312001
896.06 20.310671
896.08 20.310501
896.10 20.308884
896.12 20.308884
896.14 20.298845
896.16 20.288453
896.18 20.284854
896.20 20.274932
896.22 20.274932
896.24 20.269468
896.26 20.267917
896.28 20.267395
896.30 20.266365
896.32 20.266365
896.34 20.265557
896.36 20.265153
896.38 20.265153
896.40 20.265231
896.42 20.265231
896.44 20.264905
896.46 20.264396
896.48 20.264227
896.50 20.263536
896.52 20.263536
896.54 20.262819
896.56 20.262819
896.58 20.262467
896.60 20.262336
896.62 20.262336
896.64 20.262219
896.66 20.261202
896.68 20.261215
896.70 20.261215
896.72 20.261215
896.74 20.260120
896.76 20.260250
896.78 20.259715
896.80 20.258281
896.82 20.258281
896.84 20.257408
896.86 20.256730
896.88 20.256547
896.90 20.256208
896.92 20.256208
896.94 20.255465
896.96 20.254304
896.98 20.254317
897.00 20.253431
897.02 20.253431
897.04 20.252036
897.06 20.251514
897.08 20.251514
897.10 20.251266
897.12 20.251266
897.14 20.250197
897.16 20.249845
897.18 20.249845
897.20 20.249545
897.22 20.249545
897.24 20.248867
897.26 20.248711
897.28 20.249193
897.30 20.248646
897.32 20.248646
897.34 20.248554
897.36 20.248176
897.38 20.247837
897.40 20.247863
897.42 20.247863
897.44 20.247342
897.46 20.247224
897.48 20.247446
897.50 20.247185
897.52 20.247185
897.54 20.246807
897.56 20.247303
897.58 20.247081
897.60 20.247029
897.62 20.247029
897.64 20.247029
897.66 20.246755
897.68 20.246429
897.70 20.246416
897.72 20.246416
897.74 20.246585
897.76 20.246716
897.78 20.246598
897.80 20.246168
897.82 20.246168
897.84 20.245920
897.86 20.245829
897.88 20.245138
897.90 20.245347
897.92 20.244799
897.94 20.244890
897.96 20.245555
897.98 20.245555
898.00 20.245634
898.02 20.246181
898.04 20.246351
898.06 20.246312
898.08 20.246390
898.10 20.245881
898.12 20.246077
898.14 20.245282
898.16 20.245386
898.18 20.245555
898.20 20.245555
898.22 20.245738
898.24 20.246064
898.26 20.245960
898.28 20.245282
898.30 20.245282
898.32 20.245190
898.34 20.244864
898.36 20.244499
898.38 20.243704
898.40 20.243704
898.42 20.243052
898.44 20.242556
898.46 20.242387
898.48 20.242439
898.50 20.242439
898.52 20.241670
898.54 20.241553
898.56 20.241722
898.58 20.240757
898.60 20.240757
898.62 20.240718
898.64 20.239310
898.66 20.239401
898.68 20.239062
898.70 20.239062
898.72 20.238423
898.74 20.238514
898.76 20.238697
898.78 20.238606
898.80 20.238919
898.82 20.238501
898.84 20.238501
898.86 20.238749
898.88 20.238241
898.90 20.238241
898.92 20.238267
898.94 20.237289
898.96 20.237289
898.98 20.237237
899.00 20.237563
899.02 20.237237
899.04 20.236676
899.06 20.236324
899.08 20.253248
899.10 20.253600
899.12 20.311675
899.14 20.311857
899.16 20.311857
899.18 20.615763
899.20 20.645231
899.22 20.950923
899.24 20.950219
899.26 20.950141
899.28 21.034241
899.30 21.034241
899.32 21.096083
899.34 21.095731
899.36 21.095992
899.38 21.150898
899.40 21.150898
899.42 21.234242
899.44 21.319437
899.46 21.327886
899.48 21.399651
899.50 21.399651
899.52 21.811882
899.54 22.071444
899.56 22.092541
899.58 22.224805
899.60 22.224805
899.62 22.334565
899.64 22.334565
899.66 22.345192
899.68 22.438249
899.70 22.438249
899.72 22.747123
899.74 22.778142
899.76 22.778142
899.78 22.886129
899.80 22.886129
899.82 22.979616
899.84 23.036947
899.86 23.037834
899.88 23.080236
899.90 23.209306
899.92 23.255659
899.94 23.254511
899.96 23.253260
899.98 23.358156
